{
  "type": "FeatureCollection",
  "features": [
    {
      "type": "Feature",
      "properties": {
        "name": "NaturFreunde Berlin e. V.",
        "info": "Bürozeiten: montags bis freitags, je von 10.00 Uhr bis 16.00 Uhr",
        "category": "Refill Station",
        "source": "A TIP: TAB"
      },
      "geometry": {
        "type": "Point",
        "coordinates": [
          13.31716206544878,
          52.48161881811992
        ]
      }
    },
    {
      "type": "Feature",
      "properties": {
        "name": "Trinkwasserbrunnen",
        "info": "Eine Trinkwasserstation auf dem Campus der TU Berlin. Zudem ist auch das Wasser in den sanitären Anlagen der TU bedenkenlos trinkbar.",
        "category": "Refill Station",
        "source": "A TIP: TAB"
      },
      "geometry": {
        "type": "Point",
        "coordinates": [
          13.326200020185764,
          52.509899988076604
        ]
      }
    },
    {
      "type": "Feature",
      "properties": {
        "name": "Ormado Kaffeehaus",
        "info": "",
        "category": "Refill Station",
        "source": "A TIP: TAB"
      },
      "geometry": {
        "type": "Point",
        "coordinates": [
          13.501370480983224,
          52.51021560864067
        ]
      }
    },
    {
      "type": "Feature",
      "properties": {
        "name": "Atelier cocon coloré",
        "info": "",
        "category": "Refill Station",
        "source": "A TIP: TAB"
      },
      "geometry": {
        "type": "Point",
        "coordinates": [
          13.35525513317215,
          52.55039283658862
        ]
      }
    },
    {
      "type": "Feature",
      "properties": {
        "name": "Original Unverpackt",
        "info": "",
        "category": "Refill Station",
        "source": "A TIP: TAB"
      },
      "geometry": {
        "type": "Point",
        "coordinates": [
          13.430196053083145,
          52.49777288292431
        ]
      }
    },
    {
      "type": "Feature",
      "properties": {
        "name": "Rabenhaus e.V.",
        "info": "RH mit seinen sozial-kulturellen, gemeinwesenorientierten Projekten ist der Nachhaltigkeit, dem Klima- und Umweltschutz verpflichtet.\n\nÖffnungszeiten:\nMo: 10:00 – 17:00\nDi: 13:00 – 18:00\nMi: 10:00 – 17:00\nDo: 13:00 – 18:00\nFr: nach Vereinbarung",
        "category": "Refill Station",
        "source": "A TIP: TAB"
      },
      "geometry": {
        "type": "Point",
        "coordinates": [
          13.5794358391219,
          52.4547088017942
        ]
      }
    },
    {
      "type": "Feature",
      "properties": {
        "name": "Supermarché - Fair Trade Streetwear",
        "info": "",
        "category": "Refill Station",
        "source": "A TIP: TAB"
      },
      "geometry": {
        "type": "Point",
        "coordinates": [
          13.430099493558565,
          52.49780879937941
        ]
      }
    },
    {
      "type": "Feature",
      "properties": {
        "name": "denn's Biomarkt",
        "info": "Öffnungszeiten:\nMo-Sa 8-20 Uhr\n",
        "category": "Refill Station",
        "source": "A TIP: TAB"
      },
      "geometry": {
        "type": "Point",
        "coordinates": [
          13.270553989927542,
          52.45137821065792
        ]
      }
    },
    {
      "type": "Feature",
      "properties": {
        "name": "IGG MALZFABRIK mbH",
        "info": "Öffnungszeiten\nMontag bis Freitag 7.00 bis 21.00 Uhr\nSamstag und Sonntag 9.30 bis 17.00 Uhr\n\n",
        "category": "Refill Station",
        "source": "A TIP: TAB"
      },
      "geometry": {
        "type": "Point",
        "coordinates": [
          13.364243802318462,
          52.4667973921014
        ]
      }
    },
    {
      "type": "Feature",
      "properties": {
        "name": "denn's Biomarkt",
        "info": "Öffnungszeiten:\nMo-Sa 08-21 Uhr",
        "category": "Refill Station",
        "source": "A TIP: TAB"
      },
      "geometry": {
        "type": "Point",
        "coordinates": [
          13.293299122384424,
          52.510478004119584
        ]
      }
    },
    {
      "type": "Feature",
      "properties": {
        "name": "NIRGENDWO",
        "info": "Rund um diese Esche und dem ehem. Lokschuppen ist ein Stadtbiotop gediehen und gewachsen, welches ein Zuhause für zahlreiche Pfanzen und Tiere bietet.",
        "category": "Refill Station",
        "source": "A TIP: TAB"
      },
      "geometry": {
        "type": "Point",
        "coordinates": [
          13.444400026204251,
          52.51040001051054
        ]
      }
    },
    {
      "type": "Feature",
      "properties": {
        "name": "BIO COMPANY SE | Kladower Damm",
        "info": "Öffnungszeiten:\nMo - Sa: 08:00 - 20:00",
        "category": "Refill Station",
        "source": "A TIP: TAB"
      },
      "geometry": {
        "type": "Point",
        "coordinates": [
          13.144975394543714,
          52.455517487812564
        ]
      }
    },
    {
      "type": "Feature",
      "properties": {
        "name": "Kollateralschaden",
        "info": "",
        "category": "Refill Station",
        "source": "A TIP: TAB"
      },
      "geometry": {
        "type": "Point",
        "coordinates": [
          13.424692160182023,
          52.492945744885574
        ]
      }
    },
    {
      "type": "Feature",
      "properties": {
        "name": "Nachbarschaftstreff Lützowstraße 27",
        "info": "Mo-Fr von 11-18 Uhr geöffnet",
        "category": "Refill Station",
        "source": "A TIP: TAB"
      },
      "geometry": {
        "type": "Point",
        "coordinates": [
          13.363399996125791,
          52.50370002002627
        ]
      }
    },
    {
      "type": "Feature",
      "properties": {
        "name": "martas Gästehäuser Hauptbahnhof Berlin",
        "info": "Es gibt die Möglichkeit seine Wasserflasche nachzufüllen, da wir einen Wasserspender haben.",
        "category": "Refill Station",
        "source": "A TIP: TAB"
      },
      "geometry": {
        "type": "Point",
        "coordinates": [
          13.361899970733514,
          52.527199984773624
        ]
      }
    },
    {
      "type": "Feature",
      "properties": {
        "name": "soulbottles",
        "info": "",
        "category": "Refill Station",
        "source": "A TIP: TAB"
      },
      "geometry": {
        "type": "Point",
        "coordinates": [
          13.39871479822263,
          52.45448198749427
        ]
      }
    },
    {
      "type": "Feature",
      "properties": {
        "name": "Erica Naturkosmetik",
        "info": "Öffnungszeiten\nMo-Fr  11-18 Uhr\nSa 11-16 Uhr",
        "category": "Refill Station",
        "source": "A TIP: TAB"
      },
      "geometry": {
        "type": "Point",
        "coordinates": [
          13.43465472265829,
          52.48647001222077
        ]
      }
    },
    {
      "type": "Feature",
      "properties": {
        "name": "Der Sache wegen",
        "info": "Mo-Fr. 12:00-20:00 Sa. 10:00-20:00",
        "category": "Refill Station",
        "source": "A TIP: TAB"
      },
      "geometry": {
        "type": "Point",
        "coordinates": [
          13.41800390436221,
          52.544336701996784
        ]
      }
    },
    {
      "type": "Feature",
      "properties": {
        "name": "Ev. Dreieinigkeitskirchengemeinde",
        "info": "Refill-Station",
        "category": "Refill Station",
        "source": "A TIP: TAB"
      },
      "geometry": {
        "type": "Point",
        "coordinates": [
          13.473360088408628,
          52.43156045788506
        ]
      }
    },
    {
      "type": "Feature",
      "properties": {
        "name": "Wildeküche",
        "info": "",
        "category": "Refill Station",
        "source": "A TIP: TAB"
      },
      "geometry": {
        "type": "Point",
        "coordinates": [
          13.431537157591217,
          52.49869384453571
        ]
      }
    },
    {
      "type": "Feature",
      "properties": {
        "name": "Kiosk am Mariannen",
        "info": "",
        "category": "Refill Station",
        "source": "A TIP: TAB"
      },
      "geometry": {
        "type": "Point",
        "coordinates": [
          13.423754476673787,
          52.501603538404034
        ]
      }
    },
    {
      "type": "Feature",
      "properties": {
        "name": "Bäckerei Melek",
        "info": "",
        "category": "Refill Station",
        "source": "A TIP: TAB"
      },
      "geometry": {
        "type": "Point",
        "coordinates": [
          13.423474521107726,
          52.50116411713006
        ]
      }
    },
    {
      "type": "Feature",
      "properties": {
        "name": "Sporteve Potsdam",
        "info": "",
        "category": "Refill Station",
        "source": "A TIP: TAB"
      },
      "geometry": {
        "type": "Point",
        "coordinates": [
          13.097215394069075,
          52.3906092449979
        ]
      }
    },
    {
      "type": "Feature",
      "properties": {
        "name": "Sari Sari",
        "info": "",
        "category": "Refill Station",
        "source": "A TIP: TAB"
      },
      "geometry": {
        "type": "Point",
        "coordinates": [
          13.420480672931522,
          52.476567799447366
        ]
      }
    },
    {
      "type": "Feature",
      "properties": {
        "name": "Kleine Bar",
        "info": "Refill-Station",
        "category": "Refill Station",
        "source": "A TIP: TAB"
      },
      "geometry": {
        "type": "Point",
        "coordinates": [
          13.377621738881627,
          52.543785591863
        ]
      }
    },
    {
      "type": "Feature",
      "properties": {
        "name": "Mitte",
        "info": "Refill-Station",
        "category": "Refill Station",
        "source": "A TIP: TAB"
      },
      "geometry": {
        "type": "Point",
        "coordinates": [
          13.399194913636519,
          52.53309950350462
        ]
      }
    },
    {
      "type": "Feature",
      "properties": {
        "name": "Schatztruhe",
        "info": "",
        "category": "Refill Station",
        "source": "A TIP: TAB"
      },
      "geometry": {
        "type": "Point",
        "coordinates": [
          13.340156727163194,
          52.53118260415792
        ]
      }
    },
    {
      "type": "Feature",
      "properties": {
        "name": "KB Kiez Büro",
        "info": "",
        "category": "Refill Station",
        "source": "A TIP: TAB"
      },
      "geometry": {
        "type": "Point",
        "coordinates": [
          13.428418586695761,
          52.49629888334139
        ]
      }
    },
    {
      "type": "Feature",
      "properties": {
        "name": "Tante Frizzante",
        "info": "",
        "category": "Refill Station",
        "source": "A TIP: TAB"
      },
      "geometry": {
        "type": "Point",
        "coordinates": [
          13.429517035106903,
          52.47016670763035
        ]
      }
    },
    {
      "type": "Feature",
      "properties": {
        "name": "Kiez Zentrum Villa Lützow",
        "info": "",
        "category": "Refill Station",
        "source": "A TIP: TAB"
      },
      "geometry": {
        "type": "Point",
        "coordinates": [
          13.362800019496493,
          52.504299996655575
        ]
      }
    },
    {
      "type": "Feature",
      "properties": {
        "name": "Bündnis 90 / Die Grünen Kreisverband",
        "info": "",
        "category": "Refill Station",
        "source": "A TIP: TAB"
      },
      "geometry": {
        "type": "Point",
        "coordinates": [
          13.551709593064947,
          52.53448771430854
        ]
      }
    },
    {
      "type": "Feature",
      "properties": {
        "name": "Köpenicker Weinladen",
        "info": "",
        "category": "Refill Station",
        "source": "A TIP: TAB"
      },
      "geometry": {
        "type": "Point",
        "coordinates": [
          13.439220261498923,
          52.50266058021349
        ]
      }
    },
    {
      "type": "Feature",
      "properties": {
        "name": "Weitling-Apotheke",
        "info": "Apotheke, Refill-Station",
        "category": "Refill Station",
        "source": "A TIP: TAB"
      },
      "geometry": {
        "type": "Point",
        "coordinates": [
          13.49575468967471,
          52.50609829207235
        ]
      }
    },
    {
      "type": "Feature",
      "properties": {
        "name": "Jannimu Feinkost",
        "info": "Feinkost, Refill-Station",
        "category": "Refill Station",
        "source": "A TIP: TAB"
      },
      "geometry": {
        "type": "Point",
        "coordinates": [
          13.432014339338995,
          52.501625205623746
        ]
      }
    },
    {
      "type": "Feature",
      "properties": {
        "name": "Limomade",
        "info": "Limomade Refill Station",
        "category": "Refill Station",
        "source": "A TIP: TAB"
      },
      "geometry": {
        "type": "Point",
        "coordinates": [
          13.466918763456363,
          52.51821940416387
        ]
      }
    },
    {
      "type": "Feature",
      "properties": {
        "name": "Rudiemarie",
        "info": "Rudiemarie Refill Station",
        "category": "Refill Station",
        "source": "A TIP: TAB"
      },
      "geometry": {
        "type": "Point",
        "coordinates": [
          13.438874507992935,
          52.48890759539274
        ]
      }
    },
    {
      "type": "Feature",
      "properties": {
        "name": "Café Fishtank",
        "info": "Café Fishtank Refill Station",
        "category": "Refill Station",
        "source": "A TIP: TAB"
      },
      "geometry": {
        "type": "Point",
        "coordinates": [
          13.447596297342143,
          52.48384098638028
        ]
      }
    },
    {
      "type": "Feature",
      "properties": {
        "name": "Gardinen Gold",
        "info": "Gardinen und refill-station für Trinkwasser",
        "category": "Refill Station",
        "source": "A TIP: TAB"
      },
      "geometry": {
        "type": "Point",
        "coordinates": [
          13.425600004114955,
          52.48599999700021
        ]
      }
    },
    {
      "type": "Feature",
      "properties": {
        "name": "Cigköftem",
        "info": "Imbiss und refill-station für Trinkwasser",
        "category": "Refill Station",
        "source": "A TIP: TAB"
      },
      "geometry": {
        "type": "Point",
        "coordinates": [
          13.433900016096374,
          52.48209998127171
        ]
      }
    },
    {
      "type": "Feature",
      "properties": {
        "name": "Villa di Wow",
        "info": "Villa di Wow, Refill Station",
        "category": "Refill Station",
        "source": "A TIP: TAB"
      },
      "geometry": {
        "type": "Point",
        "coordinates": [
          13.429835882703697,
          52.495340706079894
        ]
      }
    },
    {
      "type": "Feature",
      "properties": {
        "name": "kids in berlin kib gUG",
        "info": "kids in berlin Refill Station",
        "category": "Refill Station",
        "source": "A TIP: TAB"
      },
      "geometry": {
        "type": "Point",
        "coordinates": [
          13.296618607498994,
          52.495619613908055
        ]
      }
    },
    {
      "type": "Feature",
      "properties": {
        "name": "Pizza Prima",
        "info": "Pizzeria Imbiss, Refill-Station für Trinkwasser",
        "category": "Refill Station",
        "source": "A TIP: TAB"
      },
      "geometry": {
        "type": "Point",
        "coordinates": [
          13.427300021716999,
          52.485299982356516
        ]
      }
    },
    {
      "type": "Feature",
      "properties": {
        "name": "Tirana Eiscafe",
        "info": "Eiscafe und Refill-Station für Trinkwasser",
        "category": "Refill Station",
        "source": "A TIP: TAB"
      },
      "geometry": {
        "type": "Point",
        "coordinates": [
          13.427800002241414,
          52.484999994041864
        ]
      }
    },
    {
      "type": "Feature",
      "properties": {
        "name": "Varia Vineta - das Stadttheater Pankow",
        "info": "Varia Vineta - das Stadttheater Pankow\nRefill-Station",
        "category": "Refill Station",
        "source": "A TIP: TAB"
      },
      "geometry": {
        "type": "Point",
        "coordinates": [
          13.412953304784816,
          52.55853078447214
        ]
      }
    },
    {
      "type": "Feature",
      "properties": {
        "name": "Dorint Kurfürstendamm Berlin",
        "info": "Refill-Station an der Reception ",
        "category": "Refill Station",
        "source": "A TIP: TAB"
      },
      "geometry": {
        "type": "Point",
        "coordinates": [
          13.331599977487512,
          52.50239998684376
        ]
      }
    },
    {
      "type": "Feature",
      "properties": {
        "name": "Palmetto Handel und Service GmbH",
        "info": "Palmetto Handel und Service GmbH, Refill-Station\nEUREF - Campus 4/5",
        "category": "Refill Station",
        "source": "A TIP: TAB"
      },
      "geometry": {
        "type": "Point",
        "coordinates": [
          13.356392389794994,
          52.48078079544044
        ]
      }
    },
    {
      "type": "Feature",
      "properties": {
        "name": "Spät Shop",
        "info": "Kiosk und refill-station für Trinkwasser",
        "category": "Refill Station",
        "source": "A TIP: TAB"
      },
      "geometry": {
        "type": "Point",
        "coordinates": [
          13.432799975123629,
          52.484299979398166
        ]
      }
    },
    {
      "type": "Feature",
      "properties": {
        "name": "Refill-Station Stephans - Der Nachbarschaftsladen",
        "info": "Im Nachbarschaftsladen kann  jede*r immer Leitungswasser bekommen und sich auch gerne bei Hitze ausruhen, wenn der Laden offen ist. Kommt einfach rein.",
        "category": "Refill Station",
        "source": "A TIP: TAB"
      },
      "geometry": {
        "type": "Point",
        "coordinates": [
          13.3479000131357,
          52.533000010313934
        ]
      }
    },
    {
      "type": "Feature",
      "properties": {
        "name": "Caf' Dritter Raum",
        "info": "Bio Café (vegan) mit Hofgarten. Öffnungszeiten: \nDi - Fr: 09:00h - 20:00h\nSa + So: 10:00h - 20:00h",
        "category": "Refill Station",
        "source": "A TIP: TAB"
      },
      "geometry": {
        "type": "Point",
        "coordinates": [
          13.44805386543649,
          52.477164004220235
        ]
      }
    },
    {
      "type": "Feature",
      "properties": {
        "name": "Ingenieurbüro Andreas Duba GmbH",
        "info": "Refill Station\n\nÖffnungszeiten\nWir sind ein Ingenieurbüro und haben keine festen Öffnungszeiten. Wenn wir da sind, hängt der Aufkleber sichtbar an der Eingangstür. Wenn nicht, ist zu!",
        "category": "Refill Station",
        "source": "A TIP: TAB"
      },
      "geometry": {
        "type": "Point",
        "coordinates": [
          13.576740973431962,
          52.44551079461608
        ]
      }
    },
    {
      "type": "Feature",
      "properties": {
        "name": "Refill-Station Glienicke / Nordbahn ",
        "info": "Während der Öffnungszeiten des Neuen Rathauses können Sie bei uns kostenlos Leitungswasser in Ihre Flasche füllen.",
        "category": "Refill Station",
        "source": "A TIP: TAB"
      },
      "geometry": {
        "type": "Point",
        "coordinates": [
          13.31960002580639,
          52.63010000001178
        ]
      }
    },
    {
      "type": "Feature",
      "properties": {
        "name": "DRK Berlin Südwest gGmbh",
        "info": "Besuchen Sie uns im Info-Center der DRK Berlin Südwest gGmbH und nutzen Sie unsere kostenfreie Refill-Station, um sich mit frischem, sauberem Trinkwasser zu versorgen. ",
        "category": "Refill Station",
        "source": "A TIP: TAB"
      },
      "geometry": {
        "type": "Point",
        "coordinates": [
          13.323900025954423,
          52.4577000096709
        ]
      }
    },
    {
      "type": "Feature",
      "properties": {
        "name": "Nachbarschaftsladen Berlinickestraße, Mittelhof e. V.",
        "info": "Unsere Refill-Station ist für alle Menschen da, wenn wir da sind.",
        "category": "Refill Station",
        "source": "A TIP: TAB"
      },
      "geometry": {
        "type": "Point",
        "coordinates": [
          13.322300004457263,
          52.45470000079586
        ]
      }
    },
    {
      "type": "Feature",
      "properties": {
        "name": "Kiezbegegnung Stadteilzentrum",
        "info": "Unser Begegnungsteam verbindet Nachbar*innen in Nord-Neukölln. Hierbei ermutigen wir Menschen, ihren Lebensraum aktiv selbst mitzugestalten",
        "category": "Refill Station",
        "source": "A TIP: TAB"
      },
      "geometry": {
        "type": "Point",
        "coordinates": [
          13.429100035423925,
          52.47009998768107
        ]
      }
    },
    {
      "type": "Feature",
      "properties": {
        "name": "Roter Laden am Schäfersee",
        "info": "Geschäftsstelle der Linken Reinickendorf; Kieztreff",
        "category": "Refill Station",
        "source": "A TIP: TAB"
      },
      "geometry": {
        "type": "Point",
        "coordinates": [
          13.358800007663108,
          52.563100011350166
        ]
      }
    },
    {
      "type": "Feature",
      "properties": {
        "name": "Die Linke Charlottenburg-Wilmersdorf",
        "info": "Geschäftsstelle und Kieztreff",
        "category": "Refill Station",
        "source": "A TIP: TAB"
      },
      "geometry": {
        "type": "Point",
        "coordinates": [
          13.303999962892384,
          52.5163999863511
        ]
      }
    },
    {
      "type": "Feature",
      "properties": {
        "name": "Stadtteilzentrum Adalbertstraße (AWO)",
        "info": "Bildung, Begegnung und Beratung in einem Zentrum",
        "category": "Refill Station",
        "source": "A TIP: TAB"
      },
      "geometry": {
        "type": "Point",
        "coordinates": [
          13.421499996176689,
          52.50380001613116
        ]
      }
    },
    {
      "type": "Feature",
      "properties": {
        "name": "Ehrenamtsbüro Reinickendorf",
        "info": "Freiwilligenagentur im Auftrag des Bezirksamts Reinickendorf",
        "category": "Refill Station",
        "source": "A TIP: TAB"
      },
      "geometry": {
        "type": "Point",
        "coordinates": [
          13.286599970090482,
          52.58849998590932
        ]
      }
    },
    {
      "type": "Feature",
      "properties": {
        "name": "Art Window Werbeatelier",
        "info": "Atelierwerkstatt für Dekorationen",
        "category": "Refill Station",
        "source": "A TIP: TAB"
      },
      "geometry": {
        "type": "Point",
        "coordinates": [
          13.43860000066394,
          52.59330000849129
        ]
      }
    },
    {
      "type": "Feature",
      "properties": {
        "name": "Quartiersbüro W40",
        "info": "Im Kiez - gemeinsam für den Kiez\nWir setzen uns ein für Lebensqualität und Miteinander im Gebiet. WIr laden ein, selber aktiv zu werden. WIr stehen bei Fragen, Problemen und Ideen zur Seite. Wir informieren, was im Kiez los ist.",
        "category": "Refill Station",
        "source": "A TIP: TAB"
      },
      "geometry": {
        "type": "Point",
        "coordinates": [
          13.349600030737744,
          52.40869999044049
        ]
      }
    },
    {
      "type": "Feature",
      "properties": {
        "name": "Ev. Kirchengemeinde An der Panke",
        "info": "Kirche, Gemeindehaus",
        "category": "Refill Station",
        "source": "A TIP: TAB"
      },
      "geometry": {
        "type": "Point",
        "coordinates": [
          13.380359939010981,
          52.552390411753386
        ]
      }
    },
    {
      "type": "Feature",
      "properties": {
        "name": "Nachbarschaftszentrum Bornhagenweg",
        "info": "Ort für Nachbarschaft in Lichtenrade Süd: Begegnung, Beratung, Veranstaltungen, Engagement.",
        "category": "Refill Station",
        "source": "A TIP: TAB"
      },
      "geometry": {
        "type": "Point",
        "coordinates": [
          13.416600019399356,
          52.38900000340725
        ]
      }
    },
    {
      "type": "Feature",
      "properties": {
        "name": "Morgenstern - Antiquariat und Café",
        "info": "",
        "category": "Refill Station",
        "source": "A TIP: TAB"
      },
      "geometry": {
        "type": "Point",
        "coordinates": [
          13.325128561502847,
          52.455094075973655
        ]
      }
    },
    {
      "type": "Feature",
      "properties": {
        "name": "Art Floral",
        "info": "Blumengeschäft in Berlin Charlottenburg",
        "category": "Refill Station",
        "source": "A TIP: TAB"
      },
      "geometry": {
        "type": "Point",
        "coordinates": [
          13.323500041534892,
          52.50420000055069
        ]
      }
    },
    {
      "type": "Feature",
      "properties": {
        "name": "STA Travel Berlin Prenzlauer Berg",
        "info": "Öffnungszeiten\nMo-Fr: 10:00-19:00 Uhr\nSa: 10:00-16:00 Uhr",
        "category": "Refill Station",
        "source": "A TIP: TAB"
      },
      "geometry": {
        "type": "Point",
        "coordinates": [
          13.412227599607887,
          52.547448609279215
        ]
      }
    },
    {
      "type": "Feature",
      "properties": {
        "name": "Jugendstadtteilladen Hobrecht83 ",
        "info": "Die Hobrecht83 ist seit 2010 der Jugendstadtteilladen im Donaukiez. Neben einer Vielzahl an Freizeitmöglichkeiten finden Jugendliche ab 16 Jahren hier Unterstützung und Beratung.",
        "category": "Refill Station",
        "source": "A TIP: TAB"
      },
      "geometry": {
        "type": "Point",
        "coordinates": [
          13.426599965163787,
          52.48590000089533
        ]
      }
    },
    {
      "type": "Feature",
      "properties": {
        "name": "Fachschaftsrat VI der BHT",
        "info": "Fachschaft VI Informatik und Medien der Berliner Hochschule für Technik\n\nRaum B030, Haus Gauß, BHT",
        "category": "Refill Station",
        "source": "A TIP: TAB"
      },
      "geometry": {
        "type": "Point",
        "coordinates": [
          13.350599991786574,
          52.54329998630253
        ]
      }
    },
    {
      "type": "Feature",
      "properties": {
        "name": "Nord-West Apotheke",
        "info": "Apotheke, wo gern Wasser abgefüllt wird",
        "category": "Refill Station",
        "source": "A TIP: TAB"
      },
      "geometry": {
        "type": "Point",
        "coordinates": [
          13.350933507713924,
          52.53235468758845
        ]
      }
    },
    {
      "type": "Feature",
      "properties": {
        "name": "Grünes Kiezbüro Silke Gebel & Hannah Steinmüller",
        "info": "Öffnungszeiten:\nMontag 10:00-13:00\nFreitag 10:00-16:00",
        "category": "Refill Station",
        "source": "A TIP: TAB"
      },
      "geometry": {
        "type": "Point",
        "coordinates": [
          13.402999962402042,
          52.53830001342031
        ]
      }
    },
    {
      "type": "Feature",
      "properties": {
        "name": "Wahlkreisbüro Annika Klose, MdB",
        "info": "In unserem Büro füllen wir gern kostenfrei eure Trinkflaschen mit Leitungswasser auf. ",
        "category": "Refill Station",
        "source": "A TIP: TAB"
      },
      "geometry": {
        "type": "Point",
        "coordinates": [
          13.337000018608292,
          52.526400015934556
        ]
      }
    },
    {
      "type": "Feature",
      "properties": {
        "name": "Kühn Keramik",
        "info": "",
        "category": "Refill Station",
        "source": "A TIP: TAB"
      },
      "geometry": {
        "type": "Point",
        "coordinates": [
          13.381199973347224,
          52.49330000602328
        ]
      }
    },
    {
      "type": "Feature",
      "properties": {
        "name": "TUI ReiseCenter am Kollwitzplatz",
        "info": "Reisebüro am Kollwitzplatz",
        "category": "Refill Station",
        "source": "A TIP: TAB"
      },
      "geometry": {
        "type": "Point",
        "coordinates": [
          13.416200034979823,
          52.536100015293854
        ]
      }
    },
    {
      "type": "Feature",
      "properties": {
        "name": "Fruitbox",
        "info": "",
        "category": "Refill Station",
        "source": "A TIP: TAB"
      },
      "geometry": {
        "type": "Point",
        "coordinates": [
          13.35512797970098,
          52.53494938953544
        ]
      }
    },
    {
      "type": "Feature",
      "properties": {
        "name": " Futurzwei | Stiftung Zukunftsfähigkeit",
        "info": "Stiftung in Berlin",
        "category": "Refill Station",
        "source": "A TIP: TAB"
      },
      "geometry": {
        "type": "Point",
        "coordinates": [
          13.358852478376987,
          52.53275270226074
        ]
      }
    },
    {
      "type": "Feature",
      "properties": {
        "name": "Café Traktorista",
        "info": "Öffnungszeiten:\nMo,Di, Sa,So 12:00-18:00",
        "category": "Refill Station",
        "source": "A TIP: TAB"
      },
      "geometry": {
        "type": "Point",
        "coordinates": [
          13.392211866282025,
          52.61889750259877
        ]
      }
    },
    {
      "type": "Feature",
      "properties": {
        "name": "Physiotherapie Claudia Weinhold",
        "info": "Öffnungszeiten:\nMontag -  Donnerstag 9 - 18 Uhr\nFreitag  9 - 13 Uhr\n",
        "category": "Refill Station",
        "source": "A TIP: TAB"
      },
      "geometry": {
        "type": "Point",
        "coordinates": [
          13.333635941768827,
          52.59415927929532
        ]
      }
    },
    {
      "type": "Feature",
      "properties": {
        "name": "Büro Hilker",
        "info": "",
        "category": "Refill Station",
        "source": "A TIP: TAB"
      },
      "geometry": {
        "type": "Point",
        "coordinates": [
          13.360612929500926,
          52.501571016619714
        ]
      }
    },
    {
      "type": "Feature",
      "properties": {
        "name": "Nuno & Lene",
        "info": "Öffnungszeiten:\nMo-Fr: 10:00-18:00 Uhr\nSa: 10:00-13:00",
        "category": "Refill Station",
        "source": "A TIP: TAB"
      },
      "geometry": {
        "type": "Point",
        "coordinates": [
          13.399035238381027,
          52.565621790739534
        ]
      }
    },
    {
      "type": "Feature",
      "properties": {
        "name": "Der Drehstuhl",
        "info": "Öffnungszeiten:\nMontag - Freitag  10 - 20 Uhr \nSamstag             10 - 16 Uhr",
        "category": "Refill Station",
        "source": "A TIP: TAB"
      },
      "geometry": {
        "type": "Point",
        "coordinates": [
          13.339607377229076,
          52.49992409837429
        ]
      }
    },
    {
      "type": "Feature",
      "properties": {
        "name": "H2O Wasserladen",
        "info": "Öffnungszeiten:\nMo. - Fr., 10 - 18:30 Uhr\nSa. 10 - 14 Uhr",
        "category": "Refill Station",
        "source": "A TIP: TAB"
      },
      "geometry": {
        "type": "Point",
        "coordinates": [
          13.324553311487918,
          52.4975257844187
        ]
      }
    },
    {
      "type": "Feature",
      "properties": {
        "name": "Zum Goldenen Lenker",
        "info": "Öffnungszeiten:\nMo - Fr: 9 - 20 Uhr \nSa: 10 - 18 Uhr",
        "category": "Refill Station",
        "source": "A TIP: TAB"
      },
      "geometry": {
        "type": "Point",
        "coordinates": [
          13.46243578636201,
          52.510703896410156
        ]
      }
    },
    {
      "type": "Feature",
      "properties": {
        "name": "Die Backstube",
        "info": "Öffnungszeiten:\nMo. - Fr. von 9 - 18 Uhr \nSa. von 9 - 13 Uhr.",
        "category": "Refill Station",
        "source": "A TIP: TAB"
      },
      "geometry": {
        "type": "Point",
        "coordinates": [
          13.411742287414029,
          52.49908888363237
        ]
      }
    },
    {
      "type": "Feature",
      "properties": {
        "name": "Apotheke Stahnsdorf",
        "info": "Öffnungszeiten: \nMo-Fr 8-19 Uhr\nSa 9-14 Uhr",
        "category": "Refill Station",
        "source": "A TIP: TAB"
      },
      "geometry": {
        "type": "Point",
        "coordinates": [
          13.2122104955894,
          52.393509215858536
        ]
      }
    },
    {
      "type": "Feature",
      "properties": {
        "name": "Kakadu",
        "info": "Öffnungszeiten:\nDi-Fr: 12-22Uhr\nSa-So 9-22Uhr",
        "category": "Refill Station",
        "source": "A TIP: TAB"
      },
      "geometry": {
        "type": "Point",
        "coordinates": [
          13.390260978317942,
          52.55775767963275
        ]
      }
    },
    {
      "type": "Feature",
      "properties": {
        "name": "POP - Dein Plattenladen",
        "info": "Öffnungszeiten\nfreitags 12 - 19 Uhr\nsamstags 12 - 18 Uhr",
        "category": "Refill Station",
        "source": "A TIP: TAB"
      },
      "geometry": {
        "type": "Point",
        "coordinates": [
          13.369975096252736,
          52.49270078376527
        ]
      }
    },
    {
      "type": "Feature",
      "properties": {
        "name": "WETTBUREAU / Wigwam eG",
        "info": "Öffnungszeiten: \nimmer wenn der Logowürfel leuchtet",
        "category": "Refill Station",
        "source": "A TIP: TAB"
      },
      "geometry": {
        "type": "Point",
        "coordinates": [
          13.383494016427312,
          52.55519830740764
        ]
      }
    },
    {
      "type": "Feature",
      "properties": {
        "name": "LUSH",
        "info": "Öffnungszeiten:\nTäglich Mo - Sa 10 - 21 Uhr",
        "category": "Refill Station",
        "source": "A TIP: TAB"
      },
      "geometry": {
        "type": "Point",
        "coordinates": [
          13.388709488040167,
          52.519611805919375
        ]
      }
    },
    {
      "type": "Feature",
      "properties": {
        "name": "zuckerfrei | Kids Concept Store",
        "info": "Öffnungszeiten:\nMo-Fr: 10:00 -18:00\nSa: 10:00 -14:00 Uhr",
        "category": "Refill Station",
        "source": "A TIP: TAB"
      },
      "geometry": {
        "type": "Point",
        "coordinates": [
          13.440949783400143,
          52.480624305308154
        ]
      }
    },
    {
      "type": "Feature",
      "properties": {
        "name": "beauty2relax",
        "info": "Öffnungszeiten:\nMo-Fr.: 12.00-18.00",
        "category": "Refill Station",
        "source": "A TIP: TAB"
      },
      "geometry": {
        "type": "Point",
        "coordinates": [
          13.32423614027176,
          52.49133189324817
        ]
      }
    },
    {
      "type": "Feature",
      "properties": {
        "name": "Cäcilien - Apotheke",
        "info": "Öffnungszeiten:  \nMo-Fr 9:00-18:00\nSa      9:00-13:00",
        "category": "Refill Station",
        "source": "A TIP: TAB"
      },
      "geometry": {
        "type": "Point",
        "coordinates": [
          13.295223272077378,
          52.50536139705468
        ]
      }
    },
    {
      "type": "Feature",
      "properties": {
        "name": "Preussen-Apotheke",
        "info": "Öffnungszeiten: \nMo. - Fr. : 8:00 - 18:30 Uhr \nSa.: 8:00 - 13:00 Uhr",
        "category": "Refill Station",
        "source": "A TIP: TAB"
      },
      "geometry": {
        "type": "Point",
        "coordinates": [
          13.319069367516352,
          52.48154849395228
        ]
      }
    },
    {
      "type": "Feature",
      "properties": {
        "name": "Apotheke zum weissen Schwan",
        "info": "Öffnungszeiten:\nMo und Do von 8-19.30, \nDi, Mi, Fr von 8-18.30  \nSa von 8-13 Uhr",
        "category": "Refill Station",
        "source": "A TIP: TAB"
      },
      "geometry": {
        "type": "Point",
        "coordinates": [
          13.688955881488024,
          52.44129968455122
        ]
      }
    },
    {
      "type": "Feature",
      "properties": {
        "name": "Dolgensee Apotheke",
        "info": "Öffnungszeiten:\nMo-Fr 8.00-18.30\nSa      8.00-1230",
        "category": "Refill Station",
        "source": "A TIP: TAB"
      },
      "geometry": {
        "type": "Point",
        "coordinates": [
          13.506436587081494,
          52.49338809982566
        ]
      }
    },
    {
      "type": "Feature",
      "properties": {
        "name": "Reseda-Apotheke",
        "info": "Öffnungszeiten:\nMo-Fr       08:00-18:30 Uhr\nSamstag   09:00-13:00 Uhr",
        "category": "Refill Station",
        "source": "A TIP: TAB"
      },
      "geometry": {
        "type": "Point",
        "coordinates": [
          13.434261276123236,
          52.55324029482586
        ]
      }
    },
    {
      "type": "Feature",
      "properties": {
        "name": "Wollmeister.Berlin Jonas Sanders GmbH",
        "info": "Öffnungszeiten\nDi.-Sa. 11-19 Uhr.",
        "category": "Refill Station",
        "source": "A TIP: TAB"
      },
      "geometry": {
        "type": "Point",
        "coordinates": [
          13.42102658628534,
          52.54254750094495
        ]
      }
    },
    {
      "type": "Feature",
      "properties": {
        "name": "Institut Technikfolgenabschätzung u. Systemanalyse",
        "info": "Geöffnet: \nMO-FR 9-17 Uhr",
        "category": "Refill Station",
        "source": "A TIP: TAB"
      },
      "geometry": {
        "type": "Point",
        "coordinates": [
          13.416859774578763,
          52.54113401870296
        ]
      }
    },
    {
      "type": "Feature",
      "properties": {
        "name": "Panda Apotheke",
        "info": "Öffnungszeiten:\nMontag bis Freitag: 08:30-18:30 Uhr \nSamstag: 08:30-13:00 Uhr",
        "category": "Refill Station",
        "source": "A TIP: TAB"
      },
      "geometry": {
        "type": "Point",
        "coordinates": [
          13.403565405590257,
          52.416364779889754
        ]
      }
    },
    {
      "type": "Feature",
      "properties": {
        "name": "Park Apotheke",
        "info": "Öffnungszeiten:\nMontag bis Freitag: 08:30-18:30 Uhr \nSamstag: 08:30-13:30 Uhr",
        "category": "Refill Station",
        "source": "A TIP: TAB"
      },
      "geometry": {
        "type": "Point",
        "coordinates": [
          13.3826186942787,
          52.43924310078809
        ]
      }
    },
    {
      "type": "Feature",
      "properties": {
        "name": "Rosen Apotheke",
        "info": "Öffnungszeiten:\nMo-Fr: 08.00-19.00 \nSamstag 08.00-13.00",
        "category": "Refill Station",
        "source": "A TIP: TAB"
      },
      "geometry": {
        "type": "Point",
        "coordinates": [
          13.46851719239192,
          52.527370849869854
        ]
      }
    },
    {
      "type": "Feature",
      "properties": {
        "name": "Brandenburg-Apotheke",
        "info": "Öffnungszeiten:\nMontag-Freitag: 08.30  - 19.00 Uhr\nSamstag:           08.30 – 14.00 Uhr",
        "category": "Refill Station",
        "source": "A TIP: TAB"
      },
      "geometry": {
        "type": "Point",
        "coordinates": [
          13.307232695309088,
          52.498489996650484
        ]
      }
    },
    {
      "type": "Feature",
      "properties": {
        "name": "Kiez Büro Coworking",
        "info": "Öffnungszeiten:\nMo-Fr von 9.00-17.00 Uhr",
        "category": "Refill Station",
        "source": "A TIP: TAB"
      },
      "geometry": {
        "type": "Point",
        "coordinates": [
          13.381275075199676,
          52.51185129513585
        ]
      }
    },
    {
      "type": "Feature",
      "properties": {
        "name": "breakout Café",
        "info": "Öffnungszeiten:\n\nDienstag - Freitag: 9.00 bis 16.00\nSamstag - Sonntag: 9.00 bis 18.00\nMontag: Ruhetag\n",
        "category": "Refill Station",
        "source": "A TIP: TAB"
      },
      "geometry": {
        "type": "Point",
        "coordinates": [
          13.393697223343745,
          52.48896350268692
        ]
      }
    },
    {
      "type": "Feature",
      "properties": {
        "name": "Liesborner Imkerei / Dr. Melanie von Orlow",
        "info": "\nÖffnungszeiten:\n\nunregelmäßig\n",
        "category": "Refill Station",
        "source": "A TIP: TAB"
      },
      "geometry": {
        "type": "Point",
        "coordinates": [
          13.27695776395358,
          52.578766836122966
        ]
      }
    },
    {
      "type": "Feature",
      "properties": {
        "name": "Thalia Buchhandlung im Forum Köpenick",
        "info": "Öffnungszeiten:\nMo-Fr 9.30-20 Uhr\nSamstag 9-20 Uhr.",
        "category": "Refill Station",
        "source": "A TIP: TAB"
      },
      "geometry": {
        "type": "Point",
        "coordinates": [
          13.576998716954607,
          52.45780071823755
        ]
      }
    },
    {
      "type": "Feature",
      "properties": {
        "name": "Thalia Buchhandlung Rathaus-Center",
        "info": "Öffnungszeiten:\nMo-Sa 9.30-20 Uhr",
        "category": "Refill Station",
        "source": "A TIP: TAB"
      },
      "geometry": {
        "type": "Point",
        "coordinates": [
          13.405305153413352,
          52.570256606009906
        ]
      }
    },
    {
      "type": "Feature",
      "properties": {
        "name": "denn's Biomarkt",
        "info": "Öffnungszeiten:\nMo - Sa 8 - 21 Uhr \nBäcker ab 7.30 Uhr",
        "category": "Refill Station",
        "source": "A TIP: TAB"
      },
      "geometry": {
        "type": "Point",
        "coordinates": [
          13.459761875430011,
          52.512611491844346
        ]
      }
    },
    {
      "type": "Feature",
      "properties": {
        "name": "denn's Biomarkt",
        "info": "Öffnungszeiten:\nMo-Sa 8-20 Uhr\nBäcker ab 7 Uhr",
        "category": "Refill Station",
        "source": "A TIP: TAB"
      },
      "geometry": {
        "type": "Point",
        "coordinates": [
          13.147224510622781,
          52.41785378307935
        ]
      }
    },
    {
      "type": "Feature",
      "properties": {
        "name": "denn's Biomarkt",
        "info": "Öffnungszeiten:\nMo-Sa 8-21 Uhr\n",
        "category": "Refill Station",
        "source": "A TIP: TAB"
      },
      "geometry": {
        "type": "Point",
        "coordinates": [
          13.524420714715692,
          52.48239774838201
        ]
      }
    },
    {
      "type": "Feature",
      "properties": {
        "name": "denn's Biomarkt",
        "info": "Öffnungszeiten:\nMo - Sa 8 -20 Uhr",
        "category": "Refill Station",
        "source": "A TIP: TAB"
      },
      "geometry": {
        "type": "Point",
        "coordinates": [
          13.091650229455741,
          52.560657692402906
        ]
      }
    },
    {
      "type": "Feature",
      "properties": {
        "name": "denn's Biomarkt",
        "info": "Öffnungszeiten:\nMo-Sa 08-21 Uhr",
        "category": "Refill Station",
        "source": "A TIP: TAB"
      },
      "geometry": {
        "type": "Point",
        "coordinates": [
          13.429371022353587,
          52.53256930621926
        ]
      }
    },
    {
      "type": "Feature",
      "properties": {
        "name": "denn's Biomarkt 'Neue Welt'",
        "info": "Öffnungszeiten:\nMo-Sa 08-21 Uhr",
        "category": "Refill Station",
        "source": "A TIP: TAB"
      },
      "geometry": {
        "type": "Point",
        "coordinates": [
          13.412157359259277,
          52.4883911863381
        ]
      }
    },
    {
      "type": "Feature",
      "properties": {
        "name": "denn's Biomarkt",
        "info": "Öffnungszeiten:\nMo-Sa 08-21 Uhr\n",
        "category": "Refill Station",
        "source": "A TIP: TAB"
      },
      "geometry": {
        "type": "Point",
        "coordinates": [
          13.402789911908465,
          52.58089789309581
        ]
      }
    },
    {
      "type": "Feature",
      "properties": {
        "name": "denn's Biomarkt",
        "info": "Öffnungszeiten:\nMo-Sa 08-21 Uhr",
        "category": "Refill Station",
        "source": "A TIP: TAB"
      },
      "geometry": {
        "type": "Point",
        "coordinates": [
          13.441566607654824,
          52.4684498004934
        ]
      }
    },
    {
      "type": "Feature",
      "properties": {
        "name": "Komm & Sieh Kiezladen in Tegel",
        "info": "Öffnungszeiten: \nDi-Fr 13-18 Uhr \n",
        "category": "Refill Station",
        "source": "A TIP: TAB"
      },
      "geometry": {
        "type": "Point",
        "coordinates": [
          13.2791668983545,
          52.57743687954612
        ]
      }
    },
    {
      "type": "Feature",
      "properties": {
        "name": "Komm & Sieh Kiezladen Malmöer - Prenzlauer Berg",
        "info": "Öffnungszeiten:\nMo-Fr 12 - 18 Uhr\nSa 10-16 Uhr \n",
        "category": "Refill Station",
        "source": "A TIP: TAB"
      },
      "geometry": {
        "type": "Point",
        "coordinates": [
          13.404203268421908,
          52.55064848463547
        ]
      }
    },
    {
      "type": "Feature",
      "properties": {
        "name": "Machete Burrito Berlin 2",
        "info": "Öffnungszeiten:\nMontag – Freitag:\n11:00 Uhr – 23:00 Uhr\nSamstag – Sonntag:\n12:00 Uhr – 23:00 Uhr \n",
        "category": "Refill Station",
        "source": "A TIP: TAB"
      },
      "geometry": {
        "type": "Point",
        "coordinates": [
          13.462679532106351,
          52.507326115159
        ]
      }
    },
    {
      "type": "Feature",
      "properties": {
        "name": "Chance International",
        "info": "Öffnungszeiten",
        "category": "Refill Station",
        "source": "A TIP: TAB"
      },
      "geometry": {
        "type": "Point",
        "coordinates": [
          13.385996768896467,
          52.55612501062272
        ]
      }
    },
    {
      "type": "Feature",
      "properties": {
        "name": "Dienstwagen a.D.  ExtraDrive GmbH",
        "info": "Öffnungszeiten \n8.00 Uhr bis 18.00 Uhr \n",
        "category": "Refill Station",
        "source": "A TIP: TAB"
      },
      "geometry": {
        "type": "Point",
        "coordinates": [
          13.383470630917452,
          52.503699098016924
        ]
      }
    },
    {
      "type": "Feature",
      "properties": {
        "name": "denn's Biomarkt",
        "info": "Öffnungszeiten:\nMo-Sa 09-20 Uhr",
        "category": "Refill Station",
        "source": "A TIP: TAB"
      },
      "geometry": {
        "type": "Point",
        "coordinates": [
          13.355941778680283,
          52.54845049816577
        ]
      }
    },
    {
      "type": "Feature",
      "properties": {
        "name": "denn's Biomarkt",
        "info": "Öffnungszeiten:\nMo - Sa 8 - 21 Uhr\n\nBäcker ab 7.30 Uhr",
        "category": "Refill Station",
        "source": "A TIP: TAB"
      },
      "geometry": {
        "type": "Point",
        "coordinates": [
          13.451429928397495,
          52.52020469984049
        ]
      }
    },
    {
      "type": "Feature",
      "properties": {
        "name": "denn's Biomarkt",
        "info": "Öffnungszeiten:\nMo - Sa 8 - 20 Uhr\n",
        "category": "Refill Station",
        "source": "A TIP: TAB"
      },
      "geometry": {
        "type": "Point",
        "coordinates": [
          13.318083236607762,
          52.611057112277976
        ]
      }
    },
    {
      "type": "Feature",
      "properties": {
        "name": "denn's Biomarkt",
        "info": "Öffnungszeiten:\nMo - Sa 8-21 Uhr\n\nBäcker ab 7.30 Uhr\n",
        "category": "Refill Station",
        "source": "A TIP: TAB"
      },
      "geometry": {
        "type": "Point",
        "coordinates": [
          13.429967813859678,
          52.551864908333805
        ]
      }
    },
    {
      "type": "Feature",
      "properties": {
        "name": "rosenrot",
        "info": "Öffnungszeiten:\nMo-Fr: 10:30 - 18:30 Uhr\nSa 10:30 - 14:30 Uhr",
        "category": "Refill Station",
        "source": "A TIP: TAB"
      },
      "geometry": {
        "type": "Point",
        "coordinates": [
          13.4310567069012,
          52.50104140606757
        ]
      }
    },
    {
      "type": "Feature",
      "properties": {
        "name": "BBM Berliner Bau- und Möbelmanufaktur",
        "info": "Öffnungszeiten\nMo - Fr 10-14 Uhr (und wenn jemand da ist)",
        "category": "Refill Station",
        "source": "A TIP: TAB"
      },
      "geometry": {
        "type": "Point",
        "coordinates": [
          13.433588125479217,
          52.503107419471775
        ]
      }
    },
    {
      "type": "Feature",
      "properties": {
        "name": "Abenteuerspielplatz-Panke",
        "info": "Öffnungszeiten\nMontag - Freitag, 13 - 18 Uhr",
        "category": "Refill Station",
        "source": "A TIP: TAB"
      },
      "geometry": {
        "type": "Point",
        "coordinates": [
          13.387539793452033,
          52.56498200007015
        ]
      }
    },
    {
      "type": "Feature",
      "properties": {
        "name": "denn's Biomarkt",
        "info": "Öffnungszeiten:\nMo - Sa 8-20 Uhr\nBäcker ab 7.00 Uhr",
        "category": "Refill Station",
        "source": "A TIP: TAB"
      },
      "geometry": {
        "type": "Point",
        "coordinates": [
          13.334198199833835,
          52.470160798388605
        ]
      }
    },
    {
      "type": "Feature",
      "properties": {
        "name": "denn's Biomarkt",
        "info": "Öffnungszeiten:\nMo - Sa 9-21 Uhr",
        "category": "Refill Station",
        "source": "A TIP: TAB"
      },
      "geometry": {
        "type": "Point",
        "coordinates": [
          13.41579753598934,
          52.549290616321045
        ]
      }
    },
    {
      "type": "Feature",
      "properties": {
        "name": "denn's Biomarkt",
        "info": "Öffnungszeiten:\nMo - Sa 9 - 21 Uhr \nBäcker ab 7.30 Uhr",
        "category": "Refill Station",
        "source": "A TIP: TAB"
      },
      "geometry": {
        "type": "Point",
        "coordinates": [
          13.452113556420484,
          52.51020638854718
        ]
      }
    },
    {
      "type": "Feature",
      "properties": {
        "name": "Waschküche",
        "info": "Öffnungszeiten\nMo-Fr 07:00 - 21:00 Uhr, \nSa 09:00 - 20:00 Uhr, \nSo 10:00 -19:00 Uhr\n",
        "category": "Refill Station",
        "source": "A TIP: TAB"
      },
      "geometry": {
        "type": "Point",
        "coordinates": [
          13.373676209418884,
          52.48518971842024
        ]
      }
    },
    {
      "type": "Feature",
      "properties": {
        "name": "Buchhandlung Thalia Berlin",
        "info": "Öffnungszeiten\nMontag - Samstag 10.00 - 20.00 Uhr",
        "category": "Refill Station",
        "source": "A TIP: TAB"
      },
      "geometry": {
        "type": "Point",
        "coordinates": [
          13.414331960219114,
          52.54970380223808
        ]
      }
    },
    {
      "type": "Feature",
      "properties": {
        "name": "schlecks",
        "info": "Öffnungszeiten\nAktuelle Öffnungszeiten findet Ihr auf Facebook unter @schlecks.berlin",
        "category": "Refill Station",
        "source": "A TIP: TAB"
      },
      "geometry": {
        "type": "Point",
        "coordinates": [
          13.427324077779112,
          52.53580518184966
        ]
      }
    },
    {
      "type": "Feature",
      "properties": {
        "name": "Café Paule, Luthergemeinde Spandau",
        "info": "Öffnungszeiten:\nMo 12.30 bis 18.00 Uhr\nDi 12.30 bis 18.00 Uhr\nMi Café bei Eulalia (Lutherstraße 13)\nDo 12.30 bis 18.00 Uhr\nFr 12.30 bis 18.00 Uhr",
        "category": "Refill Station",
        "source": "A TIP: TAB"
      },
      "geometry": {
        "type": "Point",
        "coordinates": [
          13.204542311469346,
          52.548300504008445
        ]
      }
    },
    {
      "type": "Feature",
      "properties": {
        "name": "Lecko’Mio Gelateria",
        "info": "Öffnungszeiten \nDi.-So. 13:00-21:00",
        "category": "Refill Station",
        "source": "A TIP: TAB"
      },
      "geometry": {
        "type": "Point",
        "coordinates": [
          13.418210685913548,
          52.493344513929145
        ]
      }
    },
    {
      "type": "Feature",
      "properties": {
        "name": "Norm Radstation",
        "info": "Öffnungszeiten:\nMonday to Friday 9 /18:30 and Saturday 9/14:30",
        "category": "Refill Station",
        "source": "A TIP: TAB"
      },
      "geometry": {
        "type": "Point",
        "coordinates": [
          13.339539483813354,
          52.52528979094945
        ]
      }
    },
    {
      "type": "Feature",
      "properties": {
        "name": "Meta Mate Bar",
        "info": "Öffnungszeiten:\nMon:\tClosed\nTue:\t11:00 AM – 6:00 PM\nWed:\t11:00 AM – 6:00 PM\nThu:\t11:00 AM – 6:00 PM\nFri:\t11:00 AM – 7:00 PM\nSat:\t11:00 AM – 6:00 PM\nSun:\tClosed",
        "category": "Refill Station",
        "source": "A TIP: TAB"
      },
      "geometry": {
        "type": "Point",
        "coordinates": [
          13.41494811392154,
          52.530682204538344
        ]
      }
    },
    {
      "type": "Feature",
      "properties": {
        "name": "Praxis Dr. Häusler",
        "info": "Öffnungszeiten:\nMo: 8–12 und 15–18 Uhr\nMi: 8–12 und 15–18 Uhr\nFr: 8–12 und 14–16 Uhr\nSa: 9–11 Uhr",
        "category": "Refill Station",
        "source": "A TIP: TAB"
      },
      "geometry": {
        "type": "Point",
        "coordinates": [
          13.415365867975805,
          52.551816419023936
        ]
      }
    },
    {
      "type": "Feature",
      "properties": {
        "name": "Starbucks",
        "info": "Öffnungszeiten:\nMo-Fr 07:15-22:00 Sa 08:00-22:30 So 08:30-21:30",
        "category": "Refill Station",
        "source": "A TIP: TAB"
      },
      "geometry": {
        "type": "Point",
        "coordinates": [
          13.32782803723953,
          52.50331227318538
        ]
      }
    },
    {
      "type": "Feature",
      "properties": {
        "name": "Café Bar Trinkaus",
        "info": "Öffnungszeiten:\n\nMontag 09:00 - 22:00 Uhr\nDienstag 09:00 - 22:00 Uhr\nMittwoch 09:00 - 22:00 Uhr\nDonnerstag 09:00 - 22:00 Uhr\nFreitag 09:00 - 22:00 Uhr\nSamstag 09:00 - 22:00 Uhr\nSonntag geschlossen",
        "category": "Refill Station",
        "source": "A TIP: TAB"
      },
      "geometry": {
        "type": "Point",
        "coordinates": [
          13.44447839699894,
          52.47882429160123
        ]
      }
    },
    {
      "type": "Feature",
      "properties": {
        "name": "Schiller-Bibliothek mit @Hugo Jugendmedienetage",
        "info": "Öffnungszeiten:\nMo – Fr: 10.00-19.30 Uhr\nSa: 10.00-14.00 Uhr",
        "category": "Refill Station",
        "source": "A TIP: TAB"
      },
      "geometry": {
        "type": "Point",
        "coordinates": [
          13.357579686379795,
          52.546812045642554
        ]
      }
    },
    {
      "type": "Feature",
      "properties": {
        "name": "Kajumi",
        "info": "Öffnungszeiten: Mo bis Fr 8:00-18:00 Uhr | Sa 9:30-18:00 Uhr | So 10:30-18:00 Uhr",
        "category": "Refill Station",
        "source": "A TIP: TAB"
      },
      "geometry": {
        "type": "Point",
        "coordinates": [
          13.422070384687776,
          52.5441276992411
        ]
      }
    },
    {
      "type": "Feature",
      "properties": {
        "name": "Boulangerie",
        "info": "Öffnungszeiten: \nMo bis So 6:00-18:00 Uhr",
        "category": "Refill Station",
        "source": "A TIP: TAB"
      },
      "geometry": {
        "type": "Point",
        "coordinates": [
          13.420686700111574,
          52.54278231996241
        ]
      }
    },
    {
      "type": "Feature",
      "properties": {
        "name": "Humbaba FaGood Hope Tattoo",
        "info": "Öffnungszeiten:\nMo, Di, Mi, Fr 11:00 - 17:00\nDo 12:00 - 20:00\nSa 12:00 - 16:00",
        "category": "Refill Station",
        "source": "A TIP: TAB"
      },
      "geometry": {
        "type": "Point",
        "coordinates": [
          13.338112967711925,
          52.524462916201195
        ]
      }
    },
    {
      "type": "Feature",
      "properties": {
        "name": "Ostbloc Boulderhalle",
        "info": "Öffnungszeiten:\nMo/Di/Mi/Do/Fr:    10 – 23 Uhr\nSa/So/Feiertag:         9 – 23 Uhr",
        "category": "Refill Station",
        "source": "A TIP: TAB"
      },
      "geometry": {
        "type": "Point",
        "coordinates": [
          13.488128331251502,
          52.49139433842683
        ]
      }
    },
    {
      "type": "Feature",
      "properties": {
        "name": "Hotel Lulu Guldsmeden",
        "info": "Öffnungszeiten:\nMo-So ca. 8-23 Uhr",
        "category": "Refill Station",
        "source": "A TIP: TAB"
      },
      "geometry": {
        "type": "Point",
        "coordinates": [
          13.366256800185077,
          52.503404013115635
        ]
      }
    },
    {
      "type": "Feature",
      "properties": {
        "name": "Familienzentrum Adalbertstraße",
        "info": "Öffnungszeiten:\nMontag bis Donnerstag 10:00 – 18:00\nFreitag 10:00 – 16:00",
        "category": "Refill Station",
        "source": "A TIP: TAB"
      },
      "geometry": {
        "type": "Point",
        "coordinates": [
          13.4223027310438,
          52.504606690492764
        ]
      }
    },
    {
      "type": "Feature",
      "properties": {
        "name": "Hotel Spree-idyll",
        "info": "Öffnungszeiten\ntäglich 06:00 - 20:00 Uhr",
        "category": "Refill Station",
        "source": "A TIP: TAB"
      },
      "geometry": {
        "type": "Point",
        "coordinates": [
          13.609578001131107,
          52.44832891619221
        ]
      }
    },
    {
      "type": "Feature",
      "properties": {
        "name": "Helgoland Apotheke",
        "info": "Öffnungszeiten:\nMontag bis Freitag: 8:30 bis 18: 30\nSonnabend: 8: 30 bis 13Uhr.",
        "category": "Refill Station",
        "source": "A TIP: TAB"
      },
      "geometry": {
        "type": "Point",
        "coordinates": [
          13.343610322728571,
          52.41552780494817
        ]
      }
    },
    {
      "type": "Feature",
      "properties": {
        "name": "Bürgerbüro Hohenschönhausen - Dan­ny Frey­mark",
        "info": "Bürgerbüro Hohenschönhausen - Dan­ny Frey­mark",
        "category": "Refill Station",
        "source": "A TIP: TAB"
      },
      "geometry": {
        "type": "Point",
        "coordinates": [
          13.518631920925635,
          52.567340499985654
        ]
      }
    },
    {
      "type": "Feature",
      "properties": {
        "name": "CSL Plasma Berlin",
        "info": "Öffnungszeiten.\nMo-Fr: 09:00-18:00",
        "category": "Refill Station",
        "source": "A TIP: TAB"
      },
      "geometry": {
        "type": "Point",
        "coordinates": [
          13.399260041024192,
          52.50794260413756
        ]
      }
    },
    {
      "type": "Feature",
      "properties": {
        "name": "WKB Sebastian Schlüsselburg (Casa del Popolo)",
        "info": "Öffnungszeiten.\nMo & Mi: 9:00-14:00\nFr: 10:00-14:00\nUnd immer, wenn unsere Fahne draußen an der Tür hängt.",
        "category": "Refill Station",
        "source": "A TIP: TAB"
      },
      "geometry": {
        "type": "Point",
        "coordinates": [
          13.463944361295525,
          52.52878521221167
        ]
      }
    },
    {
      "type": "Feature",
      "properties": {
        "name": "Nachbarschaftstreff Lützowstraße 27",
        "info": "Mo-Fr von 11-18 Uhr geöffnet",
        "category": "Refill Station",
        "source": "A TIP: TAB"
      },
      "geometry": {
        "type": "Point",
        "coordinates": [
          13.36342908132981,
          52.50375969917688
        ]
      }
    },
    {
      "type": "Feature",
      "properties": {
        "name": "LUSH",
        "info": "Öffnungszeiten:\nMo-Sa: 10:00 - 20:00",
        "category": "Refill Station",
        "source": "A TIP: TAB"
      },
      "geometry": {
        "type": "Point",
        "coordinates": [
          13.337489437934705,
          52.504371200923046
        ]
      }
    },
    {
      "type": "Feature",
      "properties": {
        "name": "Invictus Tattoo",
        "info": "Öffnungszeiten: \nMontag-Freitag: 10-20 Uhr\nSamstag: 10-14 Uhr",
        "category": "Refill Station",
        "source": "A TIP: TAB"
      },
      "geometry": {
        "type": "Point",
        "coordinates": [
          13.472188717439858,
          52.51416180865567
        ]
      }
    },
    {
      "type": "Feature",
      "properties": {
        "name": "Meine kleine Eiszeit",
        "info": "Öffnungszeiten\nMontag bis Sonntag von 13:00-20:00 Uhr",
        "category": "Refill Station",
        "source": "A TIP: TAB"
      },
      "geometry": {
        "type": "Point",
        "coordinates": [
          13.43829380974094,
          52.48450919170143
        ]
      }
    },
    {
      "type": "Feature",
      "properties": {
        "name": "Pancake Stories",
        "info": "Öffnungszeiten:\nMo und Di geschlossen\nMi bis So 8:00 bis 17:00 Uhr",
        "category": "Refill Station",
        "source": "A TIP: TAB"
      },
      "geometry": {
        "type": "Point",
        "coordinates": [
          13.420887530511658,
          52.54239620759263
        ]
      }
    },
    {
      "type": "Feature",
      "properties": {
        "name": "Fraktion Bündnis 90/Die Grünen - Kiezbüro Kössler",
        "info": "Öffnungszeiten:\n\nMi (10-13) + Fr (13-15) offiziell\n\nsind aber öfter da",
        "category": "Refill Station",
        "source": "A TIP: TAB"
      },
      "geometry": {
        "type": "Point",
        "coordinates": [
          13.444140773939035,
          52.47058039646157
        ]
      }
    },
    {
      "type": "Feature",
      "properties": {
        "name": "Wasser Nord GmbH & Co. KG",
        "info": "Öffnungszeiten\nMo., Mi. -Fr. 9-15 Uhr \nDi. 9-18 Uhr \nund April - Oktober 24/7",
        "category": "Refill Station",
        "source": "A TIP: TAB"
      },
      "geometry": {
        "type": "Point",
        "coordinates": [
          13.287996478978544,
          52.66077181448264
        ]
      }
    },
    {
      "type": "Feature",
      "properties": {
        "name": "denn's Biomarkt",
        "info": "denn's Biomarkt East Side Mall\n\nÖffnungszeiten:\nMo-Sa 9-21 Uhr",
        "category": "Refill Station",
        "source": "A TIP: TAB"
      },
      "geometry": {
        "type": "Point",
        "coordinates": [
          13.447348779741372,
          52.50570430071359
        ]
      }
    },
    {
      "type": "Feature",
      "properties": {
        "name": "Café Early Bird",
        "info": "Café Early Bird",
        "category": "Refill Station",
        "source": "A TIP: TAB"
      },
      "geometry": {
        "type": "Point",
        "coordinates": [
          13.423361784510018,
          52.53201681307145
        ]
      }
    },
    {
      "type": "Feature",
      "properties": {
        "name": "Café Raum Schwalbe",
        "info": "Café Raum Schwalbe",
        "category": "Refill Station",
        "source": "A TIP: TAB"
      },
      "geometry": {
        "type": "Point",
        "coordinates": [
          13.424000317893922,
          52.53217011808053
        ]
      }
    },
    {
      "type": "Feature",
      "properties": {
        "name": "Wahlkreisbüro Harald Moritz–Bündnis 90/Die Grünen",
        "info": "Öffnungszeiten: \nMi. 13-18 Uhr, \nDo. 10-15 Uhr",
        "category": "Refill Station",
        "source": "A TIP: TAB"
      },
      "geometry": {
        "type": "Point",
        "coordinates": [
          13.445291273968895,
          52.4926382966771
        ]
      }
    },
    {
      "type": "Feature",
      "properties": {
        "name": "Grünes Parlamentsbüro Kreuzberg",
        "info": "Grünes Parlamentsbüro Kreuzberg",
        "category": "Refill Station",
        "source": "A TIP: TAB"
      },
      "geometry": {
        "type": "Point",
        "coordinates": [
          13.384548040751623,
          52.49735139892313
        ]
      }
    },
    {
      "type": "Feature",
      "properties": {
        "name": "Reformhaus DEMSKI",
        "info": "Öffnungszeiten:\nMo–Sa 9.00–20.00 Uhr\nSa         9.00–15.00 Uhr",
        "category": "Refill Station",
        "source": "A TIP: TAB"
      },
      "geometry": {
        "type": "Point",
        "coordinates": [
          13.270135816778119,
          52.51037452952488
        ]
      }
    },
    {
      "type": "Feature",
      "properties": {
        "name": "Reformhaus DEMSKI",
        "info": "Öffnungszeiten:\nMo–Fr 9.00–19.00 Uhr\nSa         9.00–14.00 Uhr",
        "category": "Refill Station",
        "source": "A TIP: TAB"
      },
      "geometry": {
        "type": "Point",
        "coordinates": [
          13.241066370737304,
          52.44207639360897
        ]
      }
    },
    {
      "type": "Feature",
      "properties": {
        "name": "Büro Bündnis 90/Die Grünen Tempelhof-Schöneberg",
        "info": "Öffnungszeiten:\nDi: 14:00 - 17:00\nMi: 09:00 - 12:00\nDo: 14:00 - 17:00",
        "category": "Refill Station",
        "source": "A TIP: TAB"
      },
      "geometry": {
        "type": "Point",
        "coordinates": [
          13.362070961558294,
          52.48597820405195
        ]
      }
    },
    {
      "type": "Feature",
      "properties": {
        "name": "Bündnis 90/Die Grünen Kreisverband Spandau",
        "info": "Öffnungszeiten: \nDi. 12-18 Uhr\nDo. 10-16 Uhr",
        "category": "Refill Station",
        "source": "A TIP: TAB"
      },
      "geometry": {
        "type": "Point",
        "coordinates": [
          13.205047237316634,
          52.537788801145645
        ]
      }
    },
    {
      "type": "Feature",
      "properties": {
        "name": "Greenpeace Berlin",
        "info": "Öffnungszeiten: \nDi und Do 16-18 Uhr\nansonsten Klingeln auf gut Glück",
        "category": "Refill Station",
        "source": "A TIP: TAB"
      },
      "geometry": {
        "type": "Point",
        "coordinates": [
          13.373350321023423,
          52.5377696904064
        ]
      }
    },
    {
      "type": "Feature",
      "properties": {
        "name": "Gemeinschaftsgarten himmelbeet",
        "info": "Öffnungszeiten (April bis Ende Oktober):\nDienstag 12.00 bis 20.00 Uhr\nMittwoch bis Sonntag 10.00 bis 20.00 Uhr\n\nMontag ist Ruhetag",
        "category": "Refill Station",
        "source": "A TIP: TAB"
      },
      "geometry": {
        "type": "Point",
        "coordinates": [
          13.361984292679459,
          52.547806181268676
        ]
      }
    },
    {
      "type": "Feature",
      "properties": {
        "name": "Hufeland Apotheke",
        "info": "Öffnungszeiten: \nMo-Fr 7-19 Uhr, \nSa 8-12 Uhr",
        "category": "Refill Station",
        "source": "A TIP: TAB"
      },
      "geometry": {
        "type": "Point",
        "coordinates": [
          13.56098207345278,
          52.55557951636406
        ]
      }
    },
    {
      "type": "Feature",
      "properties": {
        "name": "Business Design Thinking",
        "info": "Öffnungszeiten \nMo - Fr von 12 - 18h",
        "category": "Refill Station",
        "source": "A TIP: TAB"
      },
      "geometry": {
        "type": "Point",
        "coordinates": [
          13.42268016814379,
          52.5315951195227
        ]
      }
    },
    {
      "type": "Feature",
      "properties": {
        "name": "Kaufmännische Krankenkasse",
        "info": "Öffnungszeiten:\nMo. - Do. 08.00 - 18.00 Uhr\nFr. 08.00 - 16.00 Uhr",
        "category": "Refill Station",
        "source": "A TIP: TAB"
      },
      "geometry": {
        "type": "Point",
        "coordinates": [
          13.263906973071354,
          52.50822054804686
        ]
      }
    },
    {
      "type": "Feature",
      "properties": {
        "name": "Salon Heinel",
        "info": "Öffnungszeiten:\nDi-Fr 10:00-19:00 Uhr",
        "category": "Refill Station",
        "source": "A TIP: TAB"
      },
      "geometry": {
        "type": "Point",
        "coordinates": [
          13.629235324277186,
          52.52880822053589
        ]
      }
    },
    {
      "type": "Feature",
      "properties": {
        "name": "Pfefferbett Hostel",
        "info": "Öffnungszeiten:\n24/7",
        "category": "Refill Station",
        "source": "A TIP: TAB"
      },
      "geometry": {
        "type": "Point",
        "coordinates": [
          13.41090962915258,
          52.53219253967153
        ]
      }
    },
    {
      "type": "Feature",
      "properties": {
        "name": "Aquabit Gallerie",
        "info": "Öffnungszeiten:\nDi-So: 12.00–20.00 Uhr",
        "category": "Refill Station",
        "source": "A TIP: TAB"
      },
      "geometry": {
        "type": "Point",
        "coordinates": [
          13.401119566243663,
          52.52766061226263
        ]
      }
    },
    {
      "type": "Feature",
      "properties": {
        "name": "Forum Futura UG",
        "info": "Öffnungszeiten:\nMo - Fr: 9:00 bis 17:00 Uhr",
        "category": "Refill Station",
        "source": "A TIP: TAB"
      },
      "geometry": {
        "type": "Point",
        "coordinates": [
          13.423741568542896,
          52.53189531738492
        ]
      }
    },
    {
      "type": "Feature",
      "properties": {
        "name": "DAS KAPiTAL",
        "info": "Öffnungszeiten:\nMi-Mo 20.00-02.00\nDi geschlossen\nSa 14.00- 02.00",
        "category": "Refill Station",
        "source": "A TIP: TAB"
      },
      "geometry": {
        "type": "Point",
        "coordinates": [
          13.442801932544821,
          52.47390268951371
        ]
      }
    },
    {
      "type": "Feature",
      "properties": {
        "name": "Apotheke am Herrfurthplatz",
        "info": "Öffnungszeiten: \nMo-Fr 8:30-18:30,\nSa 8:30-13:00",
        "category": "Refill Station",
        "source": "A TIP: TAB"
      },
      "geometry": {
        "type": "Point",
        "coordinates": [
          13.423061293281178,
          52.47733168419326
        ]
      }
    },
    {
      "type": "Feature",
      "properties": {
        "name": "Feinkostladen, Catering und Kochkurse",
        "info": "Öffnungszeiten:\nDi - Fr: 12 bis 19 Uhr\nSa: 12 bis 18 Uhr",
        "category": "Refill Station",
        "source": "A TIP: TAB"
      },
      "geometry": {
        "type": "Point",
        "coordinates": [
          13.420335666006586,
          52.54001679482871
        ]
      }
    },
    {
      "type": "Feature",
      "properties": {
        "name": "Tina´s Feinbäckerei",
        "info": "Öffnungszeiten  \nMo-Fr von 7-15 Uhr\nSa+So von 7-11 Uhr",
        "category": "Refill Station",
        "source": "A TIP: TAB"
      },
      "geometry": {
        "type": "Point",
        "coordinates": [
          13.52213840630005,
          52.460470396308445
        ]
      }
    },
    {
      "type": "Feature",
      "properties": {
        "name": "Mikkeller Berlin",
        "info": "Sun—Thu: 15.00—00.00\nFri—Sat: 15.00—02.00",
        "category": "Refill Station",
        "source": "A TIP: TAB"
      },
      "geometry": {
        "type": "Point",
        "coordinates": [
          13.4038851751964,
          52.52953241697025
        ]
      }
    },
    {
      "type": "Feature",
      "properties": {
        "name": "M+K Bestattungen",
        "info": "Öffnungszeiten:\nVon 16-19.00 Uhr",
        "category": "Refill Station",
        "source": "A TIP: TAB"
      },
      "geometry": {
        "type": "Point",
        "coordinates": [
          13.373589205263922,
          52.487479780096315
        ]
      }
    },
    {
      "type": "Feature",
      "properties": {
        "name": "La Tienda",
        "info": "Öffnungszeiten:\nMo-Fr: 8:30- 19:00",
        "category": "Refill Station",
        "source": "A TIP: TAB"
      },
      "geometry": {
        "type": "Point",
        "coordinates": [
          13.434267730188681,
          52.49282362055631
        ]
      }
    },
    {
      "type": "Feature",
      "properties": {
        "name": "Radspannerei",
        "info": "\nÖffnungszeiten:\nMo + Di: 11 bis 19 Uhr\nMi: 12 bis 20 Uhr\nDo + Fr: 11 bis 19 Uhr\nSa: 12 bis 17 Uhr",
        "category": "Refill Station",
        "source": "A TIP: TAB"
      },
      "geometry": {
        "type": "Point",
        "coordinates": [
          13.418786606480733,
          52.49754808028114
        ]
      }
    },
    {
      "type": "Feature",
      "properties": {
        "name": "Bürgerstübchen WK3",
        "info": "Öffnungszeiten:\nMontag 10 - 13 Uhr\nDienstag 10 - 18 Uhr\nMittwoch 12 - 16 Uhr\nDonnerstag 13 - 16 Uhr",
        "category": "Refill Station",
        "source": "A TIP: TAB"
      },
      "geometry": {
        "type": "Point",
        "coordinates": [
          13.472501110971207,
          52.52942068620092
        ]
      }
    },
    {
      "type": "Feature",
      "properties": {
        "name": "Hotel Solitaire",
        "info": "Tagsüber offen",
        "category": "Refill Station",
        "source": "A TIP: TAB"
      },
      "geometry": {
        "type": "Point",
        "coordinates": [
          13.39324594167678,
          52.5765422790202
        ]
      }
    },
    {
      "type": "Feature",
      "properties": {
        "name": "Stone Brewing GmbH",
        "info": "Öffnungszeiten: \nMo-Sa 12:00 - 00:00\nSo: 10:00- 22:00",
        "category": "Refill Station",
        "source": "A TIP: TAB"
      },
      "geometry": {
        "type": "Point",
        "coordinates": [
          13.368149433922092,
          52.43857611084291
        ]
      }
    },
    {
      "type": "Feature",
      "properties": {
        "name": "Wahlkreisbüro, MdA Fraktion Bündnis 90/Die Grünen",
        "info": "Öffnungszeiten:\nDienstag 10:30-15:30 Uhr\nMittwoch 10:30-15.30 Uhr\nSamstag 10:30-13:30 Uhr\n",
        "category": "Refill Station",
        "source": "A TIP: TAB"
      },
      "geometry": {
        "type": "Point",
        "coordinates": [
          13.453459606251428,
          52.54659772037836
        ]
      }
    },
    {
      "type": "Feature",
      "properties": {
        "name": "Jones Ice Cream Shop",
        "info": "Öffnungszeiten im Sommer:\ntäglich von 12:00 bis 22:00 Uhr",
        "category": "Refill Station",
        "source": "A TIP: TAB"
      },
      "geometry": {
        "type": "Point",
        "coordinates": [
          13.353389572982392,
          52.490497893882214
        ]
      }
    },
    {
      "type": "Feature",
      "properties": {
        "name": "Stier-Apotheke",
        "info": "Öffnungszeiten:\nMo-Fr: 8.30-18.30 Uhr\nSa: 9-14 Uhr",
        "category": "Refill Station",
        "source": "A TIP: TAB"
      },
      "geometry": {
        "type": "Point",
        "coordinates": [
          13.337908784550573,
          52.47401810832043
        ]
      }
    },
    {
      "type": "Feature",
      "properties": {
        "name": "Espresso Bar",
        "info": "Öffnungszeiten:\nMontag bis Freitag von 7.30 - 17.00 Uhr",
        "category": "Refill Station",
        "source": "A TIP: TAB"
      },
      "geometry": {
        "type": "Point",
        "coordinates": [
          13.345695069686368,
          52.5026864802943
        ]
      }
    },
    {
      "type": "Feature",
      "properties": {
        "name": "Gesundbrunnen Apotheke",
        "info": "Öffnungszeiten:\nMo -Fr 8.30 - 18.30 Uhr\nSa  9 - 13.00 Uhr.",
        "category": "Refill Station",
        "source": "A TIP: TAB"
      },
      "geometry": {
        "type": "Point",
        "coordinates": [
          13.384243358571196,
          52.55056998811223
        ]
      }
    },
    {
      "type": "Feature",
      "properties": {
        "name": "Sonnenschein-Apotheke",
        "info": "Öffnungszeiten:     \nMontag -Freitag     8:00 - 19:00 Uhr\nSamstag                 8:00 -13:00 Uhr",
        "category": "Refill Station",
        "source": "A TIP: TAB"
      },
      "geometry": {
        "type": "Point",
        "coordinates": [
          13.524235223198419,
          52.47891360077956
        ]
      }
    },
    {
      "type": "Feature",
      "properties": {
        "name": "Wasserkontor",
        "info": "Öffnungszeiten: \nMo-Fr: 10-13 & 14-19 Uhr, \nSa: 10-18 Uh",
        "category": "Refill Station",
        "source": "A TIP: TAB"
      },
      "geometry": {
        "type": "Point",
        "coordinates": [
          13.433993222859685,
          52.531730403439944
        ]
      }
    },
    {
      "type": "Feature",
      "properties": {
        "name": "Tempelritter Apotheke",
        "info": "Öffnungszeiten \nMo-Fr 8-18:30 Uhr,\nSa 8:30-14 Uhr\n",
        "category": "Refill Station",
        "source": "A TIP: TAB"
      },
      "geometry": {
        "type": "Point",
        "coordinates": [
          13.406698896273365,
          52.386516110220235
        ]
      }
    },
    {
      "type": "Feature",
      "properties": {
        "name": "Lauter-Apotheke",
        "info": "Öffnungszeiten:\nMo-Fr. 9-18:30\nSa 9-14\n",
        "category": "Refill Station",
        "source": "A TIP: TAB"
      },
      "geometry": {
        "type": "Point",
        "coordinates": [
          13.334786274160624,
          52.470725990119725
        ]
      }
    },
    {
      "type": "Feature",
      "properties": {
        "name": "Apotheke Alt-Lichtenrade",
        "info": "Öffnungszeiten:\nMo., Di., Do. 08:00-19:00 Uhr \nMi., Fr. 08:00-18:30 Uhr\nSa. 08:00-14:00 Uhr",
        "category": "Refill Station",
        "source": "A TIP: TAB"
      },
      "geometry": {
        "type": "Point",
        "coordinates": [
          13.41038223980478,
          52.394402601008494
        ]
      }
    },
    {
      "type": "Feature",
      "properties": {
        "name": "ZIP Berlin",
        "info": "Öffnungszeiten:\ntäglich ab 10h (Schließung variiert je nach Saison)",
        "category": "Refill Station",
        "source": "A TIP: TAB"
      },
      "geometry": {
        "type": "Point",
        "coordinates": [
          13.430782115753173,
          52.48691178042763
        ]
      }
    },
    {
      "type": "Feature",
      "properties": {
        "name": "Buchhandlung Neues Kapitel",
        "info": "Öffnungszeiten:\n\nMo-Fr 10:00 bis 19:00\nSa 10:00 bis 18:00\n",
        "category": "Refill Station",
        "source": "A TIP: TAB"
      },
      "geometry": {
        "type": "Point",
        "coordinates": [
          13.411137700737983,
          52.548951819794695
        ]
      }
    },
    {
      "type": "Feature",
      "properties": {
        "name": "Bürgerbüro FUXXBAU",
        "info": "Öffnungszeiten:\nMo, Fr 9-14 Uhr, Mi 15-19 Uhr",
        "category": "Refill Station",
        "source": "A TIP: TAB"
      },
      "geometry": {
        "type": "Point",
        "coordinates": [
          13.358158708251155,
          52.605691688417316
        ]
      }
    },
    {
      "type": "Feature",
      "properties": {
        "name": "DRK-Kiezzentrum Humboldthain",
        "info": "Öffnungszeiten \nMo – Fr. ca. 8 – 16 Uhr\n\n(bitte sowohl innerhalb als auch außerhalb der Zeiten gerne klingeln)",
        "category": "Refill Station",
        "source": "A TIP: TAB"
      },
      "geometry": {
        "type": "Point",
        "coordinates": [
          13.376128921926082,
          52.54224839273014
        ]
      }
    },
    {
      "type": "Feature",
      "properties": {
        "name": "Pomeranza Berlin",
        "info": "Öffnungszeiten:\nMo-Fr.: 10-19 Uhr\nSa.: 11-18 Uhr",
        "category": "Refill Station",
        "source": "A TIP: TAB"
      },
      "geometry": {
        "type": "Point",
        "coordinates": [
          13.422552511758429,
          52.54140961567937
        ]
      }
    },
    {
      "type": "Feature",
      "properties": {
        "name": "Treffpunkt bürgernAH",
        "info": "Öffnungszeiten\nMontag- Freitag 10:00 - 18:00 Uhr",
        "category": "Refill Station",
        "source": "A TIP: TAB"
      },
      "geometry": {
        "type": "Point",
        "coordinates": [
          13.591171509395899,
          52.52166562365446
        ]
      }
    },
    {
      "type": "Feature",
      "properties": {
        "name": "denn's Biomarkt",
        "info": "Mo - Sa 9 - 22 Uhr\nBäcker ab 7.30 Uhr\nSo 7.30 - 18 Uhr",
        "category": "Refill Station",
        "source": "A TIP: TAB"
      },
      "geometry": {
        "type": "Point",
        "coordinates": [
          13.404136213196505,
          52.54026351614868
        ]
      }
    },
    {
      "type": "Feature",
      "properties": {
        "name": "denn's Biomarkt",
        "info": "Öffnungszeiten:\nMo - Sa 8 -21 Uhr \nBäcker ab 7:30 Uhr",
        "category": "Refill Station",
        "source": "A TIP: TAB"
      },
      "geometry": {
        "type": "Point",
        "coordinates": [
          13.425810138427565,
          52.53897408607368
        ]
      }
    },
    {
      "type": "Feature",
      "properties": {
        "name": "denn's Biomarkt",
        "info": "Öffnungszeiten:\nMo - Sa 8 -20 Uhr",
        "category": "Refill Station",
        "source": "A TIP: TAB"
      },
      "geometry": {
        "type": "Point",
        "coordinates": [
          13.578634864454454,
          52.45847101903449
        ]
      }
    },
    {
      "type": "Feature",
      "properties": {
        "name": "denn's Biomarkt",
        "info": "Öffnungszeiten:\nMo-Sa 08-21 Uhr\n\nBäcker ab 7.30 Uhr",
        "category": "Refill Station",
        "source": "A TIP: TAB"
      },
      "geometry": {
        "type": "Point",
        "coordinates": [
          13.32338059941464,
          52.505017780934004
        ]
      }
    },
    {
      "type": "Feature",
      "properties": {
        "name": "denn's Biomarkt",
        "info": "Öffnungszeiten:\nMo-Sa 08-21 Uhr",
        "category": "Refill Station",
        "source": "A TIP: TAB"
      },
      "geometry": {
        "type": "Point",
        "coordinates": [
          13.3581546011186,
          52.48851020936319
        ]
      }
    },
    {
      "type": "Feature",
      "properties": {
        "name": "Amazingy - Organic & Natural Beauty Boutique",
        "info": "Öffnungszeiten \nDi - Fr. 14-18 Uhr \nSa 12 -16 Uhr \n",
        "category": "Refill Station",
        "source": "A TIP: TAB"
      },
      "geometry": {
        "type": "Point",
        "coordinates": [
          13.471867858186302,
          52.51732698293279
        ]
      }
    },
    {
      "type": "Feature",
      "properties": {
        "name": "HALM - Trinkhalme aus Glas",
        "info": "Öffnungszeiten \nMo - Fr. 10 -18 Uhr \n",
        "category": "Refill Station",
        "source": "A TIP: TAB"
      },
      "geometry": {
        "type": "Point",
        "coordinates": [
          13.45438035831525,
          52.52002800932156
        ]
      }
    },
    {
      "type": "Feature",
      "properties": {
        "name": "denn's Biomarkt",
        "info": "Öffnungszeiten:\nMo - Sa 8 - 20 Uhr\n\nBäcker ab 7.30 Uhr",
        "category": "Refill Station",
        "source": "A TIP: TAB"
      },
      "geometry": {
        "type": "Point",
        "coordinates": [
          13.40385608999238,
          52.41572138500201
        ]
      }
    },
    {
      "type": "Feature",
      "properties": {
        "name": "Paasbburs´s Wein aus Leidenschaft",
        "info": "Öffnungszeiten\nMontag bis Freitag 11-19 Uhr\nSamstags 11-15 Uhr.",
        "category": "Refill Station",
        "source": "A TIP: TAB"
      },
      "geometry": {
        "type": "Point",
        "coordinates": [
          13.320663773138385,
          52.47273110899736
        ]
      }
    },
    {
      "type": "Feature",
      "properties": {
        "name": "CAVACLUB",
        "info": "Öffnungszeiten\nMontag bis Samstag 09:00 - 20:00",
        "category": "Refill Station",
        "source": "A TIP: TAB"
      },
      "geometry": {
        "type": "Point",
        "coordinates": [
          13.394803886019998,
          52.48926135361626
        ]
      }
    },
    {
      "type": "Feature",
      "properties": {
        "name": "denn's Biomarkt",
        "info": "Öffnungszeiten:\nMo - Sa 8-21 Uhr\n\nBäcker ab 7.30 Uhr",
        "category": "Refill Station",
        "source": "A TIP: TAB"
      },
      "geometry": {
        "type": "Point",
        "coordinates": [
          13.271774311210855,
          52.603351796326855
        ]
      }
    },
    {
      "type": "Feature",
      "properties": {
        "name": "BerlinApotheke Oranienburger Tor",
        "info": "Öffnungszeiten\nTäglich 8-24 Uhr",
        "category": "Refill Station",
        "source": "A TIP: TAB"
      },
      "geometry": {
        "type": "Point",
        "coordinates": [
          13.387575751816657,
          52.52612056328269
        ]
      }
    },
    {
      "type": "Feature",
      "properties": {
        "name": "Klas Bäckerei",
        "info": "Öffnungszeiten: \nMo-So 6-20h",
        "category": "Refill Station",
        "source": "A TIP: TAB"
      },
      "geometry": {
        "type": "Point",
        "coordinates": [
          13.427132467472521,
          52.50039520324226
        ]
      }
    },
    {
      "type": "Feature",
      "properties": {
        "name": "Hair and beauty Salon Bordel! Mitte",
        "info": "Öffnungszeiten:\nDi - Sa 10.00 - 19.00",
        "category": "Refill Station",
        "source": "A TIP: TAB"
      },
      "geometry": {
        "type": "Point",
        "coordinates": [
          13.352667891118987,
          52.4947299167955
        ]
      }
    },
    {
      "type": "Feature",
      "properties": {
        "name": "neobeauty",
        "info": "Öffnungszeiten:\nMo-Fr: 9.00-20.00 Uhr \n\n",
        "category": "Refill Station",
        "source": "A TIP: TAB"
      },
      "geometry": {
        "type": "Point",
        "coordinates": [
          13.424738093011426,
          52.534543495874175
        ]
      }
    },
    {
      "type": "Feature",
      "properties": {
        "name": "KlimaWerkstatt Spandau",
        "info": "Öffnungszeiten:\n\ndienstags 15 - 18 Uhr\ndonnerstags 10 - 12 Uhr\n",
        "category": "Refill Station",
        "source": "A TIP: TAB"
      },
      "geometry": {
        "type": "Point",
        "coordinates": [
          13.205327695796884,
          52.537621079263104
        ]
      }
    },
    {
      "type": "Feature",
      "properties": {
        "name": "STA Travel Berlin Dahlem",
        "info": "Öffnungszeiten\nMo-Fr: 10:00-19:00 Uhr\nSa: 10:00-14:00 Uhr",
        "category": "Refill Station",
        "source": "A TIP: TAB"
      },
      "geometry": {
        "type": "Point",
        "coordinates": [
          13.292456070563038,
          52.45779656919548
        ]
      }
    },
    {
      "type": "Feature",
      "properties": {
        "name": "The Circus Café",
        "info": "Öffnungszeiten:\n\nMo-So: 8:00-21:00\n\n",
        "category": "Refill Station",
        "source": "A TIP: TAB"
      },
      "geometry": {
        "type": "Point",
        "coordinates": [
          13.40194258531646,
          52.53016478965532
        ]
      }
    },
    {
      "type": "Feature",
      "properties": {
        "name": "NOVOPRAXIS Berlin GbR",
        "info": "Öffnungszeiten\nMo - Fr 09:00 - 13:00 Uhr\nMo 15:00 - 18:00 Uhr\nDi 15:00 - 17:00 Uhr\nDo 15:00 - 20:00 Uhr",
        "category": "Refill Station",
        "source": "A TIP: TAB"
      },
      "geometry": {
        "type": "Point",
        "coordinates": [
          13.387031095748316,
          52.51181818661831
        ]
      }
    },
    {
      "type": "Feature",
      "properties": {
        "name": "Kiosk Dunckerstraße",
        "info": "Öffnungszeiten ca.: Mo bis Fr 9:00-22:00 Uhr | Sa 9:30-23:00 Uhr | So 10:00-23:00 Uhr",
        "category": "Refill Station",
        "source": "A TIP: TAB"
      },
      "geometry": {
        "type": "Point",
        "coordinates": [
          13.421101269042632,
          52.54312920502533
        ]
      }
    },
    {
      "type": "Feature",
      "properties": {
        "name": "Öffentlicher Trinkbrunnen",
        "info": "Öffnungszeiten\njederzeit\n\n",
        "category": "Refill Station",
        "source": "A TIP: TAB"
      },
      "geometry": {
        "type": "Point",
        "coordinates": [
          13.092017189176762,
          52.39292487147866
        ]
      }
    },
    {
      "type": "Feature",
      "properties": {
        "name": "Café 9 / KFE9 GmbH",
        "info": "Öffnungszeiten:\n07:30 - 19:00",
        "category": "Refill Station",
        "source": "A TIP: TAB"
      },
      "geometry": {
        "type": "Point",
        "coordinates": [
          13.43148862637183,
          52.502166089835654
        ]
      }
    },
    {
      "type": "Feature",
      "properties": {
        "name": "Konditorei Junge GmbH",
        "info": "Öffnungszeiten\nMo - Fr: 06.30 - 18.30h\nSa 06.30 - 18.30h\nSo 06.30 - 18.00h\n\n",
        "category": "Refill Station",
        "source": "A TIP: TAB"
      },
      "geometry": {
        "type": "Point",
        "coordinates": [
          13.509203369500677,
          52.456981596749735
        ]
      }
    },
    {
      "type": "Feature",
      "properties": {
        "name": "Borussia Apotheke",
        "info": "Öffnungszeiten:\nMo-Fr:  9:00 – 18.00",
        "category": "Refill Station",
        "source": "A TIP: TAB"
      },
      "geometry": {
        "type": "Point",
        "coordinates": [
          13.295649240396754,
          52.51362528303341
        ]
      }
    },
    {
      "type": "Feature",
      "properties": {
        "name": "Umweltbüro Lichtenberg",
        "info": "Öffnungszeiten \nDienstag 9-12, \nMittwoch 14-18, \nDonnerstag 12-16 Uhr",
        "category": "Refill Station",
        "source": "A TIP: TAB"
      },
      "geometry": {
        "type": "Point",
        "coordinates": [
          13.53147953447489,
          52.56426438342979
        ]
      }
    },
    {
      "type": "Feature",
      "properties": {
        "name": "GRÜNE LIGA Berlin e.V.",
        "info": "Öffnungszeiten:\nMo-Do: 09:00-17:30 \nFr: 09:00-15:00",
        "category": "Refill Station",
        "source": "A TIP: TAB"
      },
      "geometry": {
        "type": "Point",
        "coordinates": [
          13.418780320053353,
          52.529765391969015
        ]
      }
    },
    {
      "type": "Feature",
      "properties": {
        "name": "Rathaus - Apotheke",
        "info": "Öffnungszeiten:\nMo- Fr 8.30-18.30 Uhr  \nSa 8.30-14.00 Uhr",
        "category": "Refill Station",
        "source": "A TIP: TAB"
      },
      "geometry": {
        "type": "Point",
        "coordinates": [
          13.288994009275452,
          52.4767048854738
        ]
      }
    },
    {
      "type": "Feature",
      "properties": {
        "name": "Cine Mask",
        "info": "Öffnungszeiten\nMo-Fr 11:30-18:30 Uhr und Sa 11:30-15:00",
        "category": "Refill Station",
        "source": "A TIP: TAB"
      },
      "geometry": {
        "type": "Point",
        "coordinates": [
          13.403601028678754,
          52.49000231385697
        ]
      }
    },
    {
      "type": "Feature",
      "properties": {
        "name": "denn's Biomarkt",
        "info": "Öffnungszeiten:\nMo – Sa: 08:00 – 21:00 Uhr\nBack ab 07:30\n",
        "category": "Refill Station",
        "source": "A TIP: TAB"
      },
      "geometry": {
        "type": "Point",
        "coordinates": [
          13.355941778680283,
          52.54845049816577
        ]
      }
    },
    {
      "type": "Feature",
      "properties": {
        "name": "GLS Bank",
        "info": "Öffnungszeiten:\nMo-Mi. 10-12.30 und 14-16 Uhr\nDo. 10-12.30 und 14-19 Uhr\nFr. 10-13.00 Uhr",
        "category": "Refill Station",
        "source": "A TIP: TAB"
      },
      "geometry": {
        "type": "Point",
        "coordinates": [
          13.382768814164573,
          52.52411548631457
        ]
      }
    },
    {
      "type": "Feature",
      "properties": {
        "name": "Grünes Kiezbüro",
        "info": "Silke Gebel, MdA & Marc Urbatsch, MdA",
        "category": "Refill Station",
        "source": "A TIP: TAB"
      },
      "geometry": {
        "type": "Point",
        "coordinates": [
          13.350163462269196,
          52.546896786683654
        ]
      }
    },
    {
      "type": "Feature",
      "properties": {
        "name": "Reformhaus DEMSKI",
        "info": "Öffnungszeiten:\nMo–Fr 9.00–19.00 Uhr\nSa         8.30–14.00 Uhr",
        "category": "Refill Station",
        "source": "A TIP: TAB"
      },
      "geometry": {
        "type": "Point",
        "coordinates": [
          13.251913307817613,
          52.44949039651523
        ]
      }
    },
    {
      "type": "Feature",
      "properties": {
        "name": "Reformhaus DEMSKI",
        "info": "Schultheiss Quartier\nÖffnungszeiten:\nMo–Sa 09:00–20:00 Uhr",
        "category": "Refill Station",
        "source": "A TIP: TAB"
      },
      "geometry": {
        "type": "Point",
        "coordinates": [
          13.34434122468547,
          52.52642210224943
        ]
      }
    },
    {
      "type": "Feature",
      "properties": {
        "name": "Reformhaus DEMSKI",
        "info": "Öffnungszeiten:\nMo–Fr    8.00–19.00 Uhr   \nSa & So  8.00–14.00 Uhr",
        "category": "Refill Station",
        "source": "A TIP: TAB"
      },
      "geometry": {
        "type": "Point",
        "coordinates": [
          13.289275389765052,
          52.63265912077979
        ]
      }
    },
    {
      "type": "Feature",
      "properties": {
        "name": "Bündnis 90/Die Grünen Kreisverband Lichtenberg",
        "info": "Öffnungszeiten: \nDi.- Do. 15-19 Uhr",
        "category": "Refill Station",
        "source": "A TIP: TAB"
      },
      "geometry": {
        "type": "Point",
        "coordinates": [
          13.493291667426606,
          52.50421689008559
        ]
      }
    },
    {
      "type": "Feature",
      "properties": {
        "name": "Akademie Berlin-Schmöckwitz GmbH",
        "info": "Akademie Berlin-Schmöckwitz GmbH",
        "category": "Refill Station",
        "source": "A TIP: TAB"
      },
      "geometry": {
        "type": "Point",
        "coordinates": [
          13.695766932189356,
          52.37264515011229
        ]
      }
    },
    {
      "type": "Feature",
      "properties": {
        "name": "Wahlkreisbüro: 'Dein Grünes Büro'",
        "info": "Wahlkreisbüro: 'Dein Grünes Büro'",
        "category": "Refill Station",
        "source": "A TIP: TAB"
      },
      "geometry": {
        "type": "Point",
        "coordinates": [
          13.439638183191251,
          52.49964271788469
        ]
      }
    },
    {
      "type": "Feature",
      "properties": {
        "name": "Cafe Prenzlau",
        "info": "Öffnungszeiten:\ntäglich von 15:30- 2:00\n",
        "category": "Refill Station",
        "source": "A TIP: TAB"
      },
      "geometry": {
        "type": "Point",
        "coordinates": [
          13.420825336790097,
          52.53272248549979
        ]
      }
    },
    {
      "type": "Feature",
      "properties": {
        "name": "BerlinBeerAcademy",
        "info": "Öffnungszeiten:\nDi-Sa :14:00-00:00 Uhr\nSo 14:00-19:00 Uhr",
        "category": "Refill Station",
        "source": "A TIP: TAB"
      },
      "geometry": {
        "type": "Point",
        "coordinates": [
          13.386688024451345,
          52.52499219147721
        ]
      }
    },
    {
      "type": "Feature",
      "properties": {
        "name": "Karsten Heidt Immobilien",
        "info": "Öffnungszeiten:\nMontag – Freitag von 08.00 bis 16.00 Uhr\n",
        "category": "Refill Station",
        "source": "A TIP: TAB"
      },
      "geometry": {
        "type": "Point",
        "coordinates": [
          13.688898130175145,
          52.44076659550926
        ]
      }
    },
    {
      "type": "Feature",
      "properties": {
        "name": "Prăvălia - Romanian Delights",
        "info": "Öffnungszeiten:\nDienstag-Freitag von 11-18:30 Uhr \nSamstag von 11-17:00 Uhr",
        "category": "Refill Station",
        "source": "A TIP: TAB"
      },
      "geometry": {
        "type": "Point",
        "coordinates": [
          13.441221189424963,
          52.47295871957809
        ]
      }
    },
    {
      "type": "Feature",
      "properties": {
        "name": "Black Dog Comics OHG",
        "info": "Öffnungszeiten:\nDi-Fr: 11:00 - 19:00\nSa: 11:00 - 17:00",
        "category": "Refill Station",
        "source": "A TIP: TAB"
      },
      "geometry": {
        "type": "Point",
        "coordinates": [
          13.415682117182614,
          52.551205001096804
        ]
      }
    },
    {
      "type": "Feature",
      "properties": {
        "name": "Blumen Weyer",
        "info": "Öffnungszeiten:\nMo-Fr: 8:00 - 18:00 Uhr \nSa: 8:00 - 15:00 Uhr",
        "category": "Refill Station",
        "source": "A TIP: TAB"
      },
      "geometry": {
        "type": "Point",
        "coordinates": [
          13.461630034009755,
          52.47021549030683
        ]
      }
    },
    {
      "type": "Feature",
      "properties": {
        "name": "Blumen Weyer",
        "info": "Öffnungszeiten:\nMo-Fr: 8:00 - 18:00 Uhr \nSa: 8:00 - 15:00 Uhr",
        "category": "Refill Station",
        "source": "A TIP: TAB"
      },
      "geometry": {
        "type": "Point",
        "coordinates": [
          13.32547029169531,
          52.461564905225096
        ]
      }
    },
    {
      "type": "Feature",
      "properties": {
        "name": "Philantow Familienzentrum",
        "info": "Öffnungszeiten: \nMo-Fr 9:00-18:00 Uhr",
        "category": "Refill Station",
        "source": "A TIP: TAB"
      },
      "geometry": {
        "type": "Point",
        "coordinates": [
          13.283493720592695,
          52.39428651164951
        ]
      }
    },
    {
      "type": "Feature",
      "properties": {
        "name": "Tattoocafé Diamantfabrikken",
        "info": "Öffnungszeiten:\nMontag-Samstag 11Uhr - 19.30 Uhr\nSonntag 11Uhr bis 18 Uhr\n\n",
        "category": "Refill Station",
        "source": "A TIP: TAB"
      },
      "geometry": {
        "type": "Point",
        "coordinates": [
          13.34415439206369,
          52.55529071789016
        ]
      }
    },
    {
      "type": "Feature",
      "properties": {
        "name": "avenius GmbH - ihr berliner pflegeteam",
        "info": "Öffnungszeiten:\nMontag: 08:00 – 16:00\nDienstag: 08:00 – 16:00\nMittwoch: 08:00 – 16:00\nDonnerstag: 08:00 – 18:00\nFreitag: 08:00 – 15:00",
        "category": "Refill Station",
        "source": "A TIP: TAB"
      },
      "geometry": {
        "type": "Point",
        "coordinates": [
          13.477423132153891,
          52.500160887138996
        ]
      }
    },
    {
      "type": "Feature",
      "properties": {
        "name": "Flussbad Berlin",
        "info": "Öffnungszeiten:\nab 1. Mai  bei schönem Wetter täglich von 10 bis 20 Uhr",
        "category": "Refill Station",
        "source": "A TIP: TAB"
      },
      "geometry": {
        "type": "Point",
        "coordinates": [
          13.44497133672469,
          52.500923388870866
        ]
      }
    },
    {
      "type": "Feature",
      "properties": {
        "name": "LUSH",
        "info": "Öffnungszeiten:\nMo - Sa 10 - 20 Uhr",
        "category": "Refill Station",
        "source": "A TIP: TAB"
      },
      "geometry": {
        "type": "Point",
        "coordinates": [
          13.40990296258121,
          52.51896241797086
        ]
      }
    },
    {
      "type": "Feature",
      "properties": {
        "name": "LUSH",
        "info": "Öffnungszeiten:\nMo - Sa 10 - 20 Uhr",
        "category": "Refill Station",
        "source": "A TIP: TAB"
      },
      "geometry": {
        "type": "Point",
        "coordinates": [
          13.323649909963668,
          52.463127082429416
        ]
      }
    },
    {
      "type": "Feature",
      "properties": {
        "name": "TORREFAZIONE",
        "info": "Öffnungszeiten:\nMo-Fr: 9:00-18:30\nSa: 8:30-14:00",
        "category": "Refill Station",
        "source": "A TIP: TAB"
      },
      "geometry": {
        "type": "Point",
        "coordinates": [
          13.326483663789222,
          52.42704060041674
        ]
      }
    },
    {
      "type": "Feature",
      "properties": {
        "name": "Kiehl’s",
        "info": "Münzstrasse 14-16\n10178 Berlin",
        "category": "Refill Station",
        "source": "A TIP: TAB"
      },
      "geometry": {
        "type": "Point",
        "coordinates": [
          13.40947783245215,
          52.52407910885479
        ]
      }
    },
    {
      "type": "Feature",
      "properties": {
        "name": "Adler Apotheke Adlershof oHG",
        "info": "Öffnungszeiten: \nMo - Fr 08:00 - 19:00 Uhr\nSa 09:00 - 14:00 Uhr",
        "category": "Refill Station",
        "source": "A TIP: TAB"
      },
      "geometry": {
        "type": "Point",
        "coordinates": [
          13.543221994090462,
          52.43601648716071
        ]
      }
    },
    {
      "type": "Feature",
      "properties": {
        "name": "Quartier Apotheke Nolleturm",
        "info": "Öffnungszeiten:\nMo-Fr 8.30-20 Uhr\nSa 9-17 Uhr",
        "category": "Refill Station",
        "source": "A TIP: TAB"
      },
      "geometry": {
        "type": "Point",
        "coordinates": [
          13.352303194511823,
          52.49945940566224
        ]
      }
    },
    {
      "type": "Feature",
      "properties": {
        "name": "Quartier Apotheke Motzstraße",
        "info": "Öffnungszeiten:\nMo-Fr 8.30-20 Uhr\nSa 9-16 Uhr",
        "category": "Refill Station",
        "source": "A TIP: TAB"
      },
      "geometry": {
        "type": "Point",
        "coordinates": [
          13.344957126930801,
          52.49674148973857
        ]
      }
    },
    {
      "type": "Feature",
      "properties": {
        "name": "Quartier Apotheke Goltzstraße",
        "info": "Öffnungszeiten:\nMo-Fr 9-20 Uhr\nSa 9-17 Uhr",
        "category": "Refill Station",
        "source": "A TIP: TAB"
      },
      "geometry": {
        "type": "Point",
        "coordinates": [
          13.353601718951763,
          52.493868718153735
        ]
      }
    },
    {
      "type": "Feature",
      "properties": {
        "name": "Meraner Apotheke",
        "info": "Öffnungszeiten:\nMo-Fr: 8:30 - 19:00 Uhr\nSa: 8:30 - 13:00 Uhr",
        "category": "Refill Station",
        "source": "A TIP: TAB"
      },
      "geometry": {
        "type": "Point",
        "coordinates": [
          13.33867262738695,
          52.48662231140147
        ]
      }
    },
    {
      "type": "Feature",
      "properties": {
        "name": "Apotheke am Helmholtzplatz",
        "info": "Öffnungszeiten: \nMo - Fr 8.00 bis 19.00, Sa 8.30 bis 13.30",
        "category": "Refill Station",
        "source": "A TIP: TAB"
      },
      "geometry": {
        "type": "Point",
        "coordinates": [
          13.419945823689897,
          52.54206428422689
        ]
      }
    },
    {
      "type": "Feature",
      "properties": {
        "name": "Vita Apotheke im Prenzlauer Berg",
        "info": "Öffnungszeiten: \nMo-Fr : 8-19 Uhr\nSamstag: 8-14 Uhr",
        "category": "Refill Station",
        "source": "A TIP: TAB"
      },
      "geometry": {
        "type": "Point",
        "coordinates": [
          13.407907734349328,
          52.55091029338115
        ]
      }
    },
    {
      "type": "Feature",
      "properties": {
        "name": "Ahorn Apotheke",
        "info": "Öffnungszeiten: \nMo-Fr: 8.30-18.30 Uhr\nSa  :     9.00-13-00 Uhr",
        "category": "Refill Station",
        "source": "A TIP: TAB"
      },
      "geometry": {
        "type": "Point",
        "coordinates": [
          13.449966112826935,
          52.52366780886597
        ]
      }
    },
    {
      "type": "Feature",
      "properties": {
        "name": "Kiezbüro DIE LINKE",
        "info": "Öffnungszeiten: \nMontag     12.00 - 15.00 Uhr\nDienstag   10.00 - 15.00 Uhr\nMittwoch   16.00 - 18.00 Uhr\nDonnerstag 15.00 - 19.00Uhr",
        "category": "Refill Station",
        "source": "A TIP: TAB"
      },
      "geometry": {
        "type": "Point",
        "coordinates": [
          13.591638213764707,
          52.521630796846765
        ]
      }
    },
    {
      "type": "Feature",
      "properties": {
        "name": "Friedrichsberg Apotheke",
        "info": "Öffnungszeiten \nMontag – Freitag 8.00-19.00 Uhr\nSamstag              8.00-13.00 Uhr",
        "category": "Refill Station",
        "source": "A TIP: TAB"
      },
      "geometry": {
        "type": "Point",
        "coordinates": [
          13.477510220127883,
          52.51241502003391
        ]
      }
    },
    {
      "type": "Feature",
      "properties": {
        "name": "Apotheke Carmer-7",
        "info": "Öffnungszeiten: \nMo, Di, Do, Fr 8-20h\nMi 8-19h \nSa 9-14h",
        "category": "Refill Station",
        "source": "A TIP: TAB"
      },
      "geometry": {
        "type": "Point",
        "coordinates": [
          13.323523259406688,
          52.50698358868574
        ]
      }
    },
    {
      "type": "Feature",
      "properties": {
        "name": "Teltow - Apotheke",
        "info": "Öffnungszeiten:\nMo., Di., Do. 08:30-19:30 Uhr \nMi., Fr. 08:30-18:30 Uhr \nSa. 08:30-14:00 Uhr",
        "category": "Refill Station",
        "source": "A TIP: TAB"
      },
      "geometry": {
        "type": "Point",
        "coordinates": [
          13.419163456847501,
          52.39318492002468
        ]
      }
    },
    {
      "type": "Feature",
      "properties": {
        "name": "Polly Paper, Umweltfreundliche Schreibwaren",
        "info": "Öffnungszeiten:\nMontag - Freitag: 10 - 19 Uhr\nSamstag: 11 - 16 Uhr",
        "category": "Refill Station",
        "source": "A TIP: TAB"
      },
      "geometry": {
        "type": "Point",
        "coordinates": [
          13.401648631972098,
          52.52673281940014
        ]
      }
    },
    {
      "type": "Feature",
      "properties": {
        "name": "Zweimalschön",
        "info": "Öffnungszeiten:\nMontags - Samstags 11.00 -20.00 Uhr",
        "category": "Refill Station",
        "source": "A TIP: TAB"
      },
      "geometry": {
        "type": "Point",
        "coordinates": [
          13.416588871468132,
          52.540097219189676
        ]
      }
    },
    {
      "type": "Feature",
      "properties": {
        "name": "Quartiersmanagement am Mariannenplatz",
        "info": "Öffnungszeiten:\nMontag: 10:00–17:00 \nDienstag: 10:00–17:00\nMittwoch: 10:00–17:00\nDonnerstag: 10:00–18:00\nFreitag: 10:00–15:00",
        "category": "Refill Station",
        "source": "A TIP: TAB"
      },
      "geometry": {
        "type": "Point",
        "coordinates": [
          13.422968924708185,
          52.50119873439018
        ]
      }
    },
    {
      "type": "Feature",
      "properties": {
        "name": "Die Wohlfühler",
        "info": "Öffnungszeiten:\nMO - FR  08.00-20.00 Uhr\nSA 10.00-20.00 Uhr",
        "category": "Refill Station",
        "source": "A TIP: TAB"
      },
      "geometry": {
        "type": "Point",
        "coordinates": [
          13.419107298096225,
          52.537550587457396
        ]
      }
    },
    {
      "type": "Feature",
      "properties": {
        "name": "Thalia Buchhandlung Linden-Center",
        "info": "Öffnungszeiten:\nMo-Sa 9.30-20 Uhr",
        "category": "Refill Station",
        "source": "A TIP: TAB"
      },
      "geometry": {
        "type": "Point",
        "coordinates": [
          13.506317144961244,
          52.564638551587535
        ]
      }
    },
    {
      "type": "Feature",
      "properties": {
        "name": "Café Maggie",
        "info": "Treffpunkt für junge Leute\nÖffnungszeiten:\nDienstags bis Freitags 14 bis 20 Uhr",
        "category": "Refill Station",
        "source": "A TIP: TAB"
      },
      "geometry": {
        "type": "Point",
        "coordinates": [
          13.49080986971539,
          52.51231012051567
        ]
      }
    },
    {
      "type": "Feature",
      "properties": {
        "name": "denn's Biomarkt",
        "info": "Öffnungszeiten:\nMo-Sa 08-21 Uhr\nBäcker ab 07.30 Uhr",
        "category": "Refill Station",
        "source": "A TIP: TAB"
      },
      "geometry": {
        "type": "Point",
        "coordinates": [
          13.414458107861904,
          52.5076491956169
        ]
      }
    },
    {
      "type": "Feature",
      "properties": {
        "name": "denn's Biomarkt",
        "info": "Öffnungszeiten:\nMo-Sa 8-21 Uhr\nBäcker ab 7.30 Uhr",
        "category": "Refill Station",
        "source": "A TIP: TAB"
      },
      "geometry": {
        "type": "Point",
        "coordinates": [
          13.450943107461065,
          52.54745221349758
        ]
      }
    },
    {
      "type": "Feature",
      "properties": {
        "name": "Komm & Sieh Cityladen  Kiezladen am Ku´damm",
        "info": "Öffnungszeiten:\nMo-Fr 10-18 Uhr,\nDo 10-20 Uhr\nSa      11-16 Uhr \n",
        "category": "Refill Station",
        "source": "A TIP: TAB"
      },
      "geometry": {
        "type": "Point",
        "coordinates": [
          13.388859859383134,
          52.51703650807824
        ]
      }
    },
    {
      "type": "Feature",
      "properties": {
        "name": "Quartiersmanagement Wassertorplatz",
        "info": "Öffnungszeiten\nMontag: 13 - 15 Uhr\nDienstag: 13 - 18 Uhr\nMittwoch: 10 - 16 Uhr\nDonnerstag: 10 - 13 Uhr\nFreitag: nach Vereinbarung",
        "category": "Refill Station",
        "source": "A TIP: TAB"
      },
      "geometry": {
        "type": "Point",
        "coordinates": [
          13.4100467960397,
          52.49984660767943
        ]
      }
    },
    {
      "type": "Feature",
      "properties": {
        "name": "Der Malerladen",
        "info": "Öffnungszeiten:\nMo-So 9-23 Uhr",
        "category": "Refill Station",
        "source": "A TIP: TAB"
      },
      "geometry": {
        "type": "Point",
        "coordinates": [
          13.430958722453079,
          52.50102007412399
        ]
      }
    },
    {
      "type": "Feature",
      "properties": {
        "name": "Wunderhaus Wellness",
        "info": "Öffnungszeiten \nMo.-Fr. 09:30-18:00",
        "category": "Refill Station",
        "source": "A TIP: TAB"
      },
      "geometry": {
        "type": "Point",
        "coordinates": [
          13.416646203685852,
          52.53270651797424
        ]
      }
    },
    {
      "type": "Feature",
      "properties": {
        "name": "denn's Biomarkt",
        "info": "Öffnungszeiten:\nMo - Sa 8-20 Uhr\nBäcker ab 7.30 Uhr",
        "category": "Refill Station",
        "source": "A TIP: TAB"
      },
      "geometry": {
        "type": "Point",
        "coordinates": [
          13.429132892484374,
          52.607372008546896
        ]
      }
    },
    {
      "type": "Feature",
      "properties": {
        "name": "denn's Biomarkt",
        "info": "Öffnungszeiten:\nMo - Sa 8-21 Uhr\nBäcker ab 7.30 Uhr\n",
        "category": "Refill Station",
        "source": "A TIP: TAB"
      },
      "geometry": {
        "type": "Point",
        "coordinates": [
          13.411782772006365,
          52.53061288619908
        ]
      }
    },
    {
      "type": "Feature",
      "properties": {
        "name": "denn's Biomarkt",
        "info": "Öffnungszeiten:\nMo - Sa 8-21 Uhr",
        "category": "Refill Station",
        "source": "A TIP: TAB"
      },
      "geometry": {
        "type": "Point",
        "coordinates": [
          13.416391310010287,
          52.540741787543865
        ]
      }
    },
    {
      "type": "Feature",
      "properties": {
        "name": "denn's Biomarkt",
        "info": "Öffnungszeiten:\nMo - Sa 9-21 Uhr",
        "category": "Refill Station",
        "source": "A TIP: TAB"
      },
      "geometry": {
        "type": "Point",
        "coordinates": [
          13.19798523243423,
          52.53409498023525
        ]
      }
    },
    {
      "type": "Feature",
      "properties": {
        "name": "denn's Biomarkt",
        "info": "Öffnungszeiten:\nMo - Sa 8 - 20 Uhr\nBäcker ab 7.30 - 20 Uhr",
        "category": "Refill Station",
        "source": "A TIP: TAB"
      },
      "geometry": {
        "type": "Point",
        "coordinates": [
          13.269547993908425,
          52.406227203275186
        ]
      }
    },
    {
      "type": "Feature",
      "properties": {
        "name": "Stone Brewing Tap Room",
        "info": "\n\nÖffnungszeiten\nMontag - Donnerstag: 15:00 Uhr - 00:00 Uhr, \nFreitag: 15:00 Uhr - 01:00 Uhr, \nSamstag: 10:00 Uhr - 01:00 Uhr, \nSonntag: 10:00 Uhr - 22:00 Uhr",
        "category": "Refill Station",
        "source": "A TIP: TAB"
      },
      "geometry": {
        "type": "Point",
        "coordinates": [
          13.408480972707496,
          52.53922189704106
        ]
      }
    },
    {
      "type": "Feature",
      "properties": {
        "name": "Wrangel-Apotheke",
        "info": "Öffnungszeiten\nMo-Fr 8:30 - 19 Uhr\nSa 8:30 - 14 Uhr\n",
        "category": "Refill Station",
        "source": "A TIP: TAB"
      },
      "geometry": {
        "type": "Point",
        "coordinates": [
          13.432331091459995,
          52.50178965856404
        ]
      }
    },
    {
      "type": "Feature",
      "properties": {
        "name": "Der Malerladen",
        "info": "Öffnungszeiten:\nMontag bis Freitag 10.00-18.00 Uhr,\nSamstag 10.00-15.00 Uhr\n",
        "category": "Refill Station",
        "source": "A TIP: TAB"
      },
      "geometry": {
        "type": "Point",
        "coordinates": [
          13.430070492173577,
          52.501305310289055
        ]
      }
    },
    {
      "type": "Feature",
      "properties": {
        "name": "Radlust Bike Doctor",
        "info": "Öffnungszeiten:\nDienstag bis Freitag 11.00-19.00 Uhr\nSamstag 11.00-18.00 Uhr",
        "category": "Refill Station",
        "source": "A TIP: TAB"
      },
      "geometry": {
        "type": "Point",
        "coordinates": [
          13.432062870558381,
          52.49993478530084
        ]
      }
    },
    {
      "type": "Feature",
      "properties": {
        "name": "Bürgerbüro von Helin Evrim Sommer, MdB",
        "info": "Öffnungszeiten: \nDienstags, Donnerstags 14-19 Uhr\nFreitag 10-14 Uhr\n\nIn der Regel ist das Bürgerbüro auch außerhalb der Öffnungszeiten besetzt. Man braucht nur klingeln.",
        "category": "Refill Station",
        "source": "A TIP: TAB"
      },
      "geometry": {
        "type": "Point",
        "coordinates": [
          13.271447919901203,
          52.53621476354832
        ]
      }
    },
    {
      "type": "Feature",
      "properties": {
        "name": "Das Café Frühstückshaus",
        "info": "Öffnungszeiten: \nMo-So 7-24h",
        "category": "Refill Station",
        "source": "A TIP: TAB"
      },
      "geometry": {
        "type": "Point",
        "coordinates": [
          13.419614738514467,
          52.501088218996806
        ]
      }
    },
    {
      "type": "Feature",
      "properties": {
        "name": "Hair and beauty , Bordel!",
        "info": "Öffnungszeiten:\nDi - Sa: 10.00 - 19.00",
        "category": "Refill Station",
        "source": "A TIP: TAB"
      },
      "geometry": {
        "type": "Point",
        "coordinates": [
          13.379842105032802,
          52.52205521451405
        ]
      }
    },
    {
      "type": "Feature",
      "properties": {
        "name": "Wine shop Weinschmiede",
        "info": "Öffnungszeiten:\nOpening hrs: Monday to Saturday 12-20h",
        "category": "Refill Station",
        "source": "A TIP: TAB"
      },
      "geometry": {
        "type": "Point",
        "coordinates": [
          13.339279980091042,
          52.52494290588654
        ]
      }
    },
    {
      "type": "Feature",
      "properties": {
        "name": "Domberger Brotwerk",
        "info": "Öffnungszeiten:\nMonday 15/18\nTuesday to Thursday 8/18:30h\nFriday 8/18\nSaturday 8/13",
        "category": "Refill Station",
        "source": "A TIP: TAB"
      },
      "geometry": {
        "type": "Point",
        "coordinates": [
          13.33832913699482,
          52.52389919130313
        ]
      }
    },
    {
      "type": "Feature",
      "properties": {
        "name": "Quartier Apotheke",
        "info": "Öffnungszeiten:\nMo-Fr 8.30-20 Uhr, \nSa 9-20 Uhr",
        "category": "Refill Station",
        "source": "A TIP: TAB"
      },
      "geometry": {
        "type": "Point",
        "coordinates": [
          13.354431275909036,
          52.49860101495804
        ]
      }
    },
    {
      "type": "Feature",
      "properties": {
        "name": "denn's Biomarkt",
        "info": "Öffnungszeiten:\nMo-Sa 08-20 Uhr\nBäcker ab 7.30 Uhr\n",
        "category": "Refill Station",
        "source": "A TIP: TAB"
      },
      "geometry": {
        "type": "Point",
        "coordinates": [
          13.491866576248718,
          52.42024321221758
        ]
      }
    },
    {
      "type": "Feature",
      "properties": {
        "name": "8bar bikes",
        "info": "Öffnungszeiten:\nMontag\t12:00–18:00\nDienstag\t12:00–18:00\nMittwoch\t12:00–18:00\nDonnerstag\t12:00–20:00\nFreitag\t12:00–18:00\nSamstag\t12:00–18:00",
        "category": "Refill Station",
        "source": "A TIP: TAB"
      },
      "geometry": {
        "type": "Point",
        "coordinates": [
          13.430289259846457,
          52.50325007946382
        ]
      }
    },
    {
      "type": "Feature",
      "properties": {
        "name": "Kaffeebar Jacobi",
        "info": "Öffnungszeiten:\nMontag bis Freitag 10:00 - 18:00 Uhr\nSamstag 11:00 - 18:00 Uhr\nSonntag 11:00 - 18:00 Uhr\n",
        "category": "Refill Station",
        "source": "A TIP: TAB"
      },
      "geometry": {
        "type": "Point",
        "coordinates": [
          13.42497722870902,
          52.485853271785125
        ]
      }
    },
    {
      "type": "Feature",
      "properties": {
        "name": "Tropical Tattoo",
        "info": "Öffnungszeiten\nDi 10:00 bis 15:00 Uhr\nDo 12:00 bis 17:00 Uhr",
        "category": "Refill Station",
        "source": "A TIP: TAB"
      },
      "geometry": {
        "type": "Point",
        "coordinates": [
          13.689086220082402,
          52.44069539124178
        ]
      }
    },
    {
      "type": "Feature",
      "properties": {
        "name": "Ihlefeldt",
        "info": "Öffnungszeiten\nMo. - Fr. vom 9 - 18 und Sa. 9 - 14",
        "category": "Refill Station",
        "source": "A TIP: TAB"
      },
      "geometry": {
        "type": "Point",
        "coordinates": [
          13.196562236732134,
          52.36834309639798
        ]
      }
    },
    {
      "type": "Feature",
      "properties": {
        "name": "Bezirkszentralbibliothek Philipp Schaeffer",
        "info": "Öffnungszeiten:\nMo – Fr: 10.00-19.30 Uhr\nSa: 10.00-14.00 Uhr",
        "category": "Refill Station",
        "source": "A TIP: TAB"
      },
      "geometry": {
        "type": "Point",
        "coordinates": [
          13.398615137393874,
          52.53244265566228
        ]
      }
    },
    {
      "type": "Feature",
      "properties": {
        "name": "Bibliothek am Luisenbad",
        "info": "Öffnungszeiten:\nMo – Fr: 10.00-19.30 Uhr\nSa: 10.00-14.00 Uhr",
        "category": "Refill Station",
        "source": "A TIP: TAB"
      },
      "geometry": {
        "type": "Point",
        "coordinates": [
          13.37843838770801,
          52.553324155767136
        ]
      }
    },
    {
      "type": "Feature",
      "properties": {
        "name": "Galerie Minimal",
        "info": "Öffnungszeiten\nMo - So 10 - 18 Uhr",
        "category": "Refill Station",
        "source": "A TIP: TAB"
      },
      "geometry": {
        "type": "Point",
        "coordinates": [
          13.397353577146937,
          52.493940509154434
        ]
      }
    },
    {
      "type": "Feature",
      "properties": {
        "name": "Restaurant Lutter & Wegner seit 1811",
        "info": "Öffnungszeiten\nDi - So 17:00 - 00:30 Uhr",
        "category": "Refill Station",
        "source": "A TIP: TAB"
      },
      "geometry": {
        "type": "Point",
        "coordinates": [
          13.317557272183503,
          52.504497809570516
        ]
      }
    },
    {
      "type": "Feature",
      "properties": {
        "name": "Moabiter Hifi Shop",
        "info": "\nÖffnungszeiten:\nDi-Fr 11:00 - 19:00 \nSa 11:00 - 18:00\nSo, Mo geschlossen",
        "category": "Refill Station",
        "source": "A TIP: TAB"
      },
      "geometry": {
        "type": "Point",
        "coordinates": [
          13.338104334351655,
          52.52520098468531
        ]
      }
    },
    {
      "type": "Feature",
      "properties": {
        "name": "DIE LINKE. Spandau",
        "info": "Öffnungszeiten:\nMi 12-15 Uhr und Do 11-18 Uhr",
        "category": "Refill Station",
        "source": "A TIP: TAB"
      },
      "geometry": {
        "type": "Point",
        "coordinates": [
          13.196324861234205,
          52.52680511331503
        ]
      }
    },
    {
      "type": "Feature",
      "properties": {
        "name": "ZAQUENSIS Service-Center Berlin",
        "info": "Öffnungszeiten:\nMo. - Fr. 8-17 Uhr",
        "category": "Refill Station",
        "source": "A TIP: TAB"
      },
      "geometry": {
        "type": "Point",
        "coordinates": [
          13.459129628473487,
          52.550475817430055
        ]
      }
    },
    {
      "type": "Feature",
      "properties": {
        "name": "häppies",
        "info": "Öffnungszeiten:\nMittwochs bis sonntags 12 bis 20 Uhr\n \nwww.instagram.com/happiesberlin\nwww.facebook.com/haeppies",
        "category": "Refill Station",
        "source": "A TIP: TAB"
      },
      "geometry": {
        "type": "Point",
        "coordinates": [
          13.41956092669608,
          52.541420679791564
        ]
      }
    },
    {
      "type": "Feature",
      "properties": {
        "name": "CafEE des Instituts für Eropäische Ethnologie",
        "info": "CafEE zu finden im Erdgeschoss und dann im Eingangsbereich auf der rechten Seite. \n \nÖffnungszeiten\nWährend des Semesters im Café: Mo - Fr von 10 - 18 Uhr\nSelbstständig über Wasserhahn: Ganzes Jahr werkstags 8 - 18 Uhr",
        "category": "Refill Station",
        "source": "A TIP: TAB"
      },
      "geometry": {
        "type": "Point",
        "coordinates": [
          13.395283666157761,
          52.51259104000059
        ]
      }
    },
    {
      "type": "Feature",
      "properties": {
        "name": "kinderlabor curioso",
        "info": "Öffnungszeiten:\ntäglich von 10-15:00 Uhr",
        "category": "Refill Station",
        "source": "A TIP: TAB"
      },
      "geometry": {
        "type": "Point",
        "coordinates": [
          13.422041215664727,
          52.50311919604573
        ]
      }
    },
    {
      "type": "Feature",
      "properties": {
        "name": "Central Apotheke",
        "info": "Öffnungszeiten: \nMo.-Fr. 8.00-18.30 Uhr \nSa. 8.00-12.30 Uhr",
        "category": "Refill Station",
        "source": "A TIP: TAB"
      },
      "geometry": {
        "type": "Point",
        "coordinates": [
          13.517378574943812,
          52.51013878849807
        ]
      }
    },
    {
      "type": "Feature",
      "properties": {
        "name": "Anker Apotheke",
        "info": "Öffnungszeiten:\nMontag bis Freitag: 8:30 bis 18: 30\nSonnabend: 8: 30 bis 13Uhr.",
        "category": "Refill Station",
        "source": "A TIP: TAB"
      },
      "geometry": {
        "type": "Point",
        "coordinates": [
          13.3638843863103,
          52.41308619846268
        ]
      }
    },
    {
      "type": "Feature",
      "properties": {
        "name": "Falken Apotheke",
        "info": "Öffnungszeiten:\nMo-Fr 8.30 – 18.30\nSa         8.30 – 13.30",
        "category": "Refill Station",
        "source": "A TIP: TAB"
      },
      "geometry": {
        "type": "Point",
        "coordinates": [
          13.290918578063566,
          52.515255898477164
        ]
      }
    },
    {
      "type": "Feature",
      "properties": {
        "name": "Miss Peacock Vintage & Crafts",
        "info": "Öffnungszeiten:\nMittwoch bis Samstag 12.00 - 18.00 Uhr",
        "category": "Refill Station",
        "source": "A TIP: TAB"
      },
      "geometry": {
        "type": "Point",
        "coordinates": [
          13.444244877176473,
          52.47420410275189
        ]
      }
    },
    {
      "type": "Feature",
      "properties": {
        "name": "Regenbogen Café",
        "info": "Öffnungszeiten\nMo: 13-18 Uhr\nDienstag-Sonntag 9-18 Uhr.",
        "category": "Refill Station",
        "source": "A TIP: TAB"
      },
      "geometry": {
        "type": "Point",
        "coordinates": [
          13.426115994074436,
          52.496123198650835
        ]
      }
    },
    {
      "type": "Feature",
      "properties": {
        "name": "Bilder-Buch-Laden",
        "info": "Öffnungszeiten: \nMo-Fr 10-18:30, \nSa 10-14",
        "category": "Refill Station",
        "source": "A TIP: TAB"
      },
      "geometry": {
        "type": "Point",
        "coordinates": [
          13.394738926270389,
          52.49339388333885
        ]
      }
    },
    {
      "type": "Feature",
      "properties": {
        "name": "Apotheke in der Galenusstrasse",
        "info": "Öffnungszeiten:\nMo – Fr 8.00 – 18.30Uhr",
        "category": "Refill Station",
        "source": "A TIP: TAB"
      },
      "geometry": {
        "type": "Point",
        "coordinates": [
          13.423838379524573,
          52.58067401246199
        ]
      }
    },
    {
      "type": "Feature",
      "properties": {
        "name": "Zwölf-Apostel-Kirchengemeinde",
        "info": "Bürozeiten\nDi, Do von 11.00- 15.00 Uhr\nMi von 17.00-19.00 Uhr\n \nSprechzeiten Vermietung Klaus Borrmann\nMi von 17.00-19.00 Uhr\nTel 030 / 263 981-10\n \nSprechzeiten Pfarrer Burkhard Bornemann (außer Ferien)\nDi 10.00 bis 12.00 Uhr\nDo 16.00 bis 18.00 Uhr",
        "category": "Refill Station",
        "source": "A TIP: TAB"
      },
      "geometry": {
        "type": "Point",
        "coordinates": [
          13.35790381457559,
          52.500466784695384
        ]
      }
    },
    {
      "type": "Feature",
      "properties": {
        "name": "Café Bäckerei özzy",
        "info": "Öffnungszeiten\nSo bis Fr 6 bis 18:30\nSa 6 bis 15:30 Uhr",
        "category": "Refill Station",
        "source": "A TIP: TAB"
      },
      "geometry": {
        "type": "Point",
        "coordinates": [
          13.422724340773525,
          52.54493340968384
        ]
      }
    },
    {
      "type": "Feature",
      "properties": {
        "name": "Cafe Kraft",
        "info": "Öffnungszeiten:\nMontag bis Freitag 8:30 bis 18:00 Uhr\nWochenende \n10:00-18:00 Uhr.",
        "category": "Refill Station",
        "source": "A TIP: TAB"
      },
      "geometry": {
        "type": "Point",
        "coordinates": [
          13.404364620058036,
          52.55116518705672
        ]
      }
    },
    {
      "type": "Feature",
      "properties": {
        "name": "Handwerksbäckerei Manufacture Délicate",
        "info": "Handwerksbäckerei Manufacture Délicate",
        "category": "Refill Station",
        "source": "A TIP: TAB"
      },
      "geometry": {
        "type": "Point",
        "coordinates": [
          13.419929059883547,
          52.53538470367686
        ]
      }
    },
    {
      "type": "Feature",
      "properties": {
        "name": "Wahlkreisbüro Turgut Altug–Bündnis 90 / Die Grünen",
        "info": "Öffnungszeiten: \n Mi.-Fr. 11-17 Uhr",
        "category": "Refill Station",
        "source": "A TIP: TAB"
      },
      "geometry": {
        "type": "Point",
        "coordinates": [
          13.384548040751623,
          52.49735139892313
        ]
      }
    },
    {
      "type": "Feature",
      "properties": {
        "name": "Wahlkreisbüro Andreas Otto–Bündnis 90/Die Grünen",
        "info": "Öffnungszeiten:\nMo. 17-19 Uhr \nMi. 9-12 Uhr,\nDo. 15-17 Uhr",
        "category": "Refill Station",
        "source": "A TIP: TAB"
      },
      "geometry": {
        "type": "Point",
        "coordinates": [
          13.42460599421738,
          52.54099169398704
        ]
      }
    },
    {
      "type": "Feature",
      "properties": {
        "name": "Atelier WÜS",
        "info": "Atelier WÜS",
        "category": "Refill Station",
        "source": "A TIP: TAB"
      },
      "geometry": {
        "type": "Point",
        "coordinates": [
          13.307485828784987,
          52.525875099248196
        ]
      }
    },
    {
      "type": "Feature",
      "properties": {
        "name": "Café 157",
        "info": "DAUERHAFT GESCHLOSSEN - Öffnungszeiten\nmittwochs bis montags von 13 – 19 Uhr geöffnet \n(nur Dienstag ist Ruhetag, auch am Wochenende und an Feiertagen geöffnet).",
        "category": "Refill Station",
        "source": "A TIP: TAB"
      },
      "geometry": {
        "type": "Point",
        "coordinates": [
          13.437276079057378,
          52.53612381989887
        ]
      }
    },
    {
      "type": "Feature",
      "properties": {
        "name": "Café Dodo",
        "info": "DAUERHAFT GESCHLOSSEN - Öffnungszeiten:\nMontag Geschlossen\nDienstag bis Sonntag 11:00 – 19:00\n\n",
        "category": "Refill Station",
        "source": "A TIP: TAB"
      },
      "geometry": {
        "type": "Point",
        "coordinates": [
          13.421194894901102,
          52.54270248233467
        ]
      }
    },
    {
      "type": "Feature",
      "properties": {
        "name": "Atayacaffe",
        "info": "DAUERHAFT GESCHLOSSEN - Öffnungszeiten:\nDi-Sa 10-19 Uhr\nSonntag 11-17Uhr",
        "category": "Refill Station",
        "source": "A TIP: TAB"
      },
      "geometry": {
        "type": "Point",
        "coordinates": [
          13.42711226708587,
          52.54652995269118
        ]
      }
    },
    {
      "type": "Feature",
      "properties": {
        "name": "Info-Café Berlin-Paris",
        "info": "DAUERHAFT GESCHLOSSEN - Öffnungszeiten: \nMo-Do  10:30-13 Uhr und 14:00 -17:30 Uhr\nFr  10:30-13 Uhr  und 14-16 Uhr",
        "category": "Refill Station",
        "source": "A TIP: TAB"
      },
      "geometry": {
        "type": "Point",
        "coordinates": [
          13.408846758962072,
          52.516036672757956
        ]
      }
    },
    {
      "type": "Feature",
      "properties": {
        "name": "die zwergperten Berlin",
        "info": "DAUERHAFT GESCHLOSSEN Öffnungszeiten:\nMo-Fr: 10:00-18:00 Uhr\nSa: 10:00-14:00 Uhr",
        "category": "Refill Station",
        "source": "A TIP: TAB"
      },
      "geometry": {
        "type": "Point",
        "coordinates": [
          13.439991480410095,
          52.515763841809594
        ]
      }
    },
    {
      "type": "Feature",
      "properties": {
        "name": "Der lebendig-Laden",
        "info": "Öffnungszeiten:\nMi 15:00  – 18:00 Uhr\nund nach Vereinbarung",
        "category": "Refill Station",
        "source": "A TIP: TAB"
      },
      "geometry": {
        "type": "Point",
        "coordinates": [
          13.545232896481284,
          52.43640280907806
        ]
      }
    },
    {
      "type": "Feature",
      "properties": {
        "name": "Roter Kreisel",
        "info": "Im Wahlkreisbüro von Franziska Brychcy (MdA Die Linke) könnt ihr sehr gerne kostenloses Wasser bekommen.",
        "category": "Refill Station",
        "source": "A TIP: TAB"
      },
      "geometry": {
        "type": "Point",
        "coordinates": [
          13.315582914890527,
          52.44746981302624
        ]
      }
    },
    {
      "type": "Feature",
      "properties": {
        "name": "Interkulturelles Stadtteilzentrum Divan",
        "info": "Das Stadtteilzentrum im Klausenerplatz Kiez ist  für die Nachbarschaft eine Anlaufstelle für Beratung, Bewegung, Bildung und Begegnung. Kaffee und Wasser ist für unsere Gäste immer zugänglich.",
        "category": "Refill Station",
        "source": "A TIP: TAB"
      },
      "geometry": {
        "type": "Point",
        "coordinates": [
          13.294000017127953,
          52.51490000286833
        ]
      }
    },
    {
      "type": "Feature",
      "properties": {
        "name": "Stadtkrug",
        "info": "GESCHLOSSEN \nÖffnungszeiten:\nMontag ab 16 Uhr - open end\nMi -Sa ab 12 Uhr - open end\nSo 12-16 Uhr\n\n",
        "category": "Refill Station",
        "source": "A TIP: TAB"
      },
      "geometry": {
        "type": "Point",
        "coordinates": [
          13.429744017044895,
          52.5034033844729
        ]
      }
    },
    {
      "type": "Feature",
      "properties": {
        "name": "Café Universo",
        "info": "GESCHLOSSEN Öffnungszeiten\nDi-Fr: 10h bis 19h\nSa: 11h bis 19h",
        "category": "Refill Station",
        "source": "A TIP: TAB"
      },
      "geometry": {
        "type": "Point",
        "coordinates": [
          13.42550042710523,
          52.48996421810703
        ]
      }
    },
    {
      "type": "Feature",
      "properties": {
        "name": "GESCHLOSSEN Fridas Töchter",
        "info": "Öffnungszeiten:\nMo-Sa 11-19 Uhr\n\n",
        "category": "Refill Station",
        "source": "A TIP: TAB"
      },
      "geometry": {
        "type": "Point",
        "coordinates": [
          13.458589079537703,
          52.51386789722083
        ]
      }
    },
    {
      "type": "Feature",
      "properties": {
        "name": "DAUERHAFT GESCHLOSSEN Pasta Presti",
        "info": "Mo-Mi: 11:00 - 20:00 Uhr\nDo-Sa: 11:00 - 22:00 Uhr\nSo: 11:00 - 18:00 Uhr",
        "category": "Refill Station",
        "source": "A TIP: TAB"
      },
      "geometry": {
        "type": "Point",
        "coordinates": [
          13.459763216534519,
          52.508913605710916
        ]
      }
    },
    {
      "type": "Feature",
      "properties": {
        "name": "GESCHLOSSEN Goodies Deli cafe",
        "info": "Öffnungszeiten\nMo-Fr 7:30-19:00 \nSa&So 9:00-19:00\nSmothies und vegan",
        "category": "Refill Station",
        "source": "A TIP: TAB"
      },
      "geometry": {
        "type": "Point",
        "coordinates": [
          13.452578081494467,
          52.511556084506005
        ]
      }
    },
    {
      "type": "Feature",
      "properties": {
        "name": "GESCHLOSSEN Upcycling Berlin",
        "info": "Öffnungszeiten: \nMontag - Freitag 10-20 Uhr",
        "category": "Refill Station",
        "source": "A TIP: TAB"
      },
      "geometry": {
        "type": "Point",
        "coordinates": [
          13.462983208458397,
          52.50520008732807
        ]
      }
    },
    {
      "type": "Feature",
      "properties": {
        "name": "Kleine-Stiftung",
        "info": "Öffnungszeiten \n(mindestens) Mo-Fr von 8:00 bis 16:00 Uhr",
        "category": "Refill Station",
        "source": "A TIP: TAB"
      },
      "geometry": {
        "type": "Point",
        "coordinates": [
          13.453232456675373,
          52.53300105805183
        ]
      }
    },
    {
      "type": "Feature",
      "properties": {
        "name": "GESCHLOSSEN - Pacamara by Café Oro",
        "info": "Öffnungszeiten:\nMontag bis Samstag von 8 bis 18:00 Uhr",
        "category": "Refill Station",
        "source": "A TIP: TAB"
      },
      "geometry": {
        "type": "Point",
        "coordinates": [
          13.328618785985102,
          52.46769480056488
        ]
      }
    },
    {
      "type": "Feature",
      "properties": {
        "name": "GESCHLOSSEN - Das Café Frühstückshaus",
        "info": "Öffnungszeiten: \nMo-So 7-24h",
        "category": "Refill Station",
        "source": "A TIP: TAB"
      },
      "geometry": {
        "type": "Point",
        "coordinates": [
          13.419614738514467,
          52.501088218996806
        ]
      }
    },
    {
      "type": "Feature",
      "properties": {
        "name": "Bündnis 90/Die Grünen Berlin-Mitte",
        "info": "Bündnis 90/Die Grünen Berlin-Mitte\nbasislager.mitte\n\nÖffnungszeiten\nMo: 9:30  - 17:00 Uhr\nDi: 12:30 - 18:00 Uhr\nMi: 12:30 - 18:00 Uhr\nDo: 9:30  - 17:00 Uhr",
        "category": "Refill Station",
        "source": "A TIP: TAB"
      },
      "geometry": {
        "type": "Point",
        "coordinates": [
          13.356400017326884,
          52.54250001746346
        ]
      }
    },
    {
      "type": "Feature",
      "properties": {
        "name": "QM Moabit Ost",
        "info": "Nachbarschaftsinitiative",
        "category": "Refill Station",
        "source": "A TIP: TAB"
      },
      "geometry": {
        "type": "Point",
        "coordinates": [
          13.351158980909343,
          52.52940270701861
        ]
      }
    },
    {
      "type": "Feature",
      "properties": {
        "name": "POLYGONVATRO GmbH",
        "info": "Sanierung von Brand- und Wasserschäden",
        "category": "Refill Station",
        "source": "A TIP: TAB"
      },
      "geometry": {
        "type": "Point",
        "coordinates": [
          13.39863986400824,
          52.57862371512625
        ]
      }
    },
    {
      "type": "Feature",
      "properties": {
        "name": "Kopiefrorsch",
        "info": "Copy Shop im Hinterhof. Druckt auch auf Ökopapier und füllt jetzt auch Trinkflaschen auf.",
        "category": "Refill Station",
        "source": "A TIP: TAB"
      },
      "geometry": {
        "type": "Point",
        "coordinates": [
          13.439492170437934,
          52.47644089743329
        ]
      }
    },
    {
      "type": "Feature",
      "properties": {
        "name": "Stop  for Tea",
        "info": "Neu im Berliner Hauptbahnhof. Ein Teefachgeschäft vom Tee-Handels-Kontor Bremen, verbunden mit innovativer Gastronomie.",
        "category": "Refill Station",
        "source": "A TIP: TAB"
      },
      "geometry": {
        "type": "Point",
        "coordinates": [
          13.368575737517595,
          52.52574350336834
        ]
      }
    },
    {
      "type": "Feature",
      "properties": {
        "name": "Umwelt-Bildungszentrum Berlin",
        "info": "Am Rande Berlins liegt unser Tagungshotel und Schulungszentrum – idyllisch umgeben von einem Naturschutzgebiet und der Havel.\nHier treffen sich Menschen, die Raum für kreative Prozesse suchen oder besondere Anlässe feiern wollen.",
        "category": "Refill Station",
        "source": "A TIP: TAB"
      },
      "geometry": {
        "type": "Point",
        "coordinates": [
          13.181457628114828,
          52.476726929879156
        ]
      }
    },
    {
      "type": "Feature",
      "properties": {
        "name": "Gesundheitsamt Tempelhof-Schöneberg",
        "info": "Trinkwasserspender im Eingangsfoyer vom Gesundheitsamt",
        "category": "Refill Station",
        "source": "A TIP: TAB"
      },
      "geometry": {
        "type": "Point",
        "coordinates": [
          13.379103575544015,
          52.445915640539454
        ]
      }
    },
    {
      "type": "Feature",
      "properties": {
        "name": "Divan e.V.",
        "info": "Stadtteilzentrum",
        "category": "Refill Station",
        "source": "A TIP: TAB"
      },
      "geometry": {
        "type": "Point",
        "coordinates": [
          13.294175869456573,
          52.516041324714216
        ]
      }
    },
    {
      "type": "Feature",
      "properties": {
        "name": "Ranosh Damenmode",
        "info": "Arabisches Geschäft für Damenmode",
        "category": "Refill Station",
        "source": "A TIP: TAB"
      },
      "geometry": {
        "type": "Point",
        "coordinates": [
          13.434868880284423,
          52.48400250565447
        ]
      }
    },
    {
      "type": "Feature",
      "properties": {
        "name": "Büro Bettina König, MdA",
        "info": "Wahlkreisbüro der Abgeordneten Bettina König",
        "category": "Refill Station",
        "source": "A TIP: TAB"
      },
      "geometry": {
        "type": "Point",
        "coordinates": [
          13.364299961069738,
          52.56779999591773
        ]
      }
    },
    {
      "type": "Feature",
      "properties": {
        "name": "denn's Biomarkt",
        "info": "Öffnungszeiten:\nMo - Sa 8 -21 Uhr \nBäcker ab 7:30 Uhr",
        "category": "Refill Station",
        "source": "A TIP: TAB"
      },
      "geometry": {
        "type": "Point",
        "coordinates": [
          13.541920033070221,
          52.43553800621793
        ]
      }
    },
    {
      "type": "Feature",
      "properties": {
        "name": "Grünes Kiezbüro Friedrichshain",
        "info": "Wahlkreisbüro von Vasili Franco und Julian Schwarze, Mitglieder des Berliner Abgeordnetenhauses",
        "category": "Refill Station",
        "source": "A TIP: TAB"
      },
      "geometry": {
        "type": "Point",
        "coordinates": [
          13.460100001404108,
          52.5138000038051
        ]
      }
    },
    {
      "type": "Feature",
      "properties": {
        "name": "Gudrun Sjödén GmbH - Konzeptladen Berlin",
        "info": "Öffnungszeiten:\nMo-Fr 10-19 Uhr \nSamstag 10-18 Uhr\nSonntag geschlossen",
        "category": "Refill Station",
        "source": "A TIP: TAB"
      },
      "geometry": {
        "type": "Point",
        "coordinates": [
          13.393812977426599,
          52.5117564119919
        ]
      }
    },
    {
      "type": "Feature",
      "properties": {
        "name": "ANKE HEIDT LebensWert IMMOBIOLIEN",
        "info": "Öffnungszeiten:\nMontag-Donnerstag 9:00 bis 17:00 Uhr\nFreitag 9:00 bis 14:00 Uhr",
        "category": "Refill Station",
        "source": "A TIP: TAB"
      },
      "geometry": {
        "type": "Point",
        "coordinates": [
          13.624743797641594,
          52.45347599147515
        ]
      }
    },
    {
      "type": "Feature",
      "properties": {
        "name": "Castello Apotheke",
        "info": "Öffnungszeiten:\nMo - Fr 8.30 - 19 Uhr\nSa 8.30 - 14 Uhr\n",
        "category": "Refill Station",
        "source": "A TIP: TAB"
      },
      "geometry": {
        "type": "Point",
        "coordinates": [
          13.469313221736492,
          52.531781784506414
        ]
      }
    },
    {
      "type": "Feature",
      "properties": {
        "name": "denn's Biomarkt",
        "info": "Öffnungszeiten:\nMo-Fr 08-20 Uhr\nBäcker: ab 07 Uhr",
        "category": "Refill Station",
        "source": "A TIP: TAB"
      },
      "geometry": {
        "type": "Point",
        "coordinates": [
          13.41128036073003,
          52.521566088554245
        ]
      }
    },
    {
      "type": "Feature",
      "properties": {
        "name": "Quartiersmanagement Beusselstraße",
        "info": "Nachbarschaftsangebote\nUnsere Sprechzeiten: Dienstag: 10-12 Uhr und 14-16 Uhr sowie Donnerstag: 9-11 Uhr sowie nach Absprache.",
        "category": "Refill Station",
        "source": "A TIP: TAB"
      },
      "geometry": {
        "type": "Point",
        "coordinates": [
          13.326450722909742,
          52.530817698003176
        ]
      }
    },
    {
      "type": "Feature",
      "properties": {
        "name": "interkular ",
        "info": "Sozialunternehmen",
        "category": "Refill Station",
        "source": "A TIP: TAB"
      },
      "geometry": {
        "type": "Point",
        "coordinates": [
          13.420099966889294,
          52.47659998595556
        ]
      }
    },
    {
      "type": "Feature",
      "properties": {
        "name": "Grüne Apotheke",
        "info": "Öffnungszeiten: \nMo – Fr 8:30-19Uhr\nSamstag    9-16Uhr",
        "category": "Refill Station",
        "source": "A TIP: TAB"
      },
      "geometry": {
        "type": "Point",
        "coordinates": [
          13.306300040942757,
          52.507100013320844
        ]
      }
    },
    {
      "type": "Feature",
      "properties": {
        "name": "Bündnisgrünes Büro am S Kaulsdorf",
        "info": "Öffnungszeiten: \nMo 15-18 Uhr, \nDo 10-13 Uhr \nund nach Vereinbarung",
        "category": "Refill Station",
        "source": "A TIP: TAB"
      },
      "geometry": {
        "type": "Point",
        "coordinates": [
          13.58966947234686,
          52.512802892603354
        ]
      }
    },
    {
      "type": "Feature",
      "properties": {
        "name": "Loveco",
        "info": "Vegane Fair Fashion",
        "category": "Refill Station",
        "source": "A TIP: TAB"
      },
      "geometry": {
        "type": "Point",
        "coordinates": [
          13.34889997418453,
          52.49069998156778
        ]
      }
    },
    {
      "type": "Feature",
      "properties": {
        "name": "Loveco",
        "info": "Vegane Fair Fashion",
        "category": "Refill Station",
        "source": "A TIP: TAB"
      },
      "geometry": {
        "type": "Point",
        "coordinates": [
          13.41030001333463,
          52.49090001568706
        ]
      }
    },
    {
      "type": "Feature",
      "properties": {
        "name": "Nordland Apotheke",
        "info": "Öffnungszeiten:\nMontag - Freitag: 08:00 - 19:00 Uhr           ",
        "category": "Refill Station",
        "source": "A TIP: TAB"
      },
      "geometry": {
        "type": "Point",
        "coordinates": [
          13.384124838460295,
          52.53069750151164
        ]
      }
    },
    {
      "type": "Feature",
      "properties": {
        "name": "MACHETE Berlin",
        "info": "Öffnungszeiten:\nDi – Mi:\n16:00 Uhr – 22:00 Uhr\nDo – So:\n12:00 Uhr – 22:00 Uhr \n",
        "category": "Refill Station",
        "source": "A TIP: TAB"
      },
      "geometry": {
        "type": "Point",
        "coordinates": [
          13.46966760860275,
          52.50577579834768
        ]
      }
    },
    {
      "type": "Feature",
      "properties": {
        "name": "LÖWENZAHN",
        "info": "LÖWENZAHN  | Jutta Goedicke",
        "category": "Refill Station",
        "source": "A TIP: TAB"
      },
      "geometry": {
        "type": "Point",
        "coordinates": [
          13.326999989024829,
          52.427199982305616
        ]
      }
    },
    {
      "type": "Feature",
      "properties": {
        "name": "Bibliothek Tiergarten Süd",
        "info": "Öffnungszeiten:\nMontag bis Freitag: 12.30-18.00 Uhr\n\n",
        "category": "Refill Station",
        "source": "A TIP: TAB"
      },
      "geometry": {
        "type": "Point",
        "coordinates": [
          13.357099990061066,
          52.50820001238407
        ]
      }
    },
    {
      "type": "Feature",
      "properties": {
        "name": "KIEZKLUB Vital",
        "info": "Im KIEZKLUB Vital können Sie sich aktiv engagieren und mitbestimmen. Egal ob Sie sich in einem kreativen oder sportlichen Bereich betätigen, eine neue Gruppe aufbauen wollen, kulturelle Veranstaltung besuchen oder einfach nur Kaffee und Kuchen in netter Gesellschaft zu sich nehmen wollen – hier sind Sie richtig! ",
        "category": "Refill Station",
        "source": "A TIP: TAB"
      },
      "geometry": {
        "type": "Point",
        "coordinates": [
          13.623066997911346,
          52.451855811500856
        ]
      }
    },
    {
      "type": "Feature",
      "properties": {
        "name": "Humbaba Falafel",
        "info": "Öffnungszeiten:\n\nMo - Sa 11:00 - 24:00 \nSo 12:00 - 24:00",
        "category": "Refill Station",
        "source": "A TIP: TAB"
      },
      "geometry": {
        "type": "Point",
        "coordinates": [
          13.338228470337684,
          52.526310120023
        ]
      }
    },
    {
      "type": "Feature",
      "properties": {
        "name": "Bürgerbüro von Klaus-Dieter Gröhler, MdB",
        "info": "Café Wahlkreis",
        "category": "Refill Station",
        "source": "A TIP: TAB"
      },
      "geometry": {
        "type": "Point",
        "coordinates": [
          13.313562876225246,
          52.49562393058819
        ]
      }
    },
    {
      "type": "Feature",
      "properties": {
        "name": "Nachbarschafts- und Familienzentrum Kurmark",
        "info": "Im Nachbarschafts- und Familienzentrum Kurmark können sich Menschen unterschiedlicher\nGenerationen und Herkunft begegnen, engagieren und\ndie unterschiedlichen Angebote besuchen.\nBei uns gibt es Leitungwasser für alle!",
        "category": "Refill Station",
        "source": "A TIP: TAB"
      },
      "geometry": {
        "type": "Point",
        "coordinates": [
          13.35797212708647,
          52.49975771759625
        ]
      }
    },
    {
      "type": "Feature",
      "properties": {
        "name": "QM Donaustraße-Nord",
        "info": "Büro des QM, immer gut für Informationen aus dem Kiez, einen Kaffee oder ein kurzes Gespräch",
        "category": "Refill Station",
        "source": "A TIP: TAB"
      },
      "geometry": {
        "type": "Point",
        "coordinates": [
          13.430671977545448,
          52.48468001488814
        ]
      }
    },
    {
      "type": "Feature",
      "properties": {
        "name": "Interkulturelles Stadtteilzentrum Divan",
        "info": "Interkulturelles Stadtteilzentrum mit vielfältigem Angebot",
        "category": "Refill Station",
        "source": "A TIP: TAB"
      },
      "geometry": {
        "type": "Point",
        "coordinates": [
          13.293982750407412,
          52.514846526326075
        ]
      }
    },
    {
      "type": "Feature",
      "properties": {
        "name": "Orient Rösterei",
        "info": "Geschäft für Nüsse und Trockenfrüchte, Eingang über Stufen",
        "category": "Refill Station",
        "source": "A TIP: TAB"
      },
      "geometry": {
        "type": "Point",
        "coordinates": [
          13.43768469683718,
          52.48269212082154
        ]
      }
    },
    {
      "type": "Feature",
      "properties": {
        "name": "Damaskus Konditorei",
        "info": "Geschäft für syrische Backwaren.\nZugang über Stufen.",
        "category": "Refill Station",
        "source": "A TIP: TAB"
      },
      "geometry": {
        "type": "Point",
        "coordinates": [
          13.438789515494737,
          52.48254560515403
        ]
      }
    },
    {
      "type": "Feature",
      "properties": {
        "name": "STA Travel Berlin Mitte",
        "info": "Öffnungszeiten\nMo-Fr: 10:00-18:00 Uhr\nSa: 10:00-14:00 Uhr",
        "category": "Refill Station",
        "source": "A TIP: TAB"
      },
      "geometry": {
        "type": "Point",
        "coordinates": [
          13.390505310795506,
          52.52001992078499
        ]
      }
    },
    {
      "type": "Feature",
      "properties": {
        "name": "Diva Brasil",
        "info": "Friseur + Freundlich ",
        "category": "Refill Station",
        "source": "A TIP: TAB"
      },
      "geometry": {
        "type": "Point",
        "coordinates": [
          13.388900008699345,
          52.51700000488991
        ]
      }
    },
    {
      "type": "Feature",
      "properties": {
        "name": "Mugshot Tattoo",
        "info": "freundlicher Tattooladen, Erdgeschoss",
        "category": "Refill Station",
        "source": "A TIP: TAB"
      },
      "geometry": {
        "type": "Point",
        "coordinates": [
          13.429100035423925,
          52.4848000018321
        ]
      }
    },
    {
      "type": "Feature",
      "properties": {
        "name": "Trinkbrunnen Residenzstraße",
        "info": "Öffentlicher Trinkbrunnen",
        "category": "Refill Station",
        "source": "A TIP: TAB"
      },
      "geometry": {
        "type": "Point",
        "coordinates": [
          13.379500039564213,
          52.516499982455976
        ]
      }
    },
    {
      "type": "Feature",
      "properties": {
        "name": "Loveco Vegan Shoes",
        "info": "Vegane, ökologische und faire Schuhe",
        "category": "Refill Station",
        "source": "A TIP: TAB"
      },
      "geometry": {
        "type": "Point",
        "coordinates": [
          13.425200019695424,
          52.4977000022762
        ]
      }
    },
    {
      "type": "Feature",
      "properties": {
        "name": "Nachbarschaftsladen Leonie",
        "info": "Der Nachbarschaftsladen Leonie in der Leonorenstraße 85 bietet allen Nachbar*innen ein offenes Ohr für ihre Anliegen.",
        "category": "Refill Station",
        "source": "A TIP: TAB"
      },
      "geometry": {
        "type": "Point",
        "coordinates": [
          13.344899962351144,
          52.43759999630861
        ]
      }
    },
    {
      "type": "Feature",
      "properties": {
        "name": "Villa Folke Bernadotte",
        "info": "Die Villa Folke Bernadotte ist eine Einrichtung des Mittelhof e.V. und ein Ort für Kinder, Jugendliche und Familien, die hier vielfältige Angebote für Bildung, Beratung und Freizeit finden. ",
        "category": "Refill Station",
        "source": "A TIP: TAB"
      },
      "geometry": {
        "type": "Point",
        "coordinates": [
          13.328534464039157,
          52.43234328573213
        ]
      }
    },
    {
      "type": "Feature",
      "properties": {
        "name": "NIVEA Haus Berlin",
        "info": "Das NIVEA Haus Berlin stellt seinen Besuchern kostenloses Trinkwasser zur Verfügung. Free water refill at NIVEA Haus Berlin for all visitors.\n",
        "category": "Refill Station",
        "source": "A TIP: TAB"
      },
      "geometry": {
        "type": "Point",
        "coordinates": [
          13.387742384051784,
          52.51744931680963
        ]
      }
    },
    {
      "type": "Feature",
      "properties": {
        "name": "Strassenfeger Kiezladen",
        "info": "Der Strassenfeger e. V. setzt sich seit 1994 für obdachlose und wohnungslose Menschen ein. \nJeden Donnerstag bieten wir einen Sozialbrunch an, bei dem wir kostenlose Speisen und Getränke an Bedürftige ausgeben. ",
        "category": "Refill Station",
        "source": "A TIP: TAB"
      },
      "geometry": {
        "type": "Point",
        "coordinates": [
          13.408918508053254,
          52.539042482403595
        ]
      }
    },
    {
      "type": "Feature",
      "properties": {
        "name": "FreiwilligenAgentur Marzahn-Hellersdorf",
        "info": "Wir sind seit 2009 das bezirkliche Zentrum, die Ideenwerkstatt und Treiberin für freiwilliges Engagement. Interessierte Bürger:innen und Einrichtungen beziehungsweise Vereine, Unternehmen und Initiativen, die Angebote rund um freiwilliges Engagement anbieten, bringen wir zusammen. \n\nUnsere Stärken liegen darin, Bürger:innen Zugänge zu den verschiedensten Formen von Engagement zu schaffen, Teilhabe an der Mitgestaltung zu ermöglichen, Netzwerke zu bauen und dabei auch auf besondere gesellschaftliche Bedarfslagen zu reagieren.",
        "category": "Refill Station",
        "source": "A TIP: TAB"
      },
      "geometry": {
        "type": "Point",
        "coordinates": [
          13.539700002195174,
          52.52860001406101
        ]
      }
    },
    {
      "type": "Feature",
      "properties": {
        "name": "Bären-Apotheke im Storkower Bogen",
        "info": "Öffnungszeiten:\nMo.-Fr. 08:00-18:30 Uhr\nSa. 08:00-13:00 Uhr",
        "category": "Refill Station",
        "source": "A TIP: TAB"
      },
      "geometry": {
        "type": "Point",
        "coordinates": [
          13.465229139414257,
          52.524390915652916
        ]
      }
    },
    {
      "type": "Feature",
      "properties": {
        "name": "Reformhaus DEMSKI",
        "info": "dauerhaft geschlossen",
        "category": "Refill Station",
        "source": "A TIP: TAB"
      },
      "geometry": {
        "type": "Point",
        "coordinates": [
          13.261864219448466,
          52.436766290309265
        ]
      }
    },
    {
      "type": "Feature",
      "properties": {
        "name": "kids in berlin kib",
        "info": "Die kids in berlin kib gUG ist ein gemeinnütziges Sozialunternehmen und Träger von 9 Kitas und einer kleinen Theater- und Medienschule in Berlin.",
        "category": "Refill Station",
        "source": "A TIP: TAB"
      },
      "geometry": {
        "type": "Point",
        "coordinates": [
          13.296599999673944,
          52.495600000254626
        ]
      }
    },
    {
      "type": "Feature",
      "properties": {
        "name": "XXX Ramen",
        "info": "Ramen Restaurant in Berlin Charlottenburg",
        "category": "Refill Station",
        "source": "A TIP: TAB"
      },
      "geometry": {
        "type": "Point",
        "coordinates": [
          13.313200023636782,
          52.50620000646738
        ]
      }
    },
    {
      "type": "Feature",
      "properties": {
        "name": "B-Laden",
        "info": "Öffnungszeiten:\nMo + Do 15-18 Uhr (oft auch länger)",
        "category": "Refill Station",
        "source": "A TIP: TAB"
      },
      "geometry": {
        "type": "Point",
        "coordinates": [
          13.359799968711938,
          52.533499990838344
        ]
      }
    },
    {
      "type": "Feature",
      "properties": {
        "name": "Infostation - Schauraum für Fotografie",
        "info": "Öffnungszeiten:\nSa 13:00-17:00 Uhr",
        "category": "Refill Station",
        "source": "A TIP: TAB"
      },
      "geometry": {
        "type": "Point",
        "coordinates": [
          13.278785437940986,
          52.53823258100927
        ]
      }
    },
    {
      "type": "Feature",
      "properties": {
        "name": "Staabi Back & Bistro Kiosk",
        "info": "Öffnungszeiten\nMo - Fr von 04:00 bis 20:00\nSa von 06:00 bis 16:00",
        "category": "Refill Station",
        "source": "A TIP: TAB"
      },
      "geometry": {
        "type": "Point",
        "coordinates": [
          13.36800308589265,
          52.504917617191055
        ]
      }
    },
    {
      "type": "Feature",
      "properties": {
        "name": "Bürgerbüro Daniela Kluckert & Florian Swyter",
        "info": "Öffnungszeiten\nMontag 13.30 - 16.00 Uhr\nDienstag bis Donnerstag 10.00 bis 12.00 Uhr",
        "category": "Refill Station",
        "source": "A TIP: TAB"
      },
      "geometry": {
        "type": "Point",
        "coordinates": [
          13.423535206086717,
          52.541443813844324
        ]
      }
    },
    {
      "type": "Feature",
      "properties": {
        "name": "La cave de Bacchus - Feinkost",
        "info": "Öffnungszeiten\nDi.-Mi. 11:00 - 18:00\nDo. 11:00 - 18:30\nFr. 10:00 - 18:30\nSa. 10:00 - 13:30",
        "category": "Refill Station",
        "source": "A TIP: TAB"
      },
      "geometry": {
        "type": "Point",
        "coordinates": [
          13.292046111678726,
          52.49657049891379
        ]
      }
    },
    {
      "type": "Feature",
      "properties": {
        "name": "Thalia Buchhandlung - das Schloss Steglitz",
        "info": "Öffnungszeiten\nMo- Sa. 10-20 Uhr",
        "category": "Refill Station",
        "source": "A TIP: TAB"
      },
      "geometry": {
        "type": "Point",
        "coordinates": [
          13.321170291547277,
          52.457888518673315
        ]
      }
    },
    {
      "type": "Feature",
      "properties": {
        "name": "Konditorei Junge",
        "info": "Öffnungszeiten:\nMo. - Fr. 06.30 - 18.00 \nSa. 07.30- 17.00 \nSo. 07.30 - 17.00",
        "category": "Refill Station",
        "source": "A TIP: TAB"
      },
      "geometry": {
        "type": "Point",
        "coordinates": [
          13.39335297858033,
          52.50659881742047
        ]
      }
    },
    {
      "type": "Feature",
      "properties": {
        "name": "BIO COMPANY GmbH Filiale Gleimstraße",
        "info": "Öffnungszeiten: Mo - Sa: 08:00 - 21:00",
        "category": "Refill Station",
        "source": "A TIP: TAB"
      },
      "geometry": {
        "type": "Point",
        "coordinates": [
          13.412046718137361,
          52.54771431560987
        ]
      }
    },
    {
      "type": "Feature",
      "properties": {
        "name": "Eigeninitiative - Selbsthilfekontaktstelle",
        "info": "Öffnungszeiten\nMo + Do 14 - 18 Uhr\nDi 10 - 14 Uhr\n\nWir sind barrierefrei.",
        "category": "Refill Station",
        "source": "A TIP: TAB"
      },
      "geometry": {
        "type": "Point",
        "coordinates": [
          13.546850603794145,
          52.43780128771337
        ]
      }
    },
    {
      "type": "Feature",
      "properties": {
        "name": "Rialto-Apotheke",
        "info": "Öffnungszeiten: mo -fr 8-18.30 uhr\nsa 8-14 uhr",
        "category": "Refill Station",
        "source": "A TIP: TAB"
      },
      "geometry": {
        "type": "Point",
        "coordinates": [
          13.428668786505549,
          52.54873971573484
        ]
      }
    },
    {
      "type": "Feature",
      "properties": {
        "name": "Kundenzentrum Berliner Wasserbetriebe",
        "info": "Öffnungszeiten:\nMo - Do: 8:30 - 16:30 Uhr\nFr: 8:30 - 15:30 Uhr\n\n",
        "category": "Refill Station",
        "source": "A TIP: TAB"
      },
      "geometry": {
        "type": "Point",
        "coordinates": [
          13.410599834011215,
          52.51555165393071
        ]
      }
    },
    {
      "type": "Feature",
      "properties": {
        "name": "Tim Karbowski Kinderbetreuung",
        "info": "Öffnungszeiten:\nMo-Fr 9:00-15:00",
        "category": "Refill Station",
        "source": "A TIP: TAB"
      },
      "geometry": {
        "type": "Point",
        "coordinates": [
          13.581557298815603,
          52.41477485858592
        ]
      }
    },
    {
      "type": "Feature",
      "properties": {
        "name": "Kinder-, Jugend-, und Familieneintrichtung",
        "info": "Öffnungszeiten:\nDienstag bis Mittwoch 10 - 18 Uhr\nDonnerstag 10-13 Uhr\nFreitag 15-18 Uhr",
        "category": "Refill Station",
        "source": "A TIP: TAB"
      },
      "geometry": {
        "type": "Point",
        "coordinates": [
          13.486181634239006,
          52.46445360242596
        ]
      }
    },
    {
      "type": "Feature",
      "properties": {
        "name": "mein DUTSCHKE GmbH",
        "info": "Öffnungszeiten\nMo - Fr.: 7:00 - 15:30 Uhr",
        "category": "Refill Station",
        "source": "A TIP: TAB"
      },
      "geometry": {
        "type": "Point",
        "coordinates": [
          13.434840884727818,
          52.55605870976861
        ]
      }
    },
    {
      "type": "Feature",
      "properties": {
        "name": "Landgut Schönwalde",
        "info": "Öffnungszeiten: Fr. - So. 11:00-20:00 Uhr",
        "category": "Refill Station",
        "source": "A TIP: TAB"
      },
      "geometry": {
        "type": "Point",
        "coordinates": [
          13.12795116246117,
          52.620116398958544
        ]
      }
    },
    {
      "type": "Feature",
      "properties": {
        "name": "Geschäftsstelle Bündnis 90/Die Grünen",
        "info": "Öffnungszeiten:\nMontag 9-12 Uhr\nDienstag 15-18 Uhr\nFreitag 12-15 Uhr",
        "category": "Refill Station",
        "source": "A TIP: TAB"
      },
      "geometry": {
        "type": "Point",
        "coordinates": [
          13.417578522776058,
          52.500475585693714
        ]
      }
    },
    {
      "type": "Feature",
      "properties": {
        "name": "KIEZKLUB Vital",
        "info": "Öffnungszeit 8 -18 Uhr",
        "category": "Refill Station",
        "source": "A TIP: TAB"
      },
      "geometry": {
        "type": "Point",
        "coordinates": [
          13.623066997911346,
          52.451855811500856
        ]
      }
    },
    {
      "type": "Feature",
      "properties": {
        "name": "Buchhandlung DIE INSEL",
        "info": "Öffnungszeiten:\nMo-Fr: 9:30 -19:00\nSa 9:30 -15:00",
        "category": "Refill Station",
        "source": "A TIP: TAB"
      },
      "geometry": {
        "type": "Point",
        "coordinates": [
          13.431121331374683,
          52.53413580010372
        ]
      }
    },
    {
      "type": "Feature",
      "properties": {
        "name": "FreiwilligenAgentur Pankow",
        "info": "Öffnungszeiten\nDi 10 - 14 Uhr\nDo 14 - 18 Uhr \nund nach Vereinbarung",
        "category": "Refill Station",
        "source": "A TIP: TAB"
      },
      "geometry": {
        "type": "Point",
        "coordinates": [
          13.461422665725193,
          52.550445307302496
        ]
      }
    },
    {
      "type": "Feature",
      "properties": {
        "name": "Fair Schlüsseldienst",
        "info": "Öffnungszeiten:\n\nMo-Do 9 - 18,  Fr 9 - 16",
        "category": "Refill Station",
        "source": "A TIP: TAB"
      },
      "geometry": {
        "type": "Point",
        "coordinates": [
          13.411099563078535,
          52.53327611020453
        ]
      }
    },
    {
      "type": "Feature",
      "properties": {
        "name": "Trinkbrunnen",
        "info": "Ein Trinkbrunnen der Berliner Wasserbetriebe",
        "category": "Refill Station",
        "source": "A TIP: TAB"
      },
      "geometry": {
        "type": "Point",
        "coordinates": [
          13.373600017919019,
          52.49579999246439
        ]
      }
    },
    {
      "type": "Feature",
      "properties": {
        "name": "BAUinfo Berlin",
        "info": "Egal ob Bestandsimmobilie oder Neubauprojekt – unser Beratungsteam bietet Ihnen Orientierung bei Ihrem Bauprojekt. Wir beraten alle Berlinerinnen und Berlinern neutral und kostenlos zu allen Bereichen der energetischen Sanierung. ",
        "category": "Refill Station",
        "source": "A TIP: TAB"
      },
      "geometry": {
        "type": "Point",
        "coordinates": [
          13.406200005396363,
          52.51590000582668
        ]
      }
    },
    {
      "type": "Feature",
      "properties": {
        "name": "Berolina Apotheke",
        "info": "Öffnungszeiten: \nMo-Fr 8.30-19.00 Uhr\nSa 9.00- 14.00 Uhr",
        "category": "Refill Station",
        "source": "A TIP: TAB"
      },
      "geometry": {
        "type": "Point",
        "coordinates": [
          13.260847913688444,
          52.436315218189876
        ]
      }
    },
    {
      "type": "Feature",
      "properties": {
        "name": "Heinrich-Schulz-Bibliothek mit Musikbibliothek / Bezirkszentralbibliothek",
        "info": "Bezirkszentralbibliothek in Berlin-Charlottenburg",
        "category": "Refill Station",
        "source": "A TIP: TAB"
      },
      "geometry": {
        "type": "Point",
        "coordinates": [
          13.321500035618199,
          52.51319998526629
        ]
      }
    },
    {
      "type": "Feature",
      "properties": {
        "name": "Manakish Spot مناقيش سبوت",
        "info": "ibanesisches Restaurant in Berlin Wilmersdorf",
        "category": "Refill Station",
        "source": "A TIP: TAB"
      },
      "geometry": {
        "type": "Point",
        "coordinates": [
          13.320100006330804,
          52.486999999958556
        ]
      }
    },
    {
      "type": "Feature",
      "properties": {
        "name": "MehrGenerationenHaus Wassertor",
        "info": "Öffnungszeiten: \nVon Montag bis Freitag von 11-16 Uhr Uhr",
        "category": "Refill Station",
        "source": "A TIP: TAB"
      },
      "geometry": {
        "type": "Point",
        "coordinates": [
          13.405730283542411,
          52.50044268672375
        ]
      }
    },
    {
      "type": "Feature",
      "properties": {
        "name": "Kiezbündnis Klausenerplatz e.V.",
        "info": "Vereinigung engagierter Anwohner und Gewerbetreibender, die aktiv dazu beitragen wollen, ihren Kiez zu einem Ort zu machen, an dem sich Menschen verschiedener Generationen, Nationalitäten und Weltanschauungen wohl fühlen können.",
        "category": "Refill Station",
        "source": "A TIP: TAB"
      },
      "geometry": {
        "type": "Point",
        "coordinates": [
          13.294358259669671,
          52.515650811845276
        ]
      }
    },
    {
      "type": "Feature",
      "properties": {
        "name": "Nachbarschaftshilfe Steglitz-Zehlendorf",
        "info": "Wir vermitteln nachbarschaftliche Unterstützung zwischen Nachbar:innen im Bezirk. Und wir spenden dir Wasser.",
        "category": "Refill Station",
        "source": "A TIP: TAB"
      },
      "geometry": {
        "type": "Point",
        "coordinates": [
          13.332354432592334,
          52.471283596228474
        ]
      }
    },
    {
      "type": "Feature",
      "properties": {
        "name": "Trinkwasserbrunnen Birkenstraße",
        "info": "Betriebszeit: Mai bis Oktober",
        "category": "Refill Station",
        "source": "A TIP: TAB"
      },
      "geometry": {
        "type": "Point",
        "coordinates": [
          13.339344269288398,
          52.53274566146207
        ]
      }
    },
    {
      "type": "Feature",
      "properties": {
        "name": "Wasserhaus Deutschland GmbH",
        "info": "Werksverkauf von Trinkwasserfiltern, Osmosewasserfiltern, Aktivkohlefiltern,\nTrinkwasserflaschen",
        "category": "Refill Station",
        "source": "A TIP: TAB"
      },
      "geometry": {
        "type": "Point",
        "coordinates": [
          13.113999987539835,
          52.379799984572365
        ]
      }
    },
    {
      "type": "Feature",
      "properties": {
        "name": "BIO COMPANY SE | Greifswalder Str.",
        "info": "Öffnungszeiten:\nMo - Sa: 08:00 - 21:00",
        "category": "Refill Station",
        "source": "A TIP: TAB"
      },
      "geometry": {
        "type": "Point",
        "coordinates": [
          13.427761194029712,
          52.53204648500869
        ]
      }
    },
    {
      "type": "Feature",
      "properties": {
        "name": "BIO COMPANY SE | Prenzlauer Allee",
        "info": "Öffnungszeiten:\nMo - Sa: 08:00 - 21:00",
        "category": "Refill Station",
        "source": "A TIP: TAB"
      },
      "geometry": {
        "type": "Point",
        "coordinates": [
          13.426569790312355,
          52.54402070424707
        ]
      }
    },
    {
      "type": "Feature",
      "properties": {
        "name": "BIO COMPANY SE | Dircksenstraße",
        "info": "Öffnungszeiten:\nMo - Sa: 08:00 - 21:00",
        "category": "Refill Station",
        "source": "A TIP: TAB"
      },
      "geometry": {
        "type": "Point",
        "coordinates": [
          13.404136716110695,
          52.52316200291885
        ]
      }
    },
    {
      "type": "Feature",
      "properties": {
        "name": "BIO COMPANY SE | Müllerstraße",
        "info": "Öffnungszeiten:\nMo - Sa: 08:00 - 21:00",
        "category": "Refill Station",
        "source": "A TIP: TAB"
      },
      "geometry": {
        "type": "Point",
        "coordinates": [
          13.353991309811358,
          52.54879780232385
        ]
      }
    },
    {
      "type": "Feature",
      "properties": {
        "name": "BIO COMPANY SE | Martin-Luther-Straße",
        "info": "Öffnungszeiten:\nMo - Sa: 08:00 - 21:00",
        "category": "Refill Station",
        "source": "A TIP: TAB"
      },
      "geometry": {
        "type": "Point",
        "coordinates": [
          13.345688112706732,
          52.49818900250745
        ]
      }
    },
    {
      "type": "Feature",
      "properties": {
        "name": "JFE Anna Landsberger",
        "info": "Jugendzentrum Anna Landsberger Roter Baum Berlin UG ",
        "category": "Refill Station",
        "source": "A TIP: TAB"
      },
      "geometry": {
        "type": "Point",
        "coordinates": [
          13.577399958659615,
          52.544800011694804
        ]
      }
    },
    {
      "type": "Feature",
      "properties": {
        "name": "Tabor Mobile City Store",
        "info": "Autohandelspunkt. Kommt einfach vorbei und füllt bei uns auf 🧡 Am Wochenende geschlossen",
        "category": "Refill Station",
        "source": "A TIP: TAB"
      },
      "geometry": {
        "type": "Point",
        "coordinates": [
          13.327900037787808,
          52.517499985414325
        ]
      }
    },
    {
      "type": "Feature",
      "properties": {
        "name": "Wahlkreisbüro Wiebke Neumann",
        "info": "Wiebke Neumann ist Abgeordnete im Abgeordnetenhaus von Berlin und in ihrem Wahlkreisbüro ist sie Ansprechbar für alle.",
        "category": "Refill Station",
        "source": "A TIP: TAB"
      },
      "geometry": {
        "type": "Point",
        "coordinates": [
          13.362199959048164,
          52.49400002066698
        ]
      }
    },
    {
      "type": "Feature",
      "properties": {
        "name": "Dietrich-Bonhoeffer-Bibliothek",
        "info": "Bibliothek",
        "category": "Refill Station",
        "source": "A TIP: TAB"
      },
      "geometry": {
        "type": "Point",
        "coordinates": [
          13.319800018016156,
          52.48709999606344
        ]
      }
    },
    {
      "type": "Feature",
      "properties": {
        "name": "BIO COMPANY SE Filiale Voigtstraße",
        "info": "Öffnungszeiten:\nMo - Sa: 08:00 - 21:00",
        "category": "Refill Station",
        "source": "A TIP: TAB"
      },
      "geometry": {
        "type": "Point",
        "coordinates": [
          13.467923921285161,
          52.51603939687649
        ]
      }
    },
    {
      "type": "Feature",
      "properties": {
        "name": "BIO COMPANY SE | Boxhagener Straße",
        "info": "Öffnungszeiten:\nMo - Sa: 08:00 - 21:00",
        "category": "Refill Station",
        "source": "A TIP: TAB"
      },
      "geometry": {
        "type": "Point",
        "coordinates": [
          13.468950369148027,
          52.507005088267384
        ]
      }
    },
    {
      "type": "Feature",
      "properties": {
        "name": "BIO COMPANY SE | Skalitzer Straße",
        "info": "Öffnungszeiten:\nMo - Sa: 08:00 - 21:00",
        "category": "Refill Station",
        "source": "A TIP: TAB"
      },
      "geometry": {
        "type": "Point",
        "coordinates": [
          13.421035135826578,
          52.49929809593563
        ]
      }
    },
    {
      "type": "Feature",
      "properties": {
        "name": "BIO COMPANY SE | Brunnenstraße",
        "info": "Öffnungszeiten:\nMo - Sa: 08:00 - 21:00",
        "category": "Refill Station",
        "source": "A TIP: TAB"
      },
      "geometry": {
        "type": "Point",
        "coordinates": [
          13.40066937422411,
          52.530760365785454
        ]
      }
    },
    {
      "type": "Feature",
      "properties": {
        "name": "BIO COMPANY SE | Rüdesheimer Straße",
        "info": "Öffnungszeiten:\nMo - Sa: 08:00 - 20:00",
        "category": "Refill Station",
        "source": "A TIP: TAB"
      },
      "geometry": {
        "type": "Point",
        "coordinates": [
          13.314778084547621,
          52.473778511618164
        ]
      }
    },
    {
      "type": "Feature",
      "properties": {
        "name": "Wahlkreisbüro \"Grün vor Ort\"",
        "info": "Im Wahlkreisbüro der drei Abgeordneten Bahar Haghanipour, Susanna Kahlefeld und André Schulze der Grünen Fraktion des Abgeordnetenhauses kannst Du gerne deine Flasche wieder auffüllen!",
        "category": "Refill Station",
        "source": "A TIP: TAB"
      },
      "geometry": {
        "type": "Point",
        "coordinates": [
          13.427800002241414,
          52.48780001070713
        ]
      }
    },
    {
      "type": "Feature",
      "properties": {
        "name": "Kiezbüro Tuba Bozkurt",
        "info": "Wahlkreisbüro von MdA Tuba Bozkurt",
        "category": "Refill Station",
        "source": "A TIP: TAB"
      },
      "geometry": {
        "type": "Point",
        "coordinates": [
          13.381099977242341,
          52.5602999946849
        ]
      }
    },
    {
      "type": "Feature",
      "properties": {
        "name": "Kiezbüro Linda Vierecke",
        "info": "Abgeordnetenbüro Linda Vierecke SPD, Sprecherin für Umwelt- und Klimaschutz im Berliner Abgeordnetenhaus",
        "category": "Refill Station",
        "source": "A TIP: TAB"
      },
      "geometry": {
        "type": "Point",
        "coordinates": [
          13.423699994303146,
          52.54119998428095
        ]
      }
    },
    {
      "type": "Feature",
      "properties": {
        "name": "FreiwilligenAgentur Mitte ",
        "info": "Öffnungszeiten:\nMo - Fr. 10:00 - 16:00 Uhr",
        "category": "Refill Station",
        "source": "A TIP: TAB"
      },
      "geometry": {
        "type": "Point",
        "coordinates": [
          13.385908004541838,
          52.556115161886495
        ]
      }
    },
    {
      "type": "Feature",
      "properties": {
        "name": "PhySis Praxis für Physiotherapie",
        "info": "Physiotherapie, Barrierefreier Zugang",
        "category": "Refill Station",
        "source": "A TIP: TAB"
      },
      "geometry": {
        "type": "Point",
        "coordinates": [
          13.428211218411201,
          52.588221161900194
        ]
      }
    },
    {
      "type": "Feature",
      "properties": {
        "name": "Trinkwasserbrunnen im Lageso",
        "info": "Betriebszeit: Mai bis Oktober",
        "category": "Refill Station",
        "source": "A TIP: TAB"
      },
      "geometry": {
        "type": "Point",
        "coordinates": [
          13.347256785886016,
          52.52838250367361
        ]
      }
    },
    {
      "type": "Feature",
      "properties": {
        "name": "Trinkwasserspender im Rathaus Schöneberg",
        "info": "öffentlich zugänglicher Trinkwasserspender, Standort: EG, bei der Treppe zum UG",
        "category": "Refill Station",
        "source": "A TIP: TAB"
      },
      "geometry": {
        "type": "Point",
        "coordinates": [
          13.343769914165032,
          52.48505066264656
        ]
      }
    },
    {
      "type": "Feature",
      "properties": {
        "name": "BIO COMPANY SE | Berliner Allee/Antonplatz",
        "info": "Öffnungszeiten:\nMo - Sa: 08:00 - 20:00",
        "category": "Refill Station",
        "source": "A TIP: TAB"
      },
      "geometry": {
        "type": "Point",
        "coordinates": [
          13.450614033942397,
          52.54789553235653
        ]
      }
    },
    {
      "type": "Feature",
      "properties": {
        "name": "BIO COMPANY SE | Gleimstraße",
        "info": "Öffnungszeiten:\nMo - Sa: 08:00 - 21:00",
        "category": "Refill Station",
        "source": "A TIP: TAB"
      },
      "geometry": {
        "type": "Point",
        "coordinates": [
          13.412046718137361,
          52.54771431560987
        ]
      }
    },
    {
      "type": "Feature",
      "properties": {
        "name": "BIO COMPANY SE | Fehrbelliner Platz",
        "info": "Öffnungszeiten:\nMo - Sa: 08:00-20:00",
        "category": "Refill Station",
        "source": "A TIP: TAB"
      },
      "geometry": {
        "type": "Point",
        "coordinates": [
          13.312891569599925,
          52.49024270684004
        ]
      }
    },
    {
      "type": "Feature",
      "properties": {
        "name": "Spielhaus Schillerstraße ",
        "info": "Dienstag – Freitag: 14–18 Uhr, Samstag: 12–17 Uhr",
        "category": "Refill Station",
        "source": "A TIP: TAB"
      },
      "geometry": {
        "type": "Point",
        "coordinates": [
          13.308199966935534,
          52.509899988076604
        ]
      }
    },
    {
      "type": "Feature",
      "properties": {
        "name": "Nachbarschaftsladen Berlinickestraße",
        "info": "Im Nachbarschaftsladen Berlinickestraße vermitteln wir Nachbarschaftshilfe und beraten pflegende Angehörige. Neben diversen Veranstaltungen und Aktionen kannst du auch Wasser auffüllen.",
        "category": "Refill Station",
        "source": "A TIP: TAB"
      },
      "geometry": {
        "type": "Point",
        "coordinates": [
          13.322300004457263,
          52.45470000079586
        ]
      }
    },
    {
      "type": "Feature",
      "properties": {
        "name": "Marios Eiscafé Eichwalde ",
        "info": "Marios Eiscafé Eichwalde - Eis - Café - Kuchen",
        "category": "Refill Station",
        "source": "A TIP: TAB"
      },
      "geometry": {
        "type": "Point",
        "coordinates": [
          13.626909262326969,
          52.37423678970627
        ]
      }
    },
    {
      "type": "Feature",
      "properties": {
        "name": "CDU Charlottenburg-Wilmersdorf",
        "info": "Bürgerbüro der CDU Charlottenburg-Wilmersdorf.",
        "category": "Refill Station",
        "source": "A TIP: TAB"
      },
      "geometry": {
        "type": "Point",
        "coordinates": [
          13.323419323807311,
          52.493867796144386
        ]
      }
    },
    {
      "type": "Feature",
      "properties": {
        "name": "DIE LINKE Charlottenburg-Wilmersdorf",
        "info": "Geschäftsstelle und Bürger*innenbüro",
        "category": "Refill Station",
        "source": "A TIP: TAB"
      },
      "geometry": {
        "type": "Point",
        "coordinates": [
          13.303983199086032,
          52.516444117071316
        ]
      }
    },
    {
      "type": "Feature",
      "properties": {
        "name": "Bürgerbüro Andreas Statzkowski, MdA",
        "info": "Mit Ihren Anliegen sind Sie bei uns richtig!",
        "category": "Refill Station",
        "source": "A TIP: TAB"
      },
      "geometry": {
        "type": "Point",
        "coordinates": [
          13.27995479725299,
          52.51100396854384
        ]
      }
    },
    {
      "type": "Feature",
      "properties": {
        "name": "Globetrotter Ausrüstung GmbH",
        "info": "Ein Trinkbrunnen im Erdgeschoß in der Technikabteilung",
        "category": "Refill Station",
        "source": "A TIP: TAB"
      },
      "geometry": {
        "type": "Point",
        "coordinates": [
          13.323653514182034,
          52.460689415438424
        ]
      }
    },
    {
      "type": "Feature",
      "properties": {
        "name": "Nibs Cacao",
        "info": "Hier gibt es Churros und leckeren Kakao in verschiedensten Sorten.",
        "category": "Refill Station",
        "source": "A TIP: TAB"
      },
      "geometry": {
        "type": "Point",
        "coordinates": [
          13.320100006330804,
          52.50420000055069
        ]
      }
    },
    {
      "type": "Feature",
      "properties": {
        "name": "Stadtteilladen Hakenfelde",
        "info": "Der Stadtteilladen. Ein Ort für alle Menschen im Kiez.\nBeratung, Bildung, Information, Engagement, Kultur, Netzwerk, Umwelt, Gesundheit, Austausch, Bewegung und Spaß!",
        "category": "Refill Station",
        "source": "A TIP: TAB"
      },
      "geometry": {
        "type": "Point",
        "coordinates": [
          13.208000014167279,
          52.56090001322371
        ]
      }
    },
    {
      "type": "Feature",
      "properties": {
        "name": "Quartiersmanagement Hellersdorfer Promenade",
        "info": "hier ist das Stadtteilbüro vom Quartiersmanagement Hellersdorfer Promenade",
        "category": "Refill Station",
        "source": "A TIP: TAB"
      },
      "geometry": {
        "type": "Point",
        "coordinates": [
          13.606300006437255,
          52.54109998817607
        ]
      }
    },
    {
      "type": "Feature",
      "properties": {
        "name": "BISS PR & Communications",
        "info": "Öffnungszeiten\nMontag bis Freitag 09 bis 18 Uhr",
        "category": "Refill Station",
        "source": "A TIP: TAB"
      },
      "geometry": {
        "type": "Point",
        "coordinates": [
          13.286073502752032,
          52.496959712587746
        ]
      }
    },
    {
      "type": "Feature",
      "properties": {
        "name": "eisbox",
        "info": "Öffnungszeiten: \nDonnerstag\t14:00–19:00\nFreitag\t14:00–19:00\nSamstag\t14:00–19:00\nSonntag\t14:00–19:00\nMontag\t14:00–19:00\nDienstag\t14:00–19:00\nMittwoch\t14:00–19:00\n",
        "category": "Refill Station",
        "source": "A TIP: TAB"
      },
      "geometry": {
        "type": "Point",
        "coordinates": [
          13.336126540478379,
          52.52226710902632
        ]
      }
    },
    {
      "type": "Feature",
      "properties": {
        "name": "Stadtteilzentrum Pankow",
        "info": "Öffnungszeiten\nNachbarschaftscafé: täglich 14 - 18 Uhr",
        "category": "Refill Station",
        "source": "A TIP: TAB"
      },
      "geometry": {
        "type": "Point",
        "coordinates": [
          13.399409657995873,
          52.569849538882195
        ]
      }
    },
    {
      "type": "Feature",
      "properties": {
        "name": "DAK-Gesundheit",
        "info": "Servicezentrum Berlin-Alexanderplatz",
        "category": "Refill Station",
        "source": "A TIP: TAB"
      },
      "geometry": {
        "type": "Point",
        "coordinates": [
          13.409499960676534,
          52.52149999724771
        ]
      }
    },
    {
      "type": "Feature",
      "properties": {
        "name": "DAK-Gesundheit",
        "info": "Servicezentrum Berlin-Tegel",
        "category": "Refill Station",
        "source": "A TIP: TAB"
      },
      "geometry": {
        "type": "Point",
        "coordinates": [
          13.283400010915194,
          52.590799980140666
        ]
      }
    },
    {
      "type": "Feature",
      "properties": {
        "name": "golden! Blumen & Wohnen",
        "info": "Geschäft für Blumen und Wohnartikel",
        "category": "Refill Station",
        "source": "A TIP: TAB"
      },
      "geometry": {
        "type": "Point",
        "coordinates": [
          13.434317015779353,
          52.48433820087665
        ]
      }
    },
    {
      "type": "Feature",
      "properties": {
        "name": "Milchbubies",
        "info": "Espresso und Kaffee",
        "category": "Refill Station",
        "source": "A TIP: TAB"
      },
      "geometry": {
        "type": "Point",
        "coordinates": [
          13.304421907898234,
          52.51569854678386
        ]
      }
    },
    {
      "type": "Feature",
      "properties": {
        "name": "Bahloul",
        "info": "Syrische Spezialitäten",
        "category": "Refill Station",
        "source": "A TIP: TAB"
      },
      "geometry": {
        "type": "Point",
        "coordinates": [
          13.429801265443583,
          52.48544251662001
        ]
      }
    },
    {
      "type": "Feature",
      "properties": {
        "name": "Treffpunkt SprengelHaus_ Moabiter Ratschlag e.V.",
        "info": "Nachbarschaftsladen ",
        "category": "Refill Station",
        "source": "A TIP: TAB"
      },
      "geometry": {
        "type": "Point",
        "coordinates": [
          13.354899991934607,
          52.54189999892465
        ]
      }
    },
    {
      "type": "Feature",
      "properties": {
        "name": "Jugendclub \"Lagune\"",
        "info": "In den Öffnungszeiten ist jeder Willkommen.",
        "category": "Refill Station",
        "source": "A TIP: TAB"
      },
      "geometry": {
        "type": "Point",
        "coordinates": [
          13.534099968864629,
          52.39660000074497
        ]
      }
    },
    {
      "type": "Feature",
      "properties": {
        "name": "Trinkbrunnen Weberwiese",
        "info": "#Leitungswasser #Refill",
        "category": "Refill Station",
        "source": "A TIP: TAB"
      },
      "geometry": {
        "type": "Point",
        "coordinates": [
          13.442900000811974,
          52.516000001931566
        ]
      }
    },
    {
      "type": "Feature",
      "properties": {
        "name": "Milidia Feinkost",
        "info": "Feinkost, Bistro, Restaurant",
        "category": "Refill Station",
        "source": "A TIP: TAB"
      },
      "geometry": {
        "type": "Point",
        "coordinates": [
          13.29362333439925,
          52.5165636430106
        ]
      }
    },
    {
      "type": "Feature",
      "properties": {
        "name": "Hajir",
        "info": "An- und Verkauf, Wohnungsauflösung Fahrradreparatur, Fahrradteile",
        "category": "Refill Station",
        "source": "A TIP: TAB"
      },
      "geometry": {
        "type": "Point",
        "coordinates": [
          13.431973603289562,
          52.4836591829004
        ]
      }
    },
    {
      "type": "Feature",
      "properties": {
        "name": "Hajir",
        "info": "Trödelladen mit Fahrradrepartur",
        "category": "Refill Station",
        "source": "A TIP: TAB"
      },
      "geometry": {
        "type": "Point",
        "coordinates": [
          13.431973603289562,
          52.4836591829004
        ]
      }
    },
    {
      "type": "Feature",
      "properties": {
        "name": "BKK ProVita | Service-Center Berlin",
        "info": "Gesetzliche Krankenkasse",
        "category": "Refill Station",
        "source": "A TIP: TAB"
      },
      "geometry": {
        "type": "Point",
        "coordinates": [
          13.416300031084708,
          52.542399979449065
        ]
      }
    },
    {
      "type": "Feature",
      "properties": {
        "name": "Gemeinwesenverein Haselhorst e.V.",
        "info": "Wir sind für alle Menschen da. Bei uns findet man Sozialberatung, Mieterberatung und verschiedene Hilfen.\nWir sind ein Treffpunkt für die Haselhorster*innen.\nBei uns finden Sie:\n\n   - diverse angeleitete und selbstangeleitete Gruppen und Kurse;\n   - Angebote für Kinder, Familien und Senior*innen;\n   - Feste und Veranstaltungen;\n   - Nachbarschaftshilfe.\n",
        "category": "Refill Station",
        "source": "A TIP: TAB"
      },
      "geometry": {
        "type": "Point",
        "coordinates": [
          13.236200005391705,
          52.544099997051106
        ]
      }
    },
    {
      "type": "Feature",
      "properties": {
        "name": "Frau Polda",
        "info": "Eine feines Buchbistro - Buchhandlung und Bistro. Wir haben ein Waschbecken im Raum, an dem ihr euch selbstständig bedienen könnt. ",
        "category": "Refill Station",
        "source": "A TIP: TAB"
      },
      "geometry": {
        "type": "Point",
        "coordinates": [
          13.364099968859973,
          52.5498999806819
        ]
      }
    },
    {
      "type": "Feature",
      "properties": {
        "name": "Himalaya",
        "info": "Indisches Restaurant",
        "category": "Refill Station",
        "source": "A TIP: TAB"
      },
      "geometry": {
        "type": "Point",
        "coordinates": [
          13.30523486868722,
          52.51487028902158
        ]
      }
    },
    {
      "type": "Feature",
      "properties": {
        "name": "Mitmach-Laden - KREATIVHAUS",
        "info": "Begegnungsort auf der Fischerinsel für Menschen aus der Nachbarschaft.\n\nEs gibt verschiedene Beratungsangebote (Mietrecht, Familienrecht, Sozialberatung, Smartphone-Sprechstunde, Senior*innen-Sprechstunde) sowie Sprach- und Malkurse statt.",
        "category": "Refill Station",
        "source": "A TIP: TAB"
      },
      "geometry": {
        "type": "Point",
        "coordinates": [
          13.407500038578874,
          52.51409999211975
        ]
      }
    },
    {
      "type": "Feature",
      "properties": {
        "name": "Lio Gelato",
        "info": "Lio Gelato ist kein normales Eiscafé. Bei uns kreierst du deinen Becher oder Eiswaffel nach deinen Wünschen selbst zusammen",
        "category": "Refill Station",
        "source": "A TIP: TAB"
      },
      "geometry": {
        "type": "Point",
        "coordinates": [
          13.327499969549244,
          52.428500015488126
        ]
      }
    },
    {
      "type": "Feature",
      "properties": {
        "name": "Kaffee&Korn-Unverpackt",
        "info": "„Kaffee & Korn“ steht ganz im Sinne der Nachhaltigkeit, Regionalität und größtmöglichen Vermeidung unnötiger (Plastik-)Verpackungen.",
        "category": "Refill Station",
        "source": "A TIP: TAB"
      },
      "geometry": {
        "type": "Point",
        "coordinates": [
          13.525900036807126,
          52.48440001741257
        ]
      }
    },
    {
      "type": "Feature",
      "properties": {
        "name": "Roberta",
        "info": "Eis und Café",
        "category": "Refill Station",
        "source": "A TIP: TAB"
      },
      "geometry": {
        "type": "Point",
        "coordinates": [
          13.304099958997266,
          52.500199988717306
        ]
      }
    },
    {
      "type": "Feature",
      "properties": {
        "name": "Berlin Burrito Company",
        "info": "Burritos und andere Spezialitäten der mexikanischen Küche",
        "category": "Refill Station",
        "source": "A TIP: TAB"
      },
      "geometry": {
        "type": "Point",
        "coordinates": [
          13.354395317544414,
          52.494591615393105
        ]
      }
    },
    {
      "type": "Feature",
      "properties": {
        "name": "Wahlkreisbüro Nina Lerch, MdA",
        "info": "Unser Wahlkreisbüro liegt zentral am Platz in der Christoph-Ruden-Straße in Buckow und bietet barrierefreien Zugang.",
        "category": "Refill Station",
        "source": "A TIP: TAB"
      },
      "geometry": {
        "type": "Point",
        "coordinates": [
          13.43605550631697,
          52.41824437976733
        ]
      }
    },
    {
      "type": "Feature",
      "properties": {
        "name": "Rachel Kohn Keramik",
        "info": "Künstler-Atelier und Keramik-Verkauf",
        "category": "Refill Station",
        "source": "A TIP: TAB"
      },
      "geometry": {
        "type": "Point",
        "coordinates": [
          13.290788323288218,
          52.516027494573976
        ]
      }
    },
    {
      "type": "Feature",
      "properties": {
        "name": "BrotGut Backstube & Ladencafé",
        "info": "Bäckerei mit Ladencafé",
        "category": "Refill Station",
        "source": "A TIP: TAB"
      },
      "geometry": {
        "type": "Point",
        "coordinates": [
          13.369100025561218,
          52.49069998156778
        ]
      }
    },
    {
      "type": "Feature",
      "properties": {
        "name": "Familienzentrum Weißensee",
        "info": "Wir sind ein offener Treffpunkt um Menschen in diversen Familien*kontexten zu entlasten & zu fördern. Unsere Angebote setzen sich zusammen aus den Säulen Bildung–Begegnung–Beratung. Neben diesen Angeboten gibt es das Familiencafé.",
        "category": "Refill Station",
        "source": "A TIP: TAB"
      },
      "geometry": {
        "type": "Point",
        "coordinates": [
          13.45270003818567,
          52.548200004989376
        ]
      }
    },
    {
      "type": "Feature",
      "properties": {
        "name": "Impact Hub Berlin",
        "info": "GLOBAL COMMUNITY, CONSULTANCY AND CREATIVE SPACE\nÖffnungszeiten:\nMontag - Freitag, 09:00 - 18:00",
        "category": "Refill Station",
        "source": "A TIP: TAB"
      },
      "geometry": {
        "type": "Point",
        "coordinates": [
          13.391018953822096,
          52.50073253293556
        ]
      }
    },
    {
      "type": "Feature",
      "properties": {
        "name": "Viereck-Apotheke",
        "info": "Öffnungszeiten:\n\nMo - Fr:  8:00 - 19:00 Uhr\nSa:          8:00 - 13:00 Uhr\n",
        "category": "Refill Station",
        "source": "A TIP: TAB"
      },
      "geometry": {
        "type": "Point",
        "coordinates": [
          13.4934175636123,
          52.63603191479856
        ]
      }
    },
    {
      "type": "Feature",
      "properties": {
        "name": "Studio Hertzberg",
        "info": "Hier stellen zwölf internationale Designer vor Ort biologische, faire und nachhaltige Kleidung her und verkaufen diese. Individuelle Wünsche sind möglich.\nÖffnungszeiten: \nDi-Fr 13-20 Uhr, Sa 13-19 Uhr",
        "category": "Refill Station",
        "source": "A TIP: TAB"
      },
      "geometry": {
        "type": "Point",
        "coordinates": [
          13.449188020755159,
          52.47696200035371
        ]
      }
    },
    {
      "type": "Feature",
      "properties": {
        "name": "BUNDjugend Berlin e.V.",
        "info": "Wir haben die Konsumgesellschaft und ihren Folgen satt! Wir wollen etwas verändern! Seit 30 Jahren setzten wir uns – junge Menschen bis 27 Jahre – mit Aktionen, Kampagnen und Seminaren für eine umweltfreundlichere und gerechtere Welt ein.",
        "category": "Refill Station",
        "source": "A TIP: TAB"
      },
      "geometry": {
        "type": "Point",
        "coordinates": [
          13.427024676197686,
          52.54824530917604
        ]
      }
    },
    {
      "type": "Feature",
      "properties": {
        "name": "Mein Reinickendorf - Büro für Bürgerbeteiligung",
        "info": "Wir sind die Anlaufstelle für die Beteiligung von Bürgerinnen und Bürgern in stadträumlichen Prozessen. Beauftragt vom Bezirksamt Reinickendorf, bilden wir die Brücke zwischen Bevölkerung und Verwaltung. ",
        "category": "Refill Station",
        "source": "A TIP: TAB"
      },
      "geometry": {
        "type": "Point",
        "coordinates": [
          13.314099988580727,
          52.567600003707966
        ]
      }
    },
    {
      "type": "Feature",
      "properties": {
        "name": "Kolla.Berlin",
        "info": "Kleidung im zeitlosen Design. Online und nach Vereinbarung.",
        "category": "Refill Station",
        "source": "A TIP: TAB"
      },
      "geometry": {
        "type": "Point",
        "coordinates": [
          13.432799975123629,
          52.47229998580753
        ]
      }
    },
    {
      "type": "Feature",
      "properties": {
        "name": "Zukunftshaus Wedding",
        "info": "Im Stadtteil- und Familien-Zentrum können sich Menschen und Familien treffen, miteinander sprechen und Zeit verbringen. Hier gibt es Unterstützung und Beratung, Freizeit-Aktivitäten und Lern-Angebote – Alles kostenlos. ",
        "category": "Refill Station",
        "source": "A TIP: TAB"
      },
      "geometry": {
        "type": "Point",
        "coordinates": [
          13.346299991638539,
          52.554199980829935
        ]
      }
    },
    {
      "type": "Feature",
      "properties": {
        "name": "mkk - meine krankenkasse ServiceCenter Berlin-Mitte",
        "info": "Gesundheit und Umwelt sind untrennbar miteinander verbunden. Diese Verantwortung nehmen wir ernst.",
        "category": "Refill Station",
        "source": "A TIP: TAB"
      },
      "geometry": {
        "type": "Point",
        "coordinates": [
          13.397194991538857,
          52.506470993397045
        ]
      }
    },
    {
      "type": "Feature",
      "properties": {
        "name": "Schloss 19",
        "info": "Kinder- und Jungendclub",
        "category": "Refill Station",
        "source": "A TIP: TAB"
      },
      "geometry": {
        "type": "Point",
        "coordinates": [
          13.295829954229216,
          52.514508651809074
        ]
      }
    },
    {
      "type": "Feature",
      "properties": {
        "name": "CU.Office",
        "info": "Sozial-ökologischer Coworking und Event Space in Berlin-Wedding | Werde Community-Mitglied, miete unseren Meetingraum oder setze mit uns deine Workshop-/Event-Idee um!",
        "category": "Refill Station",
        "source": "A TIP: TAB"
      },
      "geometry": {
        "type": "Point",
        "coordinates": [
          13.35282957803124,
          52.54819250318603
        ]
      }
    },
    {
      "type": "Feature",
      "properties": {
        "name": "Holsteiner Räucherkate",
        "info": "Feinkostgeschäft mit Imbiss",
        "category": "Refill Station",
        "source": "A TIP: TAB"
      },
      "geometry": {
        "type": "Point",
        "coordinates": [
          13.203500021809479,
          52.53720001435708
        ]
      }
    },
    {
      "type": "Feature",
      "properties": {
        "name": "BUND ReMap",
        "info": "Karte mit ganz vielen Möglichkeiten, Dinge zu teilen, tauschen, recyceln etc.",
        "category": "Refill Station",
        "source": "A TIP: TAB"
      },
      "geometry": {
        "type": "Point",
        "coordinates": [
          13.361668797843935,
          52.48850790433982
        ]
      }
    },
    {
      "type": "Feature",
      "properties": {
        "name": "denn's Biomarkt",
        "info": "Öffnungszeiten:\nMo - Sa 9 - 21 Uhr",
        "category": "Refill Station",
        "source": "A TIP: TAB"
      },
      "geometry": {
        "type": "Point",
        "coordinates": [
          13.432149790894309,
          52.4820912640924
        ]
      }
    },
    {
      "type": "Feature",
      "properties": {
        "name": "Kleiderei Berlin ",
        "info": "Stil hast du, Kleider leihst du \nDein unendlicher Kleiderschrank \nFair / 2ndhand / Vintage \n🌱 eco-friendly sharing & shopping",
        "category": "Refill Station",
        "source": "A TIP: TAB"
      },
      "geometry": {
        "type": "Point",
        "coordinates": [
          13.414300025168014,
          52.502900009277695
        ]
      }
    },
    {
      "type": "Feature",
      "properties": {
        "name": "Green Go Garage",
        "info": "Wir sind ein kleines Familienunternehmen und haben 2009 zum ersten Mal Hollandräder an Touristen vermietet. Der Chef selbst arbeitet bereits seit seinem 13. Lebensjahr mit Fahrrädern aller Art und hat für jedes denkbare Problem einen Lösungsansatz.",
        "category": "Refill Station",
        "source": "A TIP: TAB"
      },
      "geometry": {
        "type": "Point",
        "coordinates": [
          13.43893158875356,
          52.50068919849614
        ]
      }
    },
    {
      "type": "Feature",
      "properties": {
        "name": "bolsos berlin",
        "info": "Upcycling! Werkstattladen für handgemachte Taschen und Accessoires aus Upcyclingmaterialien wie Werbebanner, Segel und Fahnenstoffe",
        "category": "Refill Station",
        "source": "A TIP: TAB"
      },
      "geometry": {
        "type": "Point",
        "coordinates": [
          13.392400040008313,
          52.50339998980211
        ]
      }
    },
    {
      "type": "Feature",
      "properties": {
        "name": "BIO COMPANY SE | Friesenstraße",
        "info": "Öffnungszeiten:\nMo - Sa: 08:00 – 21:00",
        "category": "Refill Station",
        "source": "A TIP: TAB"
      },
      "geometry": {
        "type": "Point",
        "coordinates": [
          13.394248333477531,
          52.4888451921236
        ]
      }
    },
    {
      "type": "Feature",
      "properties": {
        "name": "BIO COMPANY SE | Breisgauer Straße",
        "info": "Öffnungszeiten:\nMontag bis Samstag von 8.00 bis 20.00 Uhr\nBäckerei und Bistro ab 7.00 Uhr",
        "category": "Refill Station",
        "source": "A TIP: TAB"
      },
      "geometry": {
        "type": "Point",
        "coordinates": [
          13.216680145457703,
          52.43707436716048
        ]
      }
    },
    {
      "type": "Feature",
      "properties": {
        "name": "Essential by Dorint Berlin Adlershof",
        "info": "Hotelbetrieb mit Restaurant & Bar",
        "category": "Refill Station",
        "source": "A TIP: TAB"
      },
      "geometry": {
        "type": "Point",
        "coordinates": [
          13.534900021522725,
          52.431600020468046
        ]
      }
    },
    {
      "type": "Feature",
      "properties": {
        "name": "Nachbarschafts- und Familienzentrum Kiezoase",
        "info": "Das Nachbarschafts- und Familienzentrum Kiezoase ist Anlaufstelle für Bewohner*innen  aus Schöneberg und Umgebung.\nMit Angeboten für alle Generationen wollen wir die Lebensqualität und die Infrastruktur für Jung und Alt im Stadtteil verbessern.",
        "category": "Refill Station",
        "source": "A TIP: TAB"
      },
      "geometry": {
        "type": "Point",
        "coordinates": [
          13.352699993808148,
          52.4919000186454
        ]
      }
    },
    {
      "type": "Feature",
      "properties": {
        "name": "Begegnungsstätte Mehr Mitte",
        "info": "Ort für Begegnungen , kostenlose Angebote für jeden. Kiezkühlschrank, Teestube jeden Tag. Mittwoch Suppentag",
        "category": "Refill Station",
        "source": "A TIP: TAB"
      },
      "geometry": {
        "type": "Point",
        "coordinates": [
          13.392900020532728,
          52.52809999162709
        ]
      }
    },
    {
      "type": "Feature",
      "properties": {
        "name": "mkk -meine krankenkasse ServiceCenter Falkensee",
        "info": "Gesundheit und  Umwelt sind untrennbar miteinander verbunden. Diese Verantwortung nehmen wir ernst.",
        "category": "Refill Station",
        "source": "A TIP: TAB"
      },
      "geometry": {
        "type": "Point",
        "coordinates": [
          13.092100002380134,
          52.56069997910443
        ]
      }
    },
    {
      "type": "Feature",
      "properties": {
        "name": "Nachbarschaftszentrum Brunnentreff",
        "info": "Ort für Begegungen, kostenlose Angebote, Kiezkühlschrank",
        "category": "Refill Station",
        "source": "A TIP: TAB"
      },
      "geometry": {
        "type": "Point",
        "coordinates": [
          13.396599960232432,
          52.53720001435708
        ]
      }
    },
    {
      "type": "Feature",
      "properties": {
        "name": "mkk - meine krankenkasse ServiceCenter Buch",
        "info": "Gesundheit und Umwelt sind untrennbar miteinander verbunden. Diese Verantwortung nehmen wir ernst.",
        "category": "Refill Station",
        "source": "A TIP: TAB"
      },
      "geometry": {
        "type": "Point",
        "coordinates": [
          13.49360003764443,
          52.636100017761855
        ]
      }
    },
    {
      "type": "Feature",
      "properties": {
        "name": "frugibus",
        "info": "Marmeladen, Fruchtaufstriche, vegane Aufstriche und andere süße Sachen.",
        "category": "Refill Station",
        "source": "A TIP: TAB"
      },
      "geometry": {
        "type": "Point",
        "coordinates": [
          13.447799977589305,
          52.47329998876587
        ]
      }
    },
    {
      "type": "Feature",
      "properties": {
        "name": "BIO COMPANY SE | Bundesallee/Trautenaustraße",
        "info": "Öffnungszeiten: Mo - Sa: 08:00 - 21:00",
        "category": "Refill Station",
        "source": "A TIP: TAB"
      },
      "geometry": {
        "type": "Point",
        "coordinates": [
          13.331299989172862,
          52.49369999044281
        ]
      }
    },
    {
      "type": "Feature",
      "properties": {
        "name": "denn's Biomarkt",
        "info": "Öffnungszeiten:\nMo-Sa 09-21 Uhr\n\nBäcker: ab 07:30 Uhr",
        "category": "Refill Station",
        "source": "A TIP: TAB"
      },
      "geometry": {
        "type": "Point",
        "coordinates": [
          13.420551500013355,
          52.494925382777545
        ]
      }
    },
    {
      "type": "Feature",
      "properties": {
        "name": "Fatma & Frieda",
        "info": "Café mit selbstgemachten Speisen aus hauptsächlich regionalen Produkten. ",
        "category": "Refill Station",
        "source": "A TIP: TAB"
      },
      "geometry": {
        "type": "Point",
        "coordinates": [
          13.428621261114543,
          52.485147599356786
        ]
      }
    },
    {
      "type": "Feature",
      "properties": {
        "name": "Blumen Weyer",
        "info": "Blumengeschäft, welches u.a. auch fair-gehandelte Rosen verkauft.",
        "category": "Refill Station",
        "source": "A TIP: TAB"
      },
      "geometry": {
        "type": "Point",
        "coordinates": [
          13.432783965688564,
          52.485364816377576
        ]
      }
    },
    {
      "type": "Feature",
      "properties": {
        "name": " Mädchen*stadtteilladen ReachIna",
        "info": "Jugendeinrichtung von Outreach für alle Mädchen und jungen Frauen zwischen 11 und 18 Jahren. ",
        "category": "Refill Station",
        "source": "A TIP: TAB"
      },
      "geometry": {
        "type": "Point",
        "coordinates": [
          13.426587559947086,
          52.48587929759449
        ]
      }
    },
    {
      "type": "Feature",
      "properties": {
        "name": "Helene-Nathan-Bibliothek",
        "info": "Die Helene-Nathan-Bibliothek befindet sich im 4. Stock der Neukölln Arcaden und ist über die Fahrstühle und eine Rampe zugänglich.\n\nIm Foyer der Bibliothek befindet sich ein frei zugänglicher Wasserspender.",
        "category": "Refill Station",
        "source": "A TIP: TAB"
      },
      "geometry": {
        "type": "Point",
        "coordinates": [
          13.43243552997356,
          52.482479513847494
        ]
      }
    },
    {
      "type": "Feature",
      "properties": {
        "name": "Refugio Café",
        "info": "Im Refugio Berlin leben und arbeiten Menschen, die eine neue Heimat und ein neues Leben suchen. Refugio ist ein Projekt der Berliner Stadtmission.",
        "category": "Refill Station",
        "source": "A TIP: TAB"
      },
      "geometry": {
        "type": "Point",
        "coordinates": [
          13.425128522061337,
          52.48990730498448
        ]
      }
    },
    {
      "type": "Feature",
      "properties": {
        "name": "BIO COMPANY SE | Friedrichstraße",
        "info": "Öffnungszeiten:\nMo - Sa: 08:00 - 21:00",
        "category": "Refill Station",
        "source": "A TIP: TAB"
      },
      "geometry": {
        "type": "Point",
        "coordinates": [
          13.387570387398624,
          52.522907318790864
        ]
      }
    },
    {
      "type": "Feature",
      "properties": {
        "name": "BIO COMPANY SE | Babelsberger Straße",
        "info": "Öffnungszeiten:\nMo - Sa: 08:00 - 21:00",
        "category": "Refill Station",
        "source": "A TIP: TAB"
      },
      "geometry": {
        "type": "Point",
        "coordinates": [
          13.33544157135088,
          52.487867317389636
        ]
      }
    },
    {
      "type": "Feature",
      "properties": {
        "name": "BIO COMPANY SE | Wilhelmsaue/Uhlandstraße",
        "info": "Öffnungszeiten:\nMo - Sa: 08:00 - 21:00",
        "category": "Refill Station",
        "source": "A TIP: TAB"
      },
      "geometry": {
        "type": "Point",
        "coordinates": [
          13.322815240045458,
          52.48566321213062
        ]
      }
    },
    {
      "type": "Feature",
      "properties": {
        "name": "BIO COMPANY SE | Heilbronner Straße",
        "info": "Öffnungszeiten: Mo - Sa: 08:00 - 21:00",
        "category": "Refill Station",
        "source": "A TIP: TAB"
      },
      "geometry": {
        "type": "Point",
        "coordinates": [
          13.295549160472838,
          52.50212271348672
        ]
      }
    },
    {
      "type": "Feature",
      "properties": {
        "name": "BIO COMPANY SE | Schlossstraße",
        "info": "Öffnungszeiten:\nMo - Sa: 09:00-20:00",
        "category": "Refill Station",
        "source": "A TIP: TAB"
      },
      "geometry": {
        "type": "Point",
        "coordinates": [
          13.321094519142571,
          52.45757843016534
        ]
      }
    },
    {
      "type": "Feature",
      "properties": {
        "name": "BIO COMPANY SE | Teltower Damm",
        "info": "Öffnungszeiten:\nMo - Sa: 08:00 - 20:00",
        "category": "Refill Station",
        "source": "A TIP: TAB"
      },
      "geometry": {
        "type": "Point",
        "coordinates": [
          13.260071078902143,
          52.43368158230264
        ]
      }
    },
    {
      "type": "Feature",
      "properties": {
        "name": "BIO COMPANY SE | Wiesenschlag",
        "info": "Öffnungszeiten:\nMo - Sa: 08:00 - 20:00",
        "category": "Refill Station",
        "source": "A TIP: TAB"
      },
      "geometry": {
        "type": "Point",
        "coordinates": [
          13.217784461201068,
          52.42746958622126
        ]
      }
    },
    {
      "type": "Feature",
      "properties": {
        "name": "BIO COMPANY SE | Rudi-Dutschke-Straße",
        "info": "Öffnungszeiten:\nMo - Sa: 07:30 - 20:00",
        "category": "Refill Station",
        "source": "A TIP: TAB"
      },
      "geometry": {
        "type": "Point",
        "coordinates": [
          13.39335297858033,
          52.50659881742047
        ]
      }
    },
    {
      "type": "Feature",
      "properties": {
        "name": "BIO COMPANY SE | Hasenheide",
        "info": "Öffnungszeiten:\nMo - Sa: 08:00 - 21:00",
        "category": "Refill Station",
        "source": "A TIP: TAB"
      },
      "geometry": {
        "type": "Point",
        "coordinates": [
          13.414913664299489,
          52.48854453325669
        ]
      }
    },
    {
      "type": "Feature",
      "properties": {
        "name": "BIO COMPANY SE | Tempelhofer Damm",
        "info": "Öffnungszeiten:\nMo - Sa: 08:00 - 20:00",
        "category": "Refill Station",
        "source": "A TIP: TAB"
      },
      "geometry": {
        "type": "Point",
        "coordinates": [
          13.386515860160122,
          52.45561773537454
        ]
      }
    },
    {
      "type": "Feature",
      "properties": {
        "name": "BIO COMPANY SE | Wilmersdorfer Straße",
        "info": "Öffnungszeiten:\nMo - Sa: 08:00 - 21:00",
        "category": "Refill Station",
        "source": "A TIP: TAB"
      },
      "geometry": {
        "type": "Point",
        "coordinates": [
          13.30788732194709,
          52.50469042570548
        ]
      }
    },
    {
      "type": "Feature",
      "properties": {
        "name": "BIO COMPANY SE | Neufertstraße",
        "info": "Öffnungszeiten:\nMo - Sa: 08:00 - 21:00",
        "category": "Refill Station",
        "source": "A TIP: TAB"
      },
      "geometry": {
        "type": "Point",
        "coordinates": [
          13.29310114183142,
          52.51762516913825
        ]
      }
    },
    {
      "type": "Feature",
      "properties": {
        "name": "BIO COMPANY SE | Ferdinandstraße",
        "info": "Öffnungszeiten:\nMo-Fr. 08:00-20:00\nSa 08:00-18:00",
        "category": "Refill Station",
        "source": "A TIP: TAB"
      },
      "geometry": {
        "type": "Point",
        "coordinates": [
          13.328679135687965,
          52.42755369861962
        ]
      }
    },
    {
      "type": "Feature",
      "properties": {
        "name": "BIO COMPANY SE | Heinsestraße",
        "info": "Öffnungszeiten:\nMo - Sa: 08:00 - 20:00",
        "category": "Refill Station",
        "source": "A TIP: TAB"
      },
      "geometry": {
        "type": "Point",
        "coordinates": [
          13.307819260893305,
          52.616365664925596
        ]
      }
    },
    {
      "type": "Feature",
      "properties": {
        "name": "BIO COMPANY SE | Oranienburger Chaussee",
        "info": "Öffnungszeiten:\nMo - Sa: 08:00 - 20:00",
        "category": "Refill Station",
        "source": "A TIP: TAB"
      },
      "geometry": {
        "type": "Point",
        "coordinates": [
          13.30934350998576,
          52.63360141433478
        ]
      }
    },
    {
      "type": "Feature",
      "properties": {
        "name": "BIO COMPANY SE | Klosterstraße",
        "info": "Öffnungszeiten:\nMo - Sa: 08:00 - 20:00",
        "category": "Refill Station",
        "source": "A TIP: TAB"
      },
      "geometry": {
        "type": "Point",
        "coordinates": [
          13.19830299038361,
          52.53223491019208
        ]
      }
    },
    {
      "type": "Feature",
      "properties": {
        "name": "Reformhaus DEMSKI",
        "info": "Verkauf von hochwertiger Naturarznei, Naturkosmetik, Lebensmitteln und alles zum Thema Gesundheit. ",
        "category": "Refill Station",
        "source": "A TIP: TAB"
      },
      "geometry": {
        "type": "Point",
        "coordinates": [
          13.289200036455505,
          52.63210000592847
        ]
      }
    },
    {
      "type": "Feature",
      "properties": {
        "name": "BRILLENkammer",
        "info": "Öffnungszeiten \nMo - geschlossen\nDi+Mi+Fr - 10:00-18:30\nDo - 10:00-20:00\nSa - 10:00-16:00",
        "category": "Refill Station",
        "source": "A TIP: TAB"
      },
      "geometry": {
        "type": "Point",
        "coordinates": [
          13.456287660382822,
          52.51173780416685
        ]
      }
    },
    {
      "type": "Feature",
      "properties": {
        "name": "BHROX bauhause reuse",
        "info": "BHROX - transdisziplinäres Zentrum, partizipatives Stadtlabor für Forschung, Bildung, Best-Practice Projekte und performative Praxis, befasst sich mit nachhaltiger Stadtentwicklung, mit dem Erbe der Moderne, mit Baukultur, Politik und Gesellschaft",
        "category": "Refill Station",
        "source": "A TIP: TAB"
      },
      "geometry": {
        "type": "Point",
        "coordinates": [
          13.322000016142614,
          52.51280000084676
        ]
      }
    },
    {
      "type": "Feature",
      "properties": {
        "name": "Maiko Unverpackt",
        "info": "Hi, wir sind Maiko - der vegane Unverpacktladen plus Café für Falkensee. Ihr findet uns unmittelbar in der Nähe des Bahnhofs und freuen uns, gemeinsam mit Euch ein Zeichen gegen den Plastik(Flaschen)-Wahnsinn zu setzen.",
        "category": "Refill Station",
        "source": "A TIP: TAB"
      },
      "geometry": {
        "type": "Point",
        "coordinates": [
          13.090865934775614,
          52.55996429946272
        ]
      }
    },
    {
      "type": "Feature",
      "properties": {
        "name": "Fellfreunde - Unser Hundecafe",
        "info": "Hier könnt ihr nicht nur kostenlos euren Durst löschen, sondern bekommt auch immer Wasser für euren treuen vierbeinigen Begleiter - Fellfreunde helfen sich ♥",
        "category": "Refill Station",
        "source": "A TIP: TAB"
      },
      "geometry": {
        "type": "Point",
        "coordinates": [
          13.40668380884765,
          52.58642211211213
        ]
      }
    },
    {
      "type": "Feature",
      "properties": {
        "name": "BIO COMPANY SE | Chausseestraße",
        "info": "Öffnungszeiten:\nMo - Sa: 08:00 - 21:00",
        "category": "Refill Station",
        "source": "A TIP: TAB"
      },
      "geometry": {
        "type": "Point",
        "coordinates": [
          13.383821329746311,
          52.530176189043644
        ]
      }
    },
    {
      "type": "Feature",
      "properties": {
        "name": "BIO COMPANY SE | Karl-Marx-Straße",
        "info": "Öffnungszeiten:\nMo - Sa: 08:00 - 21:00",
        "category": "Refill Station",
        "source": "A TIP: TAB"
      },
      "geometry": {
        "type": "Point",
        "coordinates": [
          13.438799992873706,
          52.47680002007485
        ]
      }
    },
    {
      "type": "Feature",
      "properties": {
        "name": "BIO COMPANY SE | Hermannstraße",
        "info": "Öffnungszeiten:\nMo - Sa: 08:00-21:00",
        "category": "Refill Station",
        "source": "A TIP: TAB"
      },
      "geometry": {
        "type": "Point",
        "coordinates": [
          13.427565308952502,
          52.475200920587035
        ]
      }
    },
    {
      "type": "Feature",
      "properties": {
        "name": "BIO COMPANY SE | Treskowallee",
        "info": "Öffnungszeiten:\nMo - Sa: 08:00-20:00",
        "category": "Refill Station",
        "source": "A TIP: TAB"
      },
      "geometry": {
        "type": "Point",
        "coordinates": [
          13.524505288118732,
          52.481202614717745
        ]
      }
    },
    {
      "type": "Feature",
      "properties": {
        "name": "BIO COMPANY SE | Turmstraße",
        "info": "Öffnungszeiten:\nMo - Sa: 08:00 - 21:00",
        "category": "Refill Station",
        "source": "A TIP: TAB"
      },
      "geometry": {
        "type": "Point",
        "coordinates": [
          13.33510520557645,
          52.52700355487271
        ]
      }
    },
    {
      "type": "Feature",
      "properties": {
        "name": "BIO COMPANY SE | Uhlandstraße",
        "info": "Öffnungszeiten:\nMo - Sa: 08:00 - 21:00",
        "category": "Refill Station",
        "source": "A TIP: TAB"
      },
      "geometry": {
        "type": "Point",
        "coordinates": [
          13.32440863983911,
          52.49919709400236
        ]
      }
    },
    {
      "type": "Feature",
      "properties": {
        "name": "BIO COMPANY SE | Reichsstraße",
        "info": "Öffnungszeiten:\nMo - Sa: 08:00 - 20:00",
        "category": "Refill Station",
        "source": "A TIP: TAB"
      },
      "geometry": {
        "type": "Point",
        "coordinates": [
          13.267579336309609,
          52.51254058094348
        ]
      }
    },
    {
      "type": "Feature",
      "properties": {
        "name": "BIO COMPANY SE | Bölschestraße",
        "info": "Öffnungszeiten:\nMo - Sa: 08.00 - 20.00",
        "category": "Refill Station",
        "source": "A TIP: TAB"
      },
      "geometry": {
        "type": "Point",
        "coordinates": [
          13.624539865937335,
          52.44706890659736
        ]
      }
    },
    {
      "type": "Feature",
      "properties": {
        "name": "BIO COMPANY SE | Förster-Funke-Allee",
        "info": "Öffnungszeiten:\nMo - Sa: 08:00 - 20:00",
        "category": "Refill Station",
        "source": "A TIP: TAB"
      },
      "geometry": {
        "type": "Point",
        "coordinates": [
          13.217972970203483,
          52.40488060862053
        ]
      }
    },
    {
      "type": "Feature",
      "properties": {
        "name": "Olof-Palme-Zentrum",
        "info": "Wir sind ein Kinder- und Jugendzentrum sowie ein Nachbarschaftstreff. ",
        "category": "Refill Station",
        "source": "A TIP: TAB"
      },
      "geometry": {
        "type": "Point",
        "coordinates": [
          13.396099979708017,
          52.54189999892465
        ]
      }
    },
    {
      "type": "Feature",
      "properties": {
        "name": "BIO COMPANY SE | Kottbusser Damm",
        "info": "Öffnungszeiten:\nMo - Sa: 08:00 - 21:00",
        "category": "Refill Station",
        "source": "A TIP: TAB"
      },
      "geometry": {
        "type": "Point",
        "coordinates": [
          13.425000027485657,
          52.488499983441315
        ]
      }
    },
    {
      "type": "Feature",
      "properties": {
        "name": "Café Maiko",
        "info": "Hi, wir sind Maiko - das vegane Café samt Unverpacktladen für Falkensee. Ihr findet uns in unmittelbarer Nähe zum Bahnhof Falkensee. Wir freuen uns, gemeinsam mit Euch ein Zeichen gegen den Plastik(Flaschen)-Wahnsinn. Also bringt sie mit, die Lieblingsflasche und wir füllen sie euch kostenfrei mit frischem Leitungswasser :)",
        "category": "Refill Station",
        "source": "A TIP: TAB"
      },
      "geometry": {
        "type": "Point",
        "coordinates": [
          13.090061104432708,
          52.56008780680601
        ]
      }
    },
    {
      "type": "Feature",
      "properties": {
        "name": "BIO COMPANY SE | Walther-Schreiber-Platz",
        "info": "Öffnungszeiten: Mo - Sa: 08:00-20:00",
        "category": "Refill Station",
        "source": "A TIP: TAB"
      },
      "geometry": {
        "type": "Point",
        "coordinates": [
          13.328700006626873,
          52.465599995323274
        ]
      }
    },
    {
      "type": "Feature",
      "properties": {
        "name": "SuperCoop Berlin eG",
        "info": "Gemeinschaftlicher Mitmach-Supermarkt - für gute Lebensmittel zu fairen Preisen durch Kooperation!\n\nDu willst Teil einer Gemeinschaft werden, die allen den Zugang zu guten und fair produzierten Lebensmitteln ermöglicht? Bei SuperCoop sind wir mehr als nur Kund*innen! Unser Supermarkt gehört allen, die dort einkaufen und wird gemeinschaftlich betrieben. ",
        "category": "Refill Station",
        "source": "A TIP: TAB"
      },
      "geometry": {
        "type": "Point",
        "coordinates": [
          13.360600021370034,
          52.552699997347176
        ]
      }
    },
    {
      "type": "Feature",
      "properties": {
        "name": "Weltladen Teltow",
        "info": "Beratung und Verkauf von Produkten aus dem FairenHandel / Bildungsangebote / kl. Kaffee + Tee Angebot im Garten / Bücherkiste-gebrauchte Bücher / Projekt \"Anders Wirtschaften im WLT\" / \nkl. Upcycling-Angebot",
        "category": "Refill Station",
        "source": "A TIP: TAB"
      },
      "geometry": {
        "type": "Point",
        "coordinates": [
          13.286409197974208,
          52.39683691523822
        ]
      }
    },
    {
      "type": "Feature",
      "properties": {
        "name": "Sport Club Siemensstadt/ Sportcentrum Siemensstadt",
        "info": "Der Sport Club Siemensstadt e.V. befindet sich am östlichen Rande von Spandau nahe Reinickendorf und Charlottenburg-West und ist im größten Sportzentrum Berlins beheimatet. Mit über 6.500 Mitgliedern zählt der Verein zu einer der größten in Berlin.",
        "category": "Refill Station",
        "source": "A TIP: TAB"
      },
      "geometry": {
        "type": "Point",
        "coordinates": [
          13.258440547277425,
          52.5454532972283
        ]
      }
    },
    {
      "type": "Feature",
      "properties": {
        "name": "Albert Schweitzer Stiftung - Wohnen & Betreuen Haus Kaysersberg",
        "info": "Die Albert Schweitzer Stiftung – Wohnen & Betreuen ist ein Unternehmen der Sozialwirtschaft, das für Menschen mit Pflegebedarf, Menschen mit Assistenzbedarf und Menschen mit seelischen Beeinträchtigungen Wohn- und Betreuungsangebote bereitstellt. ",
        "category": "Refill Station",
        "source": "A TIP: TAB"
      },
      "geometry": {
        "type": "Point",
        "coordinates": [
          13.474099959001922,
          52.554199980829935
        ]
      }
    },
    {
      "type": "Feature",
      "properties": {
        "name": "\"Kleene\" BIO COMPANY SE | Breite Straße im Rathaus-Center",
        "info": "Öffnungszeiten:\nMo - Sa: 08:00 - 20:00",
        "category": "Refill Station",
        "source": "A TIP: TAB"
      },
      "geometry": {
        "type": "Point",
        "coordinates": [
          13.404298319203917,
          52.57009378754073
        ]
      }
    },
    {
      "type": "Feature",
      "properties": {
        "name": "BIO COMPANY SE | Hauptstraße",
        "info": "Öffnungszeiten:\nMo - Sa: 08:00 - 21:00",
        "category": "Refill Station",
        "source": "A TIP: TAB"
      },
      "geometry": {
        "type": "Point",
        "coordinates": [
          13.35207939769704,
          52.48482091468052
        ]
      }
    },
    {
      "type": "Feature",
      "properties": {
        "name": "Wilde Rübe - Pädagogisch betreuter ökologischer Spielplatz",
        "info": "Kinderfreizeiteinrichtung mit Tieren und Imkerei\nTrinkbrunnen im Eingang des Hauses",
        "category": "Refill Station",
        "source": "A TIP: TAB"
      },
      "geometry": {
        "type": "Point",
        "coordinates": [
          13.44729999706489,
          52.48680000774879
        ]
      }
    },
    {
      "type": "Feature",
      "properties": {
        "name": "Quartiersmanagement Gropiusstadt Nord",
        "info": "Stadtteilmanagement, Vernetzung, Bürgerbeteiligung, Soziale Projekte, Projekt-Inkubator, Kommunikation im Stadtteil, refill, Trinkwasser",
        "category": "Refill Station",
        "source": "A TIP: TAB"
      },
      "geometry": {
        "type": "Point",
        "coordinates": [
          13.455800001256074,
          52.428500015488126
        ]
      }
    },
    {
      "type": "Feature",
      "properties": {
        "name": "BIO COMPANY SE | Weißenhöher Straße",
        "info": "Öffnungszeiten:\nMo - Sa: 08:00 - 20:00",
        "category": "Refill Station",
        "source": "A TIP: TAB"
      },
      "geometry": {
        "type": "Point",
        "coordinates": [
          13.559832579251301,
          52.5068617996326
        ]
      }
    },
    {
      "type": "Feature",
      "properties": {
        "name": "KITCHEN IMPOSSIBLE ",
        "info": "Concept Store, Showroom und Kochstudio\n\nFaire Küchenmöbel - natürlich schön aus Holz.\nAccessoires für die Küche und den Tisch. ",
        "category": "Refill Station",
        "source": "A TIP: TAB"
      },
      "geometry": {
        "type": "Point",
        "coordinates": [
          13.35469999972484,
          52.487700014602254
        ]
      }
    },
    {
      "type": "Feature",
      "properties": {
        "name": "7aplus Bouldergym",
        "info": "Bouldern, Trainieren und Wohlfühlen, mit bio-veganem Café",
        "category": "Refill Station",
        "source": "A TIP: TAB"
      },
      "geometry": {
        "type": "Point",
        "coordinates": [
          13.10406625881049,
          52.384594349369685
        ]
      }
    },
    {
      "type": "Feature",
      "properties": {
        "name": "BIO COMPANY SE | Sonnenallee",
        "info": "Öffnungszeiten:\nMo - Sa: 08:00 - 21:00",
        "category": "Refill Station",
        "source": "A TIP: TAB"
      },
      "geometry": {
        "type": "Point",
        "coordinates": [
          13.433650822114968,
          52.484612917753225
        ]
      }
    },
    {
      "type": "Feature",
      "properties": {
        "name": "Heinrich-Böll-Stiftung e.V.",
        "info": "Eine Agentur für grüne Ideen und Projekte, eine reformpolitische Zukunftswerkstatt und ein internationales Netzwerk. Hauptgeschäftsstelle der grünennahen Stiftung.",
        "category": "Refill Station",
        "source": "A TIP: TAB"
      },
      "geometry": {
        "type": "Point",
        "coordinates": [
          13.382936284590016,
          52.523865496052366
        ]
      }
    },
    {
      "type": "Feature",
      "properties": {
        "name": "She said",
        "info": "Buchhandlung mit Werken queerer und weiblicher Autor*innen.",
        "category": "Refill Station",
        "source": "A TIP: TAB"
      },
      "geometry": {
        "type": "Point",
        "coordinates": [
          13.423391875542418,
          52.4913924105891
        ]
      }
    },
    {
      "type": "Feature",
      "properties": {
        "name": "Blue Eyes Optik",
        "info": "Öffnungszeiten:\nMo-Fr: 10:15-18:00\n\n",
        "category": "Refill Station",
        "source": "A TIP: TAB"
      },
      "geometry": {
        "type": "Point",
        "coordinates": [
          13.332100041830959,
          52.52399998368882
        ]
      }
    },
    {
      "type": "Feature",
      "properties": {
        "name": "Hayatuna Heilgarten",
        "info": "Bio Kräuter- und Teeladen. Eigenes Behältnis mitbringen für unverpacktes Einkaufen. ",
        "category": "Refill Station",
        "source": "A TIP: TAB"
      },
      "geometry": {
        "type": "Point",
        "coordinates": [
          13.440690531134926,
          52.48055951319661
        ]
      }
    },
    {
      "type": "Feature",
      "properties": {
        "name": "Weltladen im Kirchenkreis Falkensee",
        "info": "Weltladen und Nachbarschaftscafé",
        "category": "Refill Station",
        "source": "A TIP: TAB"
      },
      "geometry": {
        "type": "Point",
        "coordinates": [
          13.093700023877295,
          52.56210000839182
        ]
      }
    },
    {
      "type": "Feature",
      "properties": {
        "name": "CROW Cyclery",
        "info": "Bike workshop, Omnium Cargo Bikes and courier service",
        "category": "Refill Station",
        "source": "A TIP: TAB"
      },
      "geometry": {
        "type": "Point",
        "coordinates": [
          13.398699962254009,
          52.50009999261243
        ]
      }
    },
    {
      "type": "Feature",
      "properties": {
        "name": "Stadtteilzentrum KREATIVHAUS ",
        "info": "Das KREATIVHAUS Berlin ist eine Kultur- und Begegnungsstätte mit sozialen und kulturellen Angeboten innerhalb der Kinder-, Jugend-, Erwachsenen- und Seniorenarbeit.",
        "category": "Refill Station",
        "source": "A TIP: TAB"
      },
      "geometry": {
        "type": "Point",
        "coordinates": [
          13.409399964571652,
          52.51350001549046
        ]
      }
    },
    {
      "type": "Feature",
      "properties": {
        "name": "Stadtteilzentrum Villa Mittelhof",
        "info": "Öffnungszeiten Stadtteilzentrum: Mo bis Fr 9-18 Uhr (an Feiertagen geschlossen); Öffnungszeiten Café: Di bis Do 11-18 Uhr, Fr 11-15:30 Uhr (an Feiertagen geschlossen)",
        "category": "Refill Station",
        "source": "A TIP: TAB"
      },
      "geometry": {
        "type": "Point",
        "coordinates": [
          13.254299970927788,
          52.43390001469939
        ]
      }
    },
    {
      "type": "Feature",
      "properties": {
        "name": "Bezirkszentralbibliothek Spandau",
        "info": "Wir sind nicht nur eine Bibliothek. Wir sind ein öffentlicher Raum der Vielfalt und des Ausprobierens, ein Treffpunkt für jede Generation, ein Ort zum Lernen und für Kreativität, eine analoge sowie digitale Stütze und so vieles mehr! Wir laden alle herzlichst in unsere Räume ein und freuen uns, gemeinsam eine nachhaltige Zukunft für Spandau und darüber hinaus zu gestalten!",
        "category": "Refill Station",
        "source": "A TIP: TAB"
      },
      "geometry": {
        "type": "Point",
        "coordinates": [
          13.201400019787904,
          52.536100015293854
        ]
      }
    },
    {
      "type": "Feature",
      "properties": {
        "name": "denn's Biomarkt",
        "info": "Öffnungszeiten:\nMo - Sa 9 - 20 Uhr",
        "category": "Refill Station",
        "source": "A TIP: TAB"
      },
      "geometry": {
        "type": "Point",
        "coordinates": [
          13.407758117377645,
          52.53200139036961
        ]
      }
    },
    {
      "type": "Feature",
      "properties": {
        "name": "Decathlon Filale",
        "info": "Öffnungszeiten\nMontag bis Samstag von 9:00-20:00 Uhr",
        "category": "Refill Station",
        "source": "A TIP: TAB"
      },
      "geometry": {
        "type": "Point",
        "coordinates": [
          13.599732869118327,
          52.54863921671577
        ]
      }
    },
    {
      "type": "Feature",
      "properties": {
        "name": "denn's Biomarkt Bahnhof Gesundbrunnen",
        "info": "Öffnungszeiten:\nMo-So 08-21 Uhr \n\nBäcker: \nMo-Fr 6.30 - 21 Uhr \nSa-So 8.00 - 21 Uhr",
        "category": "Refill Station",
        "source": "A TIP: TAB"
      },
      "geometry": {
        "type": "Point",
        "coordinates": [
          13.388136165862967,
          52.549135299655205
        ]
      }
    },
    {
      "type": "Feature",
      "properties": {
        "name": "Starbucks",
        "info": "Öffnungszeiten:\nMo-Fr 06:45-20:30 Sa 07:15-20:45 So 07:45-20:15",
        "category": "Refill Station",
        "source": "A TIP: TAB"
      },
      "geometry": {
        "type": "Point",
        "coordinates": [
          13.312779838830595,
          52.50098851625854
        ]
      }
    },
    {
      "type": "Feature",
      "properties": {
        "name": "Starbucks Kurfürstendamm 231",
        "info": "Öffnungszeiten:\nMo-Fr 07:30-21:00 \nSa 08:30-21:00 \nSo 08:00-20:00",
        "category": "Refill Station",
        "source": "A TIP: TAB"
      },
      "geometry": {
        "type": "Point",
        "coordinates": [
          13.332482424253822,
          52.503899090226696
        ]
      }
    },
    {
      "type": "Feature",
      "properties": {
        "name": "BIO COMPANY SE | Schlesisches Tor",
        "info": "Öffnungszeiten:\nMo - Sa: 08:00 - 21:00",
        "category": "Refill Station",
        "source": "A TIP: TAB"
      },
      "geometry": {
        "type": "Point",
        "coordinates": [
          13.440594558343568,
          52.50039490987565
        ]
      }
    },
    {
      "type": "Feature",
      "properties": {
        "name": "BIO COMPANY SE | Yorckstraße",
        "info": "Öffnungszeiten:\nMo - Sa: 08:00 - 21:00",
        "category": "Refill Station",
        "source": "A TIP: TAB"
      },
      "geometry": {
        "type": "Point",
        "coordinates": [
          13.371500854087762,
          52.4928893346772
        ]
      }
    },
    {
      "type": "Feature",
      "properties": {
        "name": "Starbucks Pariser Platz",
        "info": "Öffnungszeiten:\nMo-Sa 07:30-21:00",
        "category": "Refill Station",
        "source": "A TIP: TAB"
      },
      "geometry": {
        "type": "Point",
        "coordinates": [
          13.3797732057887,
          52.516729520874435
        ]
      }
    },
    {
      "type": "Feature",
      "properties": {
        "name": "Starbucks",
        "info": "Öffnungszeiten:\nMo-Fr 06:45-20:30 Sa 07:45-20:30 So 08:45-20:30",
        "category": "Refill Station",
        "source": "A TIP: TAB"
      },
      "geometry": {
        "type": "Point",
        "coordinates": [
          13.390331889218805,
          52.50657325261579
        ]
      }
    },
    {
      "type": "Feature",
      "properties": {
        "name": "Starbucks Sony-Center",
        "info": "Öffnungszeiten:\nMo-Do 08:00-22:30 \nFr 08:00-23:00 \nSa 09:00-23:00 \nSo 09:00-22:30",
        "category": "Refill Station",
        "source": "A TIP: TAB"
      },
      "geometry": {
        "type": "Point",
        "coordinates": [
          13.369046968114118,
          52.50764098135179
        ]
      }
    },
    {
      "type": "Feature",
      "properties": {
        "name": "Starbucks Friedrichstraße 61",
        "info": "Öffnungszeiten:\nMo-Fr 06:45-20:30 \nSa 07:30-20:30 \nSo 08:00-20:00",
        "category": "Refill Station",
        "source": "A TIP: TAB"
      },
      "geometry": {
        "type": "Point",
        "coordinates": [
          13.39001823840198,
          52.51107240678327
        ]
      }
    },
    {
      "type": "Feature",
      "properties": {
        "name": "Starbucks Hackescher Markt",
        "info": "Öffnungszeiten:\nMo-Fr 07:00-21:30 Sa 08:30-21:00 So 08:30-21:00",
        "category": "Refill Station",
        "source": "A TIP: TAB"
      },
      "geometry": {
        "type": "Point",
        "coordinates": [
          13.402086586413015,
          52.523193393146244
        ]
      }
    },
    {
      "type": "Feature",
      "properties": {
        "name": "Starbucks East-Side-Mall",
        "info": "Öffnungszeiten:\nMo-Do 08:30-21:00 Fr 08:30-22:00 Sa 08:30-22:00 So 12:00-12:00",
        "category": "Refill Station",
        "source": "A TIP: TAB"
      },
      "geometry": {
        "type": "Point",
        "coordinates": [
          13.447348779741372,
          52.50570430071359
        ]
      }
    },
    {
      "type": "Feature",
      "properties": {
        "name": "Starbucks",
        "info": "Öffnungszeiten:\nMo-Sa 07:30-20:00 So 07:30-20:00\n\n",
        "category": "Refill Station",
        "source": "A TIP: TAB"
      },
      "geometry": {
        "type": "Point",
        "coordinates": [
          13.376429664612017,
          52.51058709458941
        ]
      }
    },
    {
      "type": "Feature",
      "properties": {
        "name": "Starbucks",
        "info": "Öffnungszeiten:\nMo-Sa 07:30-21:00 Sa 08:00-21:00 So 08:00-21:00",
        "category": "Refill Station",
        "source": "A TIP: TAB"
      },
      "geometry": {
        "type": "Point",
        "coordinates": [
          13.41010890594223,
          52.52080886742138
        ]
      }
    },
    {
      "type": "Feature",
      "properties": {
        "name": "Starbucks",
        "info": "Öffnungszeiten:\nMo-Sa 09:00-21:00",
        "category": "Refill Station",
        "source": "A TIP: TAB"
      },
      "geometry": {
        "type": "Point",
        "coordinates": [
          13.41572159594657,
          52.51949487837008
        ]
      }
    },
    {
      "type": "Feature",
      "properties": {
        "name": "Starbucks",
        "info": "Öffnungszeiten:\nMo-Sa 05:30-21:00 So 05:30-21:00",
        "category": "Refill Station",
        "source": "A TIP: TAB"
      },
      "geometry": {
        "type": "Point",
        "coordinates": [
          13.291522913282515,
          52.553856322799746
        ]
      }
    },
    {
      "type": "Feature",
      "properties": {
        "name": "Starbucks Bahnhof Alexanderplatz",
        "info": "Öffnungszeiten:\nMo-Sa 06:00-22:00 \nSo 06:00-22:00",
        "category": "Refill Station",
        "source": "A TIP: TAB"
      },
      "geometry": {
        "type": "Point",
        "coordinates": [
          13.409433073089193,
          52.52283950919418
        ]
      }
    },
    {
      "type": "Feature",
      "properties": {
        "name": "Starbucks Berlin Hauptbahnhof",
        "info": "Öffnungszeiten:\nMo-Fr 05:30-22:00 \nSa 06:00-22:00 \nSo 07:00-22:00",
        "category": "Refill Station",
        "source": "A TIP: TAB"
      },
      "geometry": {
        "type": "Point",
        "coordinates": [
          13.368575737517595,
          52.52574350336834
        ]
      }
    },
    {
      "type": "Feature",
      "properties": {
        "name": "Starbucks IHZ - Friedrichstraße 96",
        "info": "Öffnungszeiten:\nMo-Do 06:30-21:30 \nFr 06:30-22:00 \nSa 07:30-22:00 \nSo 08:00-20:30",
        "category": "Refill Station",
        "source": "A TIP: TAB"
      },
      "geometry": {
        "type": "Point",
        "coordinates": [
          13.403792387528249,
          52.527919068247044
        ]
      }
    },
    {
      "type": "Feature",
      "properties": {
        "name": "Starbucks Schlossstraße",
        "info": "Hat seit 2020 geschlossen",
        "category": "Refill Station",
        "source": "A TIP: TAB"
      },
      "geometry": {
        "type": "Point",
        "coordinates": [
          13.32832106078431,
          52.46439601875115
        ]
      }
    }
  ]
}
