{
  "type": "FeatureCollection",
  "features": [
    {
      "type": "Feature",
      "geometry": {
        "type": "Point",
        "coordinates": [
          13.2158953,
          52.51673714
        ]
      },
      "properties": {
        "name": "Brunnen",
        "info": "Brunnentyp: Brunnen (Trinkwasserversorgung)",
        "category": "Straßenbrunnen",
        "source": "Öffentlicher Datensatz Berlins"
      }
    },
    {
      "type": "Feature",
      "geometry": {
        "type": "Point",
        "coordinates": [
          13.2168063,
          52.51886715
        ]
      },
      "properties": {
        "name": "Brunnen",
        "info": "Brunnentyp: Brunnen (Trinkwasserversorgung)",
        "category": "Straßenbrunnen",
        "source": "Öffentlicher Datensatz Berlins"
      }
    },
    {
      "type": "Feature",
      "geometry": {
        "type": "Point",
        "coordinates": [
          13.21808649,
          52.52368502
        ]
      },
      "properties": {
        "name": "Brunnen",
        "info": "Brunnentyp: Brunnen (Trinkwasserversorgung)",
        "category": "Straßenbrunnen",
        "source": "Öffentlicher Datensatz Berlins"
      }
    },
    {
      "type": "Feature",
      "geometry": {
        "type": "Point",
        "coordinates": [
          13.21749489,
          52.52116097
        ]
      },
      "properties": {
        "name": "Brunnen",
        "info": "Brunnentyp: Brunnen (Trinkwasserversorgung)",
        "category": "Straßenbrunnen",
        "source": "Öffentlicher Datensatz Berlins"
      }
    },
    {
      "type": "Feature",
      "geometry": {
        "type": "Point",
        "coordinates": [
          13.21684745,
          52.5197681
        ]
      },
      "properties": {
        "name": "Brunnen",
        "info": "Brunnentyp: Brunnen (Trinkwasserversorgung)",
        "category": "Straßenbrunnen",
        "source": "Öffentlicher Datensatz Berlins"
      }
    },
    {
      "type": "Feature",
      "geometry": {
        "type": "Point",
        "coordinates": [
          13.21499468,
          52.51916969
        ]
      },
      "properties": {
        "name": "Brunnen",
        "info": "Brunnentyp: Brunnen (Trinkwasserversorgung)",
        "category": "Straßenbrunnen",
        "source": "Öffentlicher Datensatz Berlins"
      }
    },
    {
      "type": "Feature",
      "geometry": {
        "type": "Point",
        "coordinates": [
          13.21817261,
          52.52458527
        ]
      },
      "properties": {
        "name": "Brunnen",
        "info": "Brunnentyp: Brunnen (Trinkwasserversorgung)",
        "category": "Straßenbrunnen",
        "source": "Öffentlicher Datensatz Berlins"
      }
    },
    {
      "type": "Feature",
      "geometry": {
        "type": "Point",
        "coordinates": [
          13.2162517,
          52.52048001
        ]
      },
      "properties": {
        "name": "Brunnen",
        "info": "Brunnentyp: Brunnen (Trinkwasserversorgung)",
        "category": "Straßenbrunnen",
        "source": "Öffentlicher Datensatz Berlins"
      }
    },
    {
      "type": "Feature",
      "geometry": {
        "type": "Point",
        "coordinates": [
          13.21505122,
          52.51761591
        ]
      },
      "properties": {
        "name": "Brunnen",
        "info": "Brunnentyp: Brunnen (Trinkwasserversorgung)",
        "category": "Straßenbrunnen",
        "source": "Öffentlicher Datensatz Berlins"
      }
    },
    {
      "type": "Feature",
      "geometry": {
        "type": "Point",
        "coordinates": [
          13.21646112,
          52.51800748
        ]
      },
      "properties": {
        "name": "Brunnen",
        "info": "Brunnentyp: Brunnen (Trinkwasserversorgung)",
        "category": "Straßenbrunnen",
        "source": "Öffentlicher Datensatz Berlins"
      }
    },
    {
      "type": "Feature",
      "geometry": {
        "type": "Point",
        "coordinates": [
          13.21783568,
          52.52202197
        ]
      },
      "properties": {
        "name": "Brunnen",
        "info": "Brunnentyp: Brunnen (Trinkwasserversorgung)",
        "category": "Straßenbrunnen",
        "source": "Öffentlicher Datensatz Berlins"
      }
    },
    {
      "type": "Feature",
      "geometry": {
        "type": "Point",
        "coordinates": [
          13.21551164,
          52.51958715
        ]
      },
      "properties": {
        "name": "Brunnen",
        "info": "Brunnentyp: Brunnen (Trinkwasserversorgung)",
        "category": "Straßenbrunnen",
        "source": "Öffentlicher Datensatz Berlins"
      }
    },
    {
      "type": "Feature",
      "geometry": {
        "type": "Point",
        "coordinates": [
          13.2176991,
          52.5216026
        ]
      },
      "properties": {
        "name": "Brunnen",
        "info": "Brunnentyp: Brunnen (Trinkwasserversorgung)",
        "category": "Straßenbrunnen",
        "source": "Öffentlicher Datensatz Berlins"
      }
    },
    {
      "type": "Feature",
      "geometry": {
        "type": "Point",
        "coordinates": [
          13.21816473,
          52.52411595
        ]
      },
      "properties": {
        "name": "Brunnen",
        "info": "Brunnentyp: Brunnen (Trinkwasserversorgung)",
        "category": "Straßenbrunnen",
        "source": "Öffentlicher Datensatz Berlins"
      }
    },
    {
      "type": "Feature",
      "geometry": {
        "type": "Point",
        "coordinates": [
          13.21736919,
          52.51599524
        ]
      },
      "properties": {
        "name": "Brunnen",
        "info": "Brunnentyp: Brunnen (Trinkwasserversorgung)",
        "category": "Straßenbrunnen",
        "source": "Öffentlicher Datensatz Berlins"
      }
    },
    {
      "type": "Feature",
      "geometry": {
        "type": "Point",
        "coordinates": [
          13.2177194,
          52.51580937
        ]
      },
      "properties": {
        "name": "Brunnen",
        "info": "Brunnentyp: Brunnen (Trinkwasserversorgung)",
        "category": "Straßenbrunnen",
        "source": "Öffentlicher Datensatz Berlins"
      }
    },
    {
      "type": "Feature",
      "geometry": {
        "type": "Point",
        "coordinates": [
          13.21753319,
          52.51232865
        ]
      },
      "properties": {
        "name": "Brunnen",
        "info": "Brunnentyp: Brunnen (Trinkwasserversorgung)",
        "category": "Straßenbrunnen",
        "source": "Öffentlicher Datensatz Berlins"
      }
    },
    {
      "type": "Feature",
      "geometry": {
        "type": "Point",
        "coordinates": [
          13.21677283,
          52.51634754
        ]
      },
      "properties": {
        "name": "Brunnen",
        "info": "Brunnentyp: Brunnen (Trinkwasserversorgung)",
        "category": "Straßenbrunnen",
        "source": "Öffentlicher Datensatz Berlins"
      }
    },
    {
      "type": "Feature",
      "geometry": {
        "type": "Point",
        "coordinates": [
          13.20557723,
          52.49910777
        ]
      },
      "properties": {
        "name": "Brunnen",
        "info": "Brunnentyp: Brunnen (Trinkwasserversorgung)",
        "category": "Straßenbrunnen",
        "source": "Öffentlicher Datensatz Berlins"
      }
    },
    {
      "type": "Feature",
      "geometry": {
        "type": "Point",
        "coordinates": [
          13.21551909,
          52.51711622
        ]
      },
      "properties": {
        "name": "Brunnen",
        "info": "Brunnentyp: Brunnen (Trinkwasserversorgung)",
        "category": "Straßenbrunnen",
        "source": "Öffentlicher Datensatz Berlins"
      }
    },
    {
      "type": "Feature",
      "geometry": {
        "type": "Point",
        "coordinates": [
          13.21842605,
          52.51318782
        ]
      },
      "properties": {
        "name": "Brunnen",
        "info": "Brunnentyp: Brunnen (Trinkwasserversorgung)",
        "category": "Straßenbrunnen",
        "source": "Öffentlicher Datensatz Berlins"
      }
    },
    {
      "type": "Feature",
      "geometry": {
        "type": "Point",
        "coordinates": [
          13.21695221,
          52.51190515
        ]
      },
      "properties": {
        "name": "Brunnen",
        "info": "Brunnentyp: Brunnen (Trinkwasserversorgung)",
        "category": "Straßenbrunnen",
        "source": "Öffentlicher Datensatz Berlins"
      }
    },
    {
      "type": "Feature",
      "geometry": {
        "type": "Point",
        "coordinates": [
          13.21403656,
          52.51861414
        ]
      },
      "properties": {
        "name": "Brunnen",
        "info": "Brunnentyp: Brunnen (Trinkwasserversorgung)",
        "category": "Straßenbrunnen",
        "source": "Öffentlicher Datensatz Berlins"
      }
    },
    {
      "type": "Feature",
      "geometry": {
        "type": "Point",
        "coordinates": [
          13.20614982,
          52.53867747
        ]
      },
      "properties": {
        "name": "Brunnen",
        "info": "Brunnentyp: Brunnen",
        "category": "Straßenbrunnen",
        "source": "Öffentlicher Datensatz Berlins"
      }
    },
    {
      "type": "Feature",
      "geometry": {
        "type": "Point",
        "coordinates": [
          13.21422019,
          52.51816837
        ]
      },
      "properties": {
        "name": "Brunnen",
        "info": "Brunnentyp: Brunnen (Trinkwasserversorgung)",
        "category": "Straßenbrunnen",
        "source": "Öffentlicher Datensatz Berlins"
      }
    },
    {
      "type": "Feature",
      "geometry": {
        "type": "Point",
        "coordinates": [
          13.21590713,
          52.51998574
        ]
      },
      "properties": {
        "name": "Brunnen",
        "info": "Brunnentyp: Brunnen (Trinkwasserversorgung)",
        "category": "Straßenbrunnen",
        "source": "Öffentlicher Datensatz Berlins"
      }
    },
    {
      "type": "Feature",
      "geometry": {
        "type": "Point",
        "coordinates": [
          13.19956037,
          52.53636445
        ]
      },
      "properties": {
        "name": "Brunnen",
        "info": "Brunnentyp: Brunnen",
        "category": "Straßenbrunnen",
        "source": "Öffentlicher Datensatz Berlins"
      }
    },
    {
      "type": "Feature",
      "geometry": {
        "type": "Point",
        "coordinates": [
          13.21731467,
          52.52074954
        ]
      },
      "properties": {
        "name": "Brunnen",
        "info": "Brunnentyp: Brunnen (Trinkwasserversorgung)",
        "category": "Straßenbrunnen",
        "source": "Öffentlicher Datensatz Berlins"
      }
    },
    {
      "type": "Feature",
      "geometry": {
        "type": "Point",
        "coordinates": [
          13.21731142,
          52.51214184
        ]
      },
      "properties": {
        "name": "Brunnen",
        "info": "Brunnentyp: Brunnen (Trinkwasserversorgung)",
        "category": "Straßenbrunnen",
        "source": "Öffentlicher Datensatz Berlins"
      }
    },
    {
      "type": "Feature",
      "geometry": {
        "type": "Point",
        "coordinates": [
          13.21804894,
          52.52323723
        ]
      },
      "properties": {
        "name": "Brunnen",
        "info": "Brunnentyp: Brunnen (Trinkwasserversorgung)",
        "category": "Straßenbrunnen",
        "source": "Öffentlicher Datensatz Berlins"
      }
    },
    {
      "type": "Feature",
      "geometry": {
        "type": "Point",
        "coordinates": [
          13.21412364,
          52.51877759
        ]
      },
      "properties": {
        "name": "Brunnen",
        "info": "Brunnentyp: Brunnen (Trinkwasserversorgung)",
        "category": "Straßenbrunnen",
        "source": "Öffentlicher Datensatz Berlins"
      }
    },
    {
      "type": "Feature",
      "geometry": {
        "type": "Point",
        "coordinates": [
          13.21866411,
          52.51345466
        ]
      },
      "properties": {
        "name": "Brunnen",
        "info": "Brunnentyp: Brunnen (Trinkwasserversorgung)",
        "category": "Straßenbrunnen",
        "source": "Öffentlicher Datensatz Berlins"
      }
    },
    {
      "type": "Feature",
      "geometry": {
        "type": "Point",
        "coordinates": [
          13.21707192,
          52.52025295
        ]
      },
      "properties": {
        "name": "Brunnen",
        "info": "Brunnentyp: Brunnen (Trinkwasserversorgung)",
        "category": "Straßenbrunnen",
        "source": "Öffentlicher Datensatz Berlins"
      }
    },
    {
      "type": "Feature",
      "geometry": {
        "type": "Point",
        "coordinates": [
          13.21677807,
          52.51845168
        ]
      },
      "properties": {
        "name": "Brunnen",
        "info": "Brunnentyp: Brunnen (Trinkwasserversorgung)",
        "category": "Straßenbrunnen",
        "source": "Öffentlicher Datensatz Berlins"
      }
    },
    {
      "type": "Feature",
      "geometry": {
        "type": "Point",
        "coordinates": [
          13.21903228,
          52.5139445
        ]
      },
      "properties": {
        "name": "Brunnen",
        "info": "Brunnentyp: Brunnen (Trinkwasserversorgung)",
        "category": "Straßenbrunnen",
        "source": "Öffentlicher Datensatz Berlins"
      }
    },
    {
      "type": "Feature",
      "geometry": {
        "type": "Point",
        "coordinates": [
          13.21470388,
          52.51788449
        ]
      },
      "properties": {
        "name": "Brunnen",
        "info": "Brunnentyp: Brunnen (Trinkwasserversorgung)",
        "category": "Straßenbrunnen",
        "source": "Öffentlicher Datensatz Berlins"
      }
    },
    {
      "type": "Feature",
      "geometry": {
        "type": "Point",
        "coordinates": [
          13.20141497,
          52.53645229
        ]
      },
      "properties": {
        "name": "Brunnen",
        "info": "Brunnentyp: Brunnen",
        "category": "Straßenbrunnen",
        "source": "Öffentlicher Datensatz Berlins"
      }
    },
    {
      "type": "Feature",
      "geometry": {
        "type": "Point",
        "coordinates": [
          13.2168194,
          52.51932075
        ]
      },
      "properties": {
        "name": "Brunnen",
        "info": "Brunnentyp: Brunnen (Trinkwasserversorgung)",
        "category": "Straßenbrunnen",
        "source": "Öffentlicher Datensatz Berlins"
      }
    },
    {
      "type": "Feature",
      "geometry": {
        "type": "Point",
        "coordinates": [
          13.21562713,
          52.51988105
        ]
      },
      "properties": {
        "name": "Brunnen",
        "info": "Brunnentyp: Brunnen (Trinkwasserversorgung)",
        "category": "Straßenbrunnen",
        "source": "Öffentlicher Datensatz Berlins"
      }
    },
    {
      "type": "Feature",
      "geometry": {
        "type": "Point",
        "coordinates": [
          13.21790299,
          52.51262112
        ]
      },
      "properties": {
        "name": "Brunnen",
        "info": "Brunnentyp: Brunnen (Trinkwasserversorgung)",
        "category": "Straßenbrunnen",
        "source": "Öffentlicher Datensatz Berlins"
      }
    },
    {
      "type": "Feature",
      "geometry": {
        "type": "Point",
        "coordinates": [
          13.21797664,
          52.52288908
        ]
      },
      "properties": {
        "name": "Brunnen",
        "info": "Brunnentyp: Brunnen (Trinkwasserversorgung)",
        "category": "Straßenbrunnen",
        "source": "Öffentlicher Datensatz Berlins"
      }
    },
    {
      "type": "Feature",
      "geometry": {
        "type": "Point",
        "coordinates": [
          13.20386287,
          52.53745988
        ]
      },
      "properties": {
        "name": "Brunnen",
        "info": "Brunnentyp: Brunnen",
        "category": "Straßenbrunnen",
        "source": "Öffentlicher Datensatz Berlins"
      }
    },
    {
      "type": "Feature",
      "geometry": {
        "type": "Point",
        "coordinates": [
          13.21793526,
          52.52245022
        ]
      },
      "properties": {
        "name": "Brunnen",
        "info": "Brunnentyp: Brunnen (Trinkwasserversorgung)",
        "category": "Straßenbrunnen",
        "source": "Öffentlicher Datensatz Berlins"
      }
    },
    {
      "type": "Feature",
      "geometry": {
        "type": "Point",
        "coordinates": [
          13.21528533,
          52.5173029
        ]
      },
      "properties": {
        "name": "Brunnen",
        "info": "Brunnentyp: Brunnen (Trinkwasserversorgung)",
        "category": "Straßenbrunnen",
        "source": "Öffentlicher Datensatz Berlins"
      }
    },
    {
      "type": "Feature",
      "geometry": {
        "type": "Point",
        "coordinates": [
          13.21883356,
          52.51373123
        ]
      },
      "properties": {
        "name": "Brunnen",
        "info": "Brunnentyp: Brunnen (Trinkwasserversorgung)",
        "category": "Straßenbrunnen",
        "source": "Öffentlicher Datensatz Berlins"
      }
    },
    {
      "type": "Feature",
      "geometry": {
        "type": "Point",
        "coordinates": [
          13.28517828,
          52.63039
        ]
      },
      "properties": {
        "name": "Brunnen",
        "info": "Brunnentyp: Brunnen",
        "category": "Straßenbrunnen",
        "source": "Öffentlicher Datensatz Berlins"
      }
    },
    {
      "type": "Feature",
      "geometry": {
        "type": "Point",
        "coordinates": [
          13.28041699,
          52.62643466
        ]
      },
      "properties": {
        "name": "Brunnen",
        "info": "Brunnentyp: Brunnen",
        "category": "Straßenbrunnen",
        "source": "Öffentlicher Datensatz Berlins"
      }
    },
    {
      "type": "Feature",
      "geometry": {
        "type": "Point",
        "coordinates": [
          13.2906611,
          52.63360019
        ]
      },
      "properties": {
        "name": "Brunnen",
        "info": "Brunnentyp: Brunnen",
        "category": "Straßenbrunnen",
        "source": "Öffentlicher Datensatz Berlins"
      }
    },
    {
      "type": "Feature",
      "geometry": {
        "type": "Point",
        "coordinates": [
          13.28874069,
          52.6327725
        ]
      },
      "properties": {
        "name": "Brunnen",
        "info": "Brunnentyp: Brunnen",
        "category": "Straßenbrunnen",
        "source": "Öffentlicher Datensatz Berlins"
      }
    },
    {
      "type": "Feature",
      "geometry": {
        "type": "Point",
        "coordinates": [
          13.28816072,
          52.63251387
        ]
      },
      "properties": {
        "name": "Brunnen",
        "info": "Brunnentyp: Brunnen",
        "category": "Straßenbrunnen",
        "source": "Öffentlicher Datensatz Berlins"
      }
    },
    {
      "type": "Feature",
      "geometry": {
        "type": "Point",
        "coordinates": [
          13.29081399,
          52.63366808
        ]
      },
      "properties": {
        "name": "Brunnen",
        "info": "Brunnentyp: Brunnen",
        "category": "Straßenbrunnen",
        "source": "Öffentlicher Datensatz Berlins"
      }
    },
    {
      "type": "Feature",
      "geometry": {
        "type": "Point",
        "coordinates": [
          13.48589278,
          52.62125826
        ]
      },
      "properties": {
        "name": "Brunnen",
        "info": "Brunnentyp: Brunnen",
        "category": "Straßenbrunnen",
        "source": "Öffentlicher Datensatz Berlins"
      }
    },
    {
      "type": "Feature",
      "geometry": {
        "type": "Point",
        "coordinates": [
          13.42089941,
          52.60684105
        ]
      },
      "properties": {
        "name": "Brunnen",
        "info": "Brunnentyp: Brunnen",
        "category": "Straßenbrunnen",
        "source": "Öffentlicher Datensatz Berlins"
      }
    },
    {
      "type": "Feature",
      "geometry": {
        "type": "Point",
        "coordinates": [
          13.16177802,
          52.55729116
        ]
      },
      "properties": {
        "name": "Brunnen",
        "info": "Brunnentyp: Brunnen (Trinkwasserversorgung)",
        "category": "Straßenbrunnen",
        "source": "Öffentlicher Datensatz Berlins"
      }
    },
    {
      "type": "Feature",
      "geometry": {
        "type": "Point",
        "coordinates": [
          13.16200317,
          52.55405479
        ]
      },
      "properties": {
        "name": "Brunnen",
        "info": "Brunnentyp: Brunnen (Trinkwasserversorgung)",
        "category": "Straßenbrunnen",
        "source": "Öffentlicher Datensatz Berlins"
      }
    },
    {
      "type": "Feature",
      "geometry": {
        "type": "Point",
        "coordinates": [
          13.16221026,
          52.55533565
        ]
      },
      "properties": {
        "name": "Brunnen",
        "info": "Brunnentyp: Brunnen (Trinkwasserversorgung)",
        "category": "Straßenbrunnen",
        "source": "Öffentlicher Datensatz Berlins"
      }
    },
    {
      "type": "Feature",
      "geometry": {
        "type": "Point",
        "coordinates": [
          13.15787728,
          52.5536937
        ]
      },
      "properties": {
        "name": "Brunnen",
        "info": "Brunnentyp: Brunnen (Trinkwasserversorgung)",
        "category": "Straßenbrunnen",
        "source": "Öffentlicher Datensatz Berlins"
      }
    },
    {
      "type": "Feature",
      "geometry": {
        "type": "Point",
        "coordinates": [
          13.16492031,
          52.57327882
        ]
      },
      "properties": {
        "name": "Brunnen",
        "info": "Brunnentyp: Brunnen (Trinkwasserversorgung)",
        "category": "Straßenbrunnen",
        "source": "Öffentlicher Datensatz Berlins"
      }
    },
    {
      "type": "Feature",
      "geometry": {
        "type": "Point",
        "coordinates": [
          13.16237392,
          52.55919391
        ]
      },
      "properties": {
        "name": "Brunnen",
        "info": "Brunnentyp: Brunnen (Trinkwasserversorgung)",
        "category": "Straßenbrunnen",
        "source": "Öffentlicher Datensatz Berlins"
      }
    },
    {
      "type": "Feature",
      "geometry": {
        "type": "Point",
        "coordinates": [
          13.16196919,
          52.55370985
        ]
      },
      "properties": {
        "name": "Brunnen",
        "info": "Brunnentyp: Brunnen (Trinkwasserversorgung)",
        "category": "Straßenbrunnen",
        "source": "Öffentlicher Datensatz Berlins"
      }
    },
    {
      "type": "Feature",
      "geometry": {
        "type": "Point",
        "coordinates": [
          13.16227626,
          52.55564405
        ]
      },
      "properties": {
        "name": "Brunnen",
        "info": "Brunnentyp: Brunnen (Trinkwasserversorgung)",
        "category": "Straßenbrunnen",
        "source": "Öffentlicher Datensatz Berlins"
      }
    },
    {
      "type": "Feature",
      "geometry": {
        "type": "Point",
        "coordinates": [
          13.16306641,
          52.56141803
        ]
      },
      "properties": {
        "name": "Brunnen",
        "info": "Brunnentyp: Brunnen (Trinkwasserversorgung)",
        "category": "Straßenbrunnen",
        "source": "Öffentlicher Datensatz Berlins"
      }
    },
    {
      "type": "Feature",
      "geometry": {
        "type": "Point",
        "coordinates": [
          13.16203593,
          52.55443303
        ]
      },
      "properties": {
        "name": "Brunnen",
        "info": "Brunnentyp: Brunnen (Trinkwasserversorgung)",
        "category": "Straßenbrunnen",
        "source": "Öffentlicher Datensatz Berlins"
      }
    },
    {
      "type": "Feature",
      "geometry": {
        "type": "Point",
        "coordinates": [
          13.16216702,
          52.55846305
        ]
      },
      "properties": {
        "name": "Brunnen",
        "info": "Brunnentyp: Brunnen (Trinkwasserversorgung)",
        "category": "Straßenbrunnen",
        "source": "Öffentlicher Datensatz Berlins"
      }
    },
    {
      "type": "Feature",
      "geometry": {
        "type": "Point",
        "coordinates": [
          13.15967099,
          52.57645876
        ]
      },
      "properties": {
        "name": "Brunnen",
        "info": "Brunnentyp: Brunnen (Trinkwasserversorgung)",
        "category": "Straßenbrunnen",
        "source": "Öffentlicher Datensatz Berlins"
      }
    },
    {
      "type": "Feature",
      "geometry": {
        "type": "Point",
        "coordinates": [
          13.16270212,
          52.55222752
        ]
      },
      "properties": {
        "name": "Brunnen",
        "info": "Brunnentyp: Brunnen (Trinkwasserversorgung)",
        "category": "Straßenbrunnen",
        "source": "Öffentlicher Datensatz Berlins"
      }
    },
    {
      "type": "Feature",
      "geometry": {
        "type": "Point",
        "coordinates": [
          13.16264621,
          52.56004295
        ]
      },
      "properties": {
        "name": "Brunnen",
        "info": "Brunnentyp: Brunnen (Trinkwasserversorgung)",
        "category": "Straßenbrunnen",
        "source": "Öffentlicher Datensatz Berlins"
      }
    },
    {
      "type": "Feature",
      "geometry": {
        "type": "Point",
        "coordinates": [
          13.16366466,
          52.56322323
        ]
      },
      "properties": {
        "name": "Brunnen",
        "info": "Brunnentyp: Brunnen (Trinkwasserversorgung)",
        "category": "Straßenbrunnen",
        "source": "Öffentlicher Datensatz Berlins"
      }
    },
    {
      "type": "Feature",
      "geometry": {
        "type": "Point",
        "coordinates": [
          13.16332549,
          52.56222522
        ]
      },
      "properties": {
        "name": "Brunnen",
        "info": "Brunnentyp: Brunnen (Trinkwasserversorgung)",
        "category": "Straßenbrunnen",
        "source": "Öffentlicher Datensatz Berlins"
      }
    },
    {
      "type": "Feature",
      "geometry": {
        "type": "Point",
        "coordinates": [
          13.15908343,
          52.55350054
        ]
      },
      "properties": {
        "name": "Brunnen",
        "info": "Brunnentyp: Brunnen (Trinkwasserversorgung)",
        "category": "Straßenbrunnen",
        "source": "Öffentlicher Datensatz Berlins"
      }
    },
    {
      "type": "Feature",
      "geometry": {
        "type": "Point",
        "coordinates": [
          13.16048936,
          52.55326392
        ]
      },
      "properties": {
        "name": "Brunnen",
        "info": "Brunnentyp: Brunnen (Trinkwasserversorgung)",
        "category": "Straßenbrunnen",
        "source": "Öffentlicher Datensatz Berlins"
      }
    },
    {
      "type": "Feature",
      "geometry": {
        "type": "Point",
        "coordinates": [
          13.16144161,
          52.55245534
        ]
      },
      "properties": {
        "name": "Brunnen",
        "info": "Brunnentyp: Brunnen (Trinkwasserversorgung)",
        "category": "Straßenbrunnen",
        "source": "Öffentlicher Datensatz Berlins"
      }
    },
    {
      "type": "Feature",
      "geometry": {
        "type": "Point",
        "coordinates": [
          13.15795508,
          52.58346511
        ]
      },
      "properties": {
        "name": "Brunnen",
        "info": "Brunnentyp: Brunnen (Trinkwasserversorgung)",
        "category": "Straßenbrunnen",
        "source": "Öffentlicher Datensatz Berlins"
      }
    },
    {
      "type": "Feature",
      "geometry": {
        "type": "Point",
        "coordinates": [
          13.16171115,
          52.5752222
        ]
      },
      "properties": {
        "name": "Brunnen",
        "info": "Brunnentyp: Brunnen (Trinkwasserversorgung)",
        "category": "Straßenbrunnen",
        "source": "Öffentlicher Datensatz Berlins"
      }
    },
    {
      "type": "Feature",
      "geometry": {
        "type": "Point",
        "coordinates": [
          13.15621256,
          52.55402119
        ]
      },
      "properties": {
        "name": "Brunnen",
        "info": "Brunnentyp: Brunnen (Trinkwasserversorgung)",
        "category": "Straßenbrunnen",
        "source": "Öffentlicher Datensatz Berlins"
      }
    },
    {
      "type": "Feature",
      "geometry": {
        "type": "Point",
        "coordinates": [
          13.16278108,
          52.57457724
        ]
      },
      "properties": {
        "name": "Brunnen",
        "info": "Brunnentyp: Brunnen (Trinkwasserversorgung)",
        "category": "Straßenbrunnen",
        "source": "Öffentlicher Datensatz Berlins"
      }
    },
    {
      "type": "Feature",
      "geometry": {
        "type": "Point",
        "coordinates": [
          13.16202653,
          52.55234257
        ]
      },
      "properties": {
        "name": "Brunnen",
        "info": "Brunnentyp: Brunnen (Trinkwasserversorgung)",
        "category": "Straßenbrunnen",
        "source": "Öffentlicher Datensatz Berlins"
      }
    },
    {
      "type": "Feature",
      "geometry": {
        "type": "Point",
        "coordinates": [
          13.15983274,
          52.55335712
        ]
      },
      "properties": {
        "name": "Brunnen",
        "info": "Brunnentyp: Brunnen (Trinkwasserversorgung)",
        "category": "Straßenbrunnen",
        "source": "Öffentlicher Datensatz Berlins"
      }
    },
    {
      "type": "Feature",
      "geometry": {
        "type": "Point",
        "coordinates": [
          13.15704987,
          52.55388329
        ]
      },
      "properties": {
        "name": "Brunnen",
        "info": "Brunnentyp: Brunnen (Trinkwasserversorgung)",
        "category": "Straßenbrunnen",
        "source": "Öffentlicher Datensatz Berlins"
      }
    },
    {
      "type": "Feature",
      "geometry": {
        "type": "Point",
        "coordinates": [
          13.16224149,
          52.55473249
        ]
      },
      "properties": {
        "name": "Brunnen",
        "info": "Brunnentyp: Brunnen (Trinkwasserversorgung)",
        "category": "Straßenbrunnen",
        "source": "Öffentlicher Datensatz Berlins"
      }
    },
    {
      "type": "Feature",
      "geometry": {
        "type": "Point",
        "coordinates": [
          13.16207627,
          52.55506323
        ]
      },
      "properties": {
        "name": "Brunnen",
        "info": "Brunnentyp: Brunnen (Trinkwasserversorgung)",
        "category": "Straßenbrunnen",
        "source": "Öffentlicher Datensatz Berlins"
      }
    },
    {
      "type": "Feature",
      "geometry": {
        "type": "Point",
        "coordinates": [
          13.16108216,
          52.55312913
        ]
      },
      "properties": {
        "name": "Brunnen",
        "info": "Brunnentyp: Brunnen (Trinkwasserversorgung)",
        "category": "Straßenbrunnen",
        "source": "Öffentlicher Datensatz Berlins"
      }
    },
    {
      "type": "Feature",
      "geometry": {
        "type": "Point",
        "coordinates": [
          13.16150451,
          52.55282923
        ]
      },
      "properties": {
        "name": "Brunnen",
        "info": "Brunnentyp: Brunnen (Trinkwasserversorgung)",
        "category": "Straßenbrunnen",
        "source": "Öffentlicher Datensatz Berlins"
      }
    },
    {
      "type": "Feature",
      "geometry": {
        "type": "Point",
        "coordinates": [
          13.16284988,
          52.56072015
        ]
      },
      "properties": {
        "name": "Brunnen",
        "info": "Brunnentyp: Brunnen (Trinkwasserversorgung)",
        "category": "Straßenbrunnen",
        "source": "Öffentlicher Datensatz Berlins"
      }
    },
    {
      "type": "Feature",
      "geometry": {
        "type": "Point",
        "coordinates": [
          13.16187368,
          52.55339493
        ]
      },
      "properties": {
        "name": "Brunnen",
        "info": "Brunnentyp: Brunnen (Trinkwasserversorgung)",
        "category": "Straßenbrunnen",
        "source": "Öffentlicher Datensatz Berlins"
      }
    },
    {
      "type": "Feature",
      "geometry": {
        "type": "Point",
        "coordinates": [
          13.16074559,
          52.57581311
        ]
      },
      "properties": {
        "name": "Brunnen",
        "info": "Brunnentyp: Brunnen (Trinkwasserversorgung)",
        "category": "Straßenbrunnen",
        "source": "Öffentlicher Datensatz Berlins"
      }
    },
    {
      "type": "Feature",
      "geometry": {
        "type": "Point",
        "coordinates": [
          13.16372647,
          52.57400447
        ]
      },
      "properties": {
        "name": "Brunnen",
        "info": "Brunnentyp: Brunnen (Trinkwasserversorgung)",
        "category": "Straßenbrunnen",
        "source": "Öffentlicher Datensatz Berlins"
      }
    },
    {
      "type": "Feature",
      "geometry": {
        "type": "Point",
        "coordinates": [
          13.16348035,
          52.56275105
        ]
      },
      "properties": {
        "name": "Brunnen",
        "info": "Brunnentyp: Brunnen (Trinkwasserversorgung)",
        "category": "Straßenbrunnen",
        "source": "Öffentlicher Datensatz Berlins"
      }
    },
    {
      "type": "Feature",
      "geometry": {
        "type": "Point",
        "coordinates": [
          13.16242804,
          52.55592786
        ]
      },
      "properties": {
        "name": "Brunnen",
        "info": "Brunnentyp: Brunnen (Trinkwasserversorgung)",
        "category": "Straßenbrunnen",
        "source": "Öffentlicher Datensatz Berlins"
      }
    },
    {
      "type": "Feature",
      "geometry": {
        "type": "Point",
        "coordinates": [
          13.25692653,
          52.56681949
        ]
      },
      "properties": {
        "name": "Brunnen",
        "info": "Brunnentyp: Brunnen (Trinkwasserversorgung)",
        "category": "Straßenbrunnen",
        "source": "Öffentlicher Datensatz Berlins"
      }
    },
    {
      "type": "Feature",
      "geometry": {
        "type": "Point",
        "coordinates": [
          13.25475268,
          52.56305007
        ]
      },
      "properties": {
        "name": "Brunnen",
        "info": "Brunnentyp: Brunnen (Trinkwasserversorgung)",
        "category": "Straßenbrunnen",
        "source": "Öffentlicher Datensatz Berlins"
      }
    },
    {
      "type": "Feature",
      "geometry": {
        "type": "Point",
        "coordinates": [
          13.26311168,
          52.57495371
        ]
      },
      "properties": {
        "name": "Brunnen",
        "info": "Brunnentyp: Brunnen (Trinkwasserversorgung)",
        "category": "Straßenbrunnen",
        "source": "Öffentlicher Datensatz Berlins"
      }
    },
    {
      "type": "Feature",
      "geometry": {
        "type": "Point",
        "coordinates": [
          13.26134828,
          52.57408855
        ]
      },
      "properties": {
        "name": "Brunnen",
        "info": "Brunnentyp: Brunnen (Trinkwasserversorgung)",
        "category": "Straßenbrunnen",
        "source": "Öffentlicher Datensatz Berlins"
      }
    },
    {
      "type": "Feature",
      "geometry": {
        "type": "Point",
        "coordinates": [
          13.25190685,
          52.55787938
        ]
      },
      "properties": {
        "name": "Brunnen",
        "info": "Brunnentyp: Brunnen (Trinkwasserversorgung)",
        "category": "Straßenbrunnen",
        "source": "Öffentlicher Datensatz Berlins"
      }
    },
    {
      "type": "Feature",
      "geometry": {
        "type": "Point",
        "coordinates": [
          13.25768062,
          52.568145
        ]
      },
      "properties": {
        "name": "Brunnen",
        "info": "Brunnentyp: Brunnen (Trinkwasserversorgung)",
        "category": "Straßenbrunnen",
        "source": "Öffentlicher Datensatz Berlins"
      }
    },
    {
      "type": "Feature",
      "geometry": {
        "type": "Point",
        "coordinates": [
          13.25102328,
          52.55634554
        ]
      },
      "properties": {
        "name": "Brunnen",
        "info": "Brunnentyp: Brunnen (Trinkwasserversorgung)",
        "category": "Straßenbrunnen",
        "source": "Öffentlicher Datensatz Berlins"
      }
    },
    {
      "type": "Feature",
      "geometry": {
        "type": "Point",
        "coordinates": [
          13.25160834,
          52.58258564
        ]
      },
      "properties": {
        "name": "Brunnen",
        "info": "Brunnentyp: Brunnen (Trinkwasserversorgung)",
        "category": "Straßenbrunnen",
        "source": "Öffentlicher Datensatz Berlins"
      }
    },
    {
      "type": "Feature",
      "geometry": {
        "type": "Point",
        "coordinates": [
          13.27362095,
          52.57764559
        ]
      },
      "properties": {
        "name": "Brunnen",
        "info": "Brunnentyp: Brunnen (Trinkwasserversorgung)",
        "category": "Straßenbrunnen",
        "source": "Öffentlicher Datensatz Berlins"
      }
    },
    {
      "type": "Feature",
      "geometry": {
        "type": "Point",
        "coordinates": [
          13.25261843,
          52.58569862
        ]
      },
      "properties": {
        "name": "Brunnen",
        "info": "Brunnentyp: Brunnen (Trinkwasserversorgung)",
        "category": "Straßenbrunnen",
        "source": "Öffentlicher Datensatz Berlins"
      }
    },
    {
      "type": "Feature",
      "geometry": {
        "type": "Point",
        "coordinates": [
          13.2485177,
          52.58091095
        ]
      },
      "properties": {
        "name": "Brunnen",
        "info": "Brunnentyp: Brunnen (Trinkwasserversorgung)",
        "category": "Straßenbrunnen",
        "source": "Öffentlicher Datensatz Berlins"
      }
    },
    {
      "type": "Feature",
      "geometry": {
        "type": "Point",
        "coordinates": [
          13.24987731,
          52.55436421
        ]
      },
      "properties": {
        "name": "Brunnen",
        "info": "Brunnentyp: Brunnen (Trinkwasserversorgung)",
        "category": "Straßenbrunnen",
        "source": "Öffentlicher Datensatz Berlins"
      }
    },
    {
      "type": "Feature",
      "geometry": {
        "type": "Point",
        "coordinates": [
          13.25406033,
          52.56166823
        ]
      },
      "properties": {
        "name": "Brunnen",
        "info": "Brunnentyp: Brunnen (Trinkwasserversorgung)",
        "category": "Straßenbrunnen",
        "source": "Öffentlicher Datensatz Berlins"
      }
    },
    {
      "type": "Feature",
      "geometry": {
        "type": "Point",
        "coordinates": [
          13.27069969,
          52.57760774
        ]
      },
      "properties": {
        "name": "Brunnen",
        "info": "Brunnentyp: Brunnen (Trinkwasserversorgung)",
        "category": "Straßenbrunnen",
        "source": "Öffentlicher Datensatz Berlins"
      }
    },
    {
      "type": "Feature",
      "geometry": {
        "type": "Point",
        "coordinates": [
          13.25492577,
          52.58626831
        ]
      },
      "properties": {
        "name": "Brunnen",
        "info": "Brunnentyp: Brunnen (Trinkwasserversorgung)",
        "category": "Straßenbrunnen",
        "source": "Öffentlicher Datensatz Berlins"
      }
    },
    {
      "type": "Feature",
      "geometry": {
        "type": "Point",
        "coordinates": [
          13.25742143,
          52.56773248
        ]
      },
      "properties": {
        "name": "Brunnen",
        "info": "Brunnentyp: Brunnen (Trinkwasserversorgung)",
        "category": "Straßenbrunnen",
        "source": "Öffentlicher Datensatz Berlins"
      }
    },
    {
      "type": "Feature",
      "geometry": {
        "type": "Point",
        "coordinates": [
          13.25672574,
          52.56630285
        ]
      },
      "properties": {
        "name": "Brunnen",
        "info": "Brunnentyp: Brunnen (Trinkwasserversorgung)",
        "category": "Straßenbrunnen",
        "source": "Öffentlicher Datensatz Berlins"
      }
    },
    {
      "type": "Feature",
      "geometry": {
        "type": "Point",
        "coordinates": [
          13.24917391,
          52.56113504
        ]
      },
      "properties": {
        "name": "Brunnen",
        "info": "Brunnentyp: Brunnen (Trinkwasserversorgung)",
        "category": "Straßenbrunnen",
        "source": "Öffentlicher Datensatz Berlins"
      }
    },
    {
      "type": "Feature",
      "geometry": {
        "type": "Point",
        "coordinates": [
          13.25130926,
          52.55685409
        ]
      },
      "properties": {
        "name": "Brunnen",
        "info": "Brunnentyp: Brunnen (Trinkwasserversorgung)",
        "category": "Straßenbrunnen",
        "source": "Öffentlicher Datensatz Berlins"
      }
    },
    {
      "type": "Feature",
      "geometry": {
        "type": "Point",
        "coordinates": [
          13.24906283,
          52.55459213
        ]
      },
      "properties": {
        "name": "Brunnen",
        "info": "Brunnentyp: Brunnen (Trinkwasserversorgung)",
        "category": "Straßenbrunnen",
        "source": "Öffentlicher Datensatz Berlins"
      }
    },
    {
      "type": "Feature",
      "geometry": {
        "type": "Point",
        "coordinates": [
          13.25157056,
          52.55727954
        ]
      },
      "properties": {
        "name": "Brunnen",
        "info": "Brunnentyp: Brunnen (Trinkwasserversorgung)",
        "category": "Straßenbrunnen",
        "source": "Öffentlicher Datensatz Berlins"
      }
    },
    {
      "type": "Feature",
      "geometry": {
        "type": "Point",
        "coordinates": [
          13.25982824,
          52.57183854
        ]
      },
      "properties": {
        "name": "Brunnen",
        "info": "Brunnentyp: Brunnen (Trinkwasserversorgung)",
        "category": "Straßenbrunnen",
        "source": "Öffentlicher Datensatz Berlins"
      }
    },
    {
      "type": "Feature",
      "geometry": {
        "type": "Point",
        "coordinates": [
          13.25887172,
          52.57014414
        ]
      },
      "properties": {
        "name": "Brunnen",
        "info": "Brunnentyp: Brunnen (Trinkwasserversorgung)",
        "category": "Straßenbrunnen",
        "source": "Öffentlicher Datensatz Berlins"
      }
    },
    {
      "type": "Feature",
      "geometry": {
        "type": "Point",
        "coordinates": [
          13.25817831,
          52.56896172
        ]
      },
      "properties": {
        "name": "Brunnen",
        "info": "Brunnentyp: Brunnen (Trinkwasserversorgung)",
        "category": "Straßenbrunnen",
        "source": "Öffentlicher Datensatz Berlins"
      }
    },
    {
      "type": "Feature",
      "geometry": {
        "type": "Point",
        "coordinates": [
          13.25199483,
          52.58584371
        ]
      },
      "properties": {
        "name": "Brunnen",
        "info": "Brunnentyp: Brunnen (Trinkwasserversorgung)",
        "category": "Straßenbrunnen",
        "source": "Öffentlicher Datensatz Berlins"
      }
    },
    {
      "type": "Feature",
      "geometry": {
        "type": "Point",
        "coordinates": [
          13.2507622,
          52.56147934
        ]
      },
      "properties": {
        "name": "Brunnen",
        "info": "Brunnentyp: Brunnen (Trinkwasserversorgung)",
        "category": "Straßenbrunnen",
        "source": "Öffentlicher Datensatz Berlins"
      }
    },
    {
      "type": "Feature",
      "geometry": {
        "type": "Point",
        "coordinates": [
          13.2571524,
          52.56726217
        ]
      },
      "properties": {
        "name": "Brunnen",
        "info": "Brunnentyp: Brunnen (Trinkwasserversorgung)",
        "category": "Straßenbrunnen",
        "source": "Öffentlicher Datensatz Berlins"
      }
    },
    {
      "type": "Feature",
      "geometry": {
        "type": "Point",
        "coordinates": [
          13.25326665,
          52.56027179
        ]
      },
      "properties": {
        "name": "Brunnen",
        "info": "Brunnentyp: Brunnen (Trinkwasserversorgung)",
        "category": "Straßenbrunnen",
        "source": "Öffentlicher Datensatz Berlins"
      }
    },
    {
      "type": "Feature",
      "geometry": {
        "type": "Point",
        "coordinates": [
          13.26196041,
          52.5744197
        ]
      },
      "properties": {
        "name": "Brunnen",
        "info": "Brunnentyp: Brunnen (Trinkwasserversorgung)",
        "category": "Straßenbrunnen",
        "source": "Öffentlicher Datensatz Berlins"
      }
    },
    {
      "type": "Feature",
      "geometry": {
        "type": "Point",
        "coordinates": [
          13.25613578,
          52.58725384
        ]
      },
      "properties": {
        "name": "Brunnen",
        "info": "Brunnentyp: Brunnen (Trinkwasserversorgung)",
        "category": "Straßenbrunnen",
        "source": "Öffentlicher Datensatz Berlins"
      }
    },
    {
      "type": "Feature",
      "geometry": {
        "type": "Point",
        "coordinates": [
          13.26889024,
          52.57768539
        ]
      },
      "properties": {
        "name": "Brunnen",
        "info": "Brunnentyp: Brunnen (Trinkwasserversorgung)",
        "category": "Straßenbrunnen",
        "source": "Öffentlicher Datensatz Berlins"
      }
    },
    {
      "type": "Feature",
      "geometry": {
        "type": "Point",
        "coordinates": [
          13.25848789,
          52.56945196
        ]
      },
      "properties": {
        "name": "Brunnen",
        "info": "Brunnentyp: Brunnen (Trinkwasserversorgung)",
        "category": "Straßenbrunnen",
        "source": "Öffentlicher Datensatz Berlins"
      }
    },
    {
      "type": "Feature",
      "geometry": {
        "type": "Point",
        "coordinates": [
          13.25792781,
          52.56859521
        ]
      },
      "properties": {
        "name": "Brunnen",
        "info": "Brunnentyp: Brunnen (Trinkwasserversorgung)",
        "category": "Straßenbrunnen",
        "source": "Öffentlicher Datensatz Berlins"
      }
    },
    {
      "type": "Feature",
      "geometry": {
        "type": "Point",
        "coordinates": [
          13.25647314,
          52.58785281
        ]
      },
      "properties": {
        "name": "Brunnen",
        "info": "Brunnentyp: Brunnen (Trinkwasserversorgung)",
        "category": "Straßenbrunnen",
        "source": "Öffentlicher Datensatz Berlins"
      }
    },
    {
      "type": "Feature",
      "geometry": {
        "type": "Point",
        "coordinates": [
          13.2536578,
          52.58438876
        ]
      },
      "properties": {
        "name": "Brunnen",
        "info": "Brunnentyp: Brunnen (Trinkwasserversorgung)",
        "category": "Straßenbrunnen",
        "source": "Öffentlicher Datensatz Berlins"
      }
    },
    {
      "type": "Feature",
      "geometry": {
        "type": "Point",
        "coordinates": [
          13.25040085,
          52.55525858
        ]
      },
      "properties": {
        "name": "Brunnen",
        "info": "Brunnentyp: Brunnen (Trinkwasserversorgung)",
        "category": "Straßenbrunnen",
        "source": "Öffentlicher Datensatz Berlins"
      }
    },
    {
      "type": "Feature",
      "geometry": {
        "type": "Point",
        "coordinates": [
          13.25068714,
          52.55575899
        ]
      },
      "properties": {
        "name": "Brunnen",
        "info": "Brunnentyp: Brunnen (Trinkwasserversorgung)",
        "category": "Straßenbrunnen",
        "source": "Öffentlicher Datensatz Berlins"
      }
    },
    {
      "type": "Feature",
      "geometry": {
        "type": "Point",
        "coordinates": [
          13.24996004,
          52.5818602
        ]
      },
      "properties": {
        "name": "Brunnen",
        "info": "Brunnentyp: Brunnen (Trinkwasserversorgung)",
        "category": "Straßenbrunnen",
        "source": "Öffentlicher Datensatz Berlins"
      }
    },
    {
      "type": "Feature",
      "geometry": {
        "type": "Point",
        "coordinates": [
          13.25289973,
          52.5834111
        ]
      },
      "properties": {
        "name": "Brunnen",
        "info": "Brunnentyp: Brunnen (Trinkwasserversorgung)",
        "category": "Straßenbrunnen",
        "source": "Öffentlicher Datensatz Berlins"
      }
    },
    {
      "type": "Feature",
      "geometry": {
        "type": "Point",
        "coordinates": [
          13.26793316,
          52.57757674
        ]
      },
      "properties": {
        "name": "Brunnen",
        "info": "Brunnentyp: Brunnen (Trinkwasserversorgung)",
        "category": "Straßenbrunnen",
        "source": "Öffentlicher Datensatz Berlins"
      }
    },
    {
      "type": "Feature",
      "geometry": {
        "type": "Point",
        "coordinates": [
          13.26077646,
          52.5737261
        ]
      },
      "properties": {
        "name": "Brunnen",
        "info": "Brunnentyp: Brunnen (Trinkwasserversorgung)",
        "category": "Straßenbrunnen",
        "source": "Öffentlicher Datensatz Berlins"
      }
    },
    {
      "type": "Feature",
      "geometry": {
        "type": "Point",
        "coordinates": [
          13.25253327,
          52.56177473
        ]
      },
      "properties": {
        "name": "Brunnen",
        "info": "Brunnentyp: Brunnen (Trinkwasserversorgung)",
        "category": "Straßenbrunnen",
        "source": "Öffentlicher Datensatz Berlins"
      }
    },
    {
      "type": "Feature",
      "geometry": {
        "type": "Point",
        "coordinates": [
          13.24992447,
          52.56134287
        ]
      },
      "properties": {
        "name": "Brunnen",
        "info": "Brunnentyp: Brunnen (Trinkwasserversorgung)",
        "category": "Straßenbrunnen",
        "source": "Öffentlicher Datensatz Berlins"
      }
    },
    {
      "type": "Feature",
      "geometry": {
        "type": "Point",
        "coordinates": [
          13.25542798,
          52.58678161
        ]
      },
      "properties": {
        "name": "Brunnen",
        "info": "Brunnentyp: Brunnen (Trinkwasserversorgung)",
        "category": "Straßenbrunnen",
        "source": "Öffentlicher Datensatz Berlins"
      }
    },
    {
      "type": "Feature",
      "geometry": {
        "type": "Point",
        "coordinates": [
          13.27297836,
          52.57762201
        ]
      },
      "properties": {
        "name": "Brunnen",
        "info": "Brunnentyp: Brunnen (Trinkwasserversorgung)",
        "category": "Straßenbrunnen",
        "source": "Öffentlicher Datensatz Berlins"
      }
    },
    {
      "type": "Feature",
      "geometry": {
        "type": "Point",
        "coordinates": [
          13.25321008,
          52.56196929
        ]
      },
      "properties": {
        "name": "Brunnen",
        "info": "Brunnentyp: Brunnen (Trinkwasserversorgung)",
        "category": "Straßenbrunnen",
        "source": "Öffentlicher Datensatz Berlins"
      }
    },
    {
      "type": "Feature",
      "geometry": {
        "type": "Point",
        "coordinates": [
          13.25276093,
          52.55936972
        ]
      },
      "properties": {
        "name": "Brunnen",
        "info": "Brunnentyp: Brunnen (Trinkwasserversorgung)",
        "category": "Straßenbrunnen",
        "source": "Öffentlicher Datensatz Berlins"
      }
    },
    {
      "type": "Feature",
      "geometry": {
        "type": "Point",
        "coordinates": [
          13.25351659,
          52.56071251
        ]
      },
      "properties": {
        "name": "Brunnen",
        "info": "Brunnentyp: Brunnen (Trinkwasserversorgung)",
        "category": "Straßenbrunnen",
        "source": "Öffentlicher Datensatz Berlins"
      }
    },
    {
      "type": "Feature",
      "geometry": {
        "type": "Point",
        "coordinates": [
          13.25634614,
          52.56583102
        ]
      },
      "properties": {
        "name": "Brunnen",
        "info": "Brunnentyp: Brunnen (Trinkwasserversorgung)",
        "category": "Straßenbrunnen",
        "source": "Öffentlicher Datensatz Berlins"
      }
    },
    {
      "type": "Feature",
      "geometry": {
        "type": "Point",
        "coordinates": [
          13.25248591,
          52.55888775
        ]
      },
      "properties": {
        "name": "Brunnen",
        "info": "Brunnentyp: Brunnen (Trinkwasserversorgung)",
        "category": "Straßenbrunnen",
        "source": "Öffentlicher Datensatz Berlins"
      }
    },
    {
      "type": "Feature",
      "geometry": {
        "type": "Point",
        "coordinates": [
          13.27001772,
          52.57759778
        ]
      },
      "properties": {
        "name": "Brunnen",
        "info": "Brunnentyp: Brunnen (Trinkwasserversorgung)",
        "category": "Straßenbrunnen",
        "source": "Öffentlicher Datensatz Berlins"
      }
    },
    {
      "type": "Feature",
      "geometry": {
        "type": "Point",
        "coordinates": [
          13.28260831,
          52.58968804
        ]
      },
      "properties": {
        "name": "Brunnen",
        "info": "Brunnentyp: Brunnen",
        "category": "Straßenbrunnen",
        "source": "Öffentlicher Datensatz Berlins"
      }
    },
    {
      "type": "Feature",
      "geometry": {
        "type": "Point",
        "coordinates": [
          13.2605831,
          52.57334545
        ]
      },
      "properties": {
        "name": "Brunnen",
        "info": "Brunnentyp: Brunnen (Trinkwasserversorgung)",
        "category": "Straßenbrunnen",
        "source": "Öffentlicher Datensatz Berlins"
      }
    },
    {
      "type": "Feature",
      "geometry": {
        "type": "Point",
        "coordinates": [
          13.25606741,
          52.56532679
        ]
      },
      "properties": {
        "name": "Brunnen",
        "info": "Brunnentyp: Brunnen (Trinkwasserversorgung)",
        "category": "Straßenbrunnen",
        "source": "Öffentlicher Datensatz Berlins"
      }
    },
    {
      "type": "Feature",
      "geometry": {
        "type": "Point",
        "coordinates": [
          13.25460289,
          52.58559002
        ]
      },
      "properties": {
        "name": "Brunnen",
        "info": "Brunnentyp: Brunnen (Trinkwasserversorgung)",
        "category": "Straßenbrunnen",
        "source": "Öffentlicher Datensatz Berlins"
      }
    },
    {
      "type": "Feature",
      "geometry": {
        "type": "Point",
        "coordinates": [
          13.25574661,
          52.56476783
        ]
      },
      "properties": {
        "name": "Brunnen",
        "info": "Brunnentyp: Brunnen (Trinkwasserversorgung)",
        "category": "Straßenbrunnen",
        "source": "Öffentlicher Datensatz Berlins"
      }
    },
    {
      "type": "Feature",
      "geometry": {
        "type": "Point",
        "coordinates": [
          13.26260432,
          52.5747713
        ]
      },
      "properties": {
        "name": "Brunnen",
        "info": "Brunnentyp: Brunnen (Trinkwasserversorgung)",
        "category": "Straßenbrunnen",
        "source": "Öffentlicher Datensatz Berlins"
      }
    },
    {
      "type": "Feature",
      "geometry": {
        "type": "Point",
        "coordinates": [
          13.2515991,
          52.5616369
        ]
      },
      "properties": {
        "name": "Brunnen",
        "info": "Brunnentyp: Brunnen (Trinkwasserversorgung)",
        "category": "Straßenbrunnen",
        "source": "Öffentlicher Datensatz Berlins"
      }
    },
    {
      "type": "Feature",
      "geometry": {
        "type": "Point",
        "coordinates": [
          13.27255393,
          52.57757327
        ]
      },
      "properties": {
        "name": "Brunnen",
        "info": "Brunnentyp: Brunnen (Trinkwasserversorgung)",
        "category": "Straßenbrunnen",
        "source": "Öffentlicher Datensatz Berlins"
      }
    },
    {
      "type": "Feature",
      "geometry": {
        "type": "Point",
        "coordinates": [
          13.2484239,
          52.55491557
        ]
      },
      "properties": {
        "name": "Brunnen",
        "info": "Brunnentyp: Brunnen (Trinkwasserversorgung)",
        "category": "Straßenbrunnen",
        "source": "Öffentlicher Datensatz Berlins"
      }
    },
    {
      "type": "Feature",
      "geometry": {
        "type": "Point",
        "coordinates": [
          13.32796655,
          52.5637721
        ]
      },
      "properties": {
        "name": "Brunnen",
        "info": "Brunnentyp: Brunnen",
        "category": "Straßenbrunnen",
        "source": "Öffentlicher Datensatz Berlins"
      }
    },
    {
      "type": "Feature",
      "geometry": {
        "type": "Point",
        "coordinates": [
          13.25239053,
          52.58287214
        ]
      },
      "properties": {
        "name": "Brunnen",
        "info": "Brunnentyp: Brunnen (Trinkwasserversorgung)",
        "category": "Straßenbrunnen",
        "source": "Öffentlicher Datensatz Berlins"
      }
    },
    {
      "type": "Feature",
      "geometry": {
        "type": "Point",
        "coordinates": [
          13.25944395,
          52.57115735
        ]
      },
      "properties": {
        "name": "Brunnen",
        "info": "Brunnentyp: Brunnen (Trinkwasserversorgung)",
        "category": "Straßenbrunnen",
        "source": "Öffentlicher Datensatz Berlins"
      }
    },
    {
      "type": "Feature",
      "geometry": {
        "type": "Point",
        "coordinates": [
          13.28416951,
          52.58971556
        ]
      },
      "properties": {
        "name": "Brunnen",
        "info": "Brunnentyp: Brunnen",
        "category": "Straßenbrunnen",
        "source": "Öffentlicher Datensatz Berlins"
      }
    },
    {
      "type": "Feature",
      "geometry": {
        "type": "Point",
        "coordinates": [
          13.2591876,
          52.570707
        ]
      },
      "properties": {
        "name": "Brunnen",
        "info": "Brunnentyp: Brunnen (Trinkwasserversorgung)",
        "category": "Straßenbrunnen",
        "source": "Öffentlicher Datensatz Berlins"
      }
    },
    {
      "type": "Feature",
      "geometry": {
        "type": "Point",
        "coordinates": [
          13.25416759,
          52.58455847
        ]
      },
      "properties": {
        "name": "Brunnen",
        "info": "Brunnentyp: Brunnen (Trinkwasserversorgung)",
        "category": "Straßenbrunnen",
        "source": "Öffentlicher Datensatz Berlins"
      }
    },
    {
      "type": "Feature",
      "geometry": {
        "type": "Point",
        "coordinates": [
          13.25299098,
          52.55980614
        ]
      },
      "properties": {
        "name": "Brunnen",
        "info": "Brunnentyp: Brunnen (Trinkwasserversorgung)",
        "category": "Straßenbrunnen",
        "source": "Öffentlicher Datensatz Berlins"
      }
    },
    {
      "type": "Feature",
      "geometry": {
        "type": "Point",
        "coordinates": [
          13.26847927,
          52.57768893
        ]
      },
      "properties": {
        "name": "Brunnen",
        "info": "Brunnentyp: Brunnen (Trinkwasserversorgung)",
        "category": "Straßenbrunnen",
        "source": "Öffentlicher Datensatz Berlins"
      }
    },
    {
      "type": "Feature",
      "geometry": {
        "type": "Point",
        "coordinates": [
          13.27406982,
          52.57766636
        ]
      },
      "properties": {
        "name": "Brunnen",
        "info": "Brunnentyp: Brunnen (Trinkwasserversorgung)",
        "category": "Straßenbrunnen",
        "source": "Öffentlicher Datensatz Berlins"
      }
    },
    {
      "type": "Feature",
      "geometry": {
        "type": "Point",
        "coordinates": [
          13.24924825,
          52.58136166
        ]
      },
      "properties": {
        "name": "Brunnen",
        "info": "Brunnentyp: Brunnen (Trinkwasserversorgung)",
        "category": "Straßenbrunnen",
        "source": "Öffentlicher Datensatz Berlins"
      }
    },
    {
      "type": "Feature",
      "geometry": {
        "type": "Point",
        "coordinates": [
          13.2522067,
          52.55838905
        ]
      },
      "properties": {
        "name": "Brunnen",
        "info": "Brunnentyp: Brunnen (Trinkwasserversorgung)",
        "category": "Straßenbrunnen",
        "source": "Öffentlicher Datensatz Berlins"
      }
    },
    {
      "type": "Feature",
      "geometry": {
        "type": "Point",
        "coordinates": [
          13.25380645,
          52.56115792
        ]
      },
      "properties": {
        "name": "Brunnen",
        "info": "Brunnentyp: Brunnen (Trinkwasserversorgung)",
        "category": "Straßenbrunnen",
        "source": "Öffentlicher Datensatz Berlins"
      }
    },
    {
      "type": "Feature",
      "geometry": {
        "type": "Point",
        "coordinates": [
          13.25013924,
          52.55480733
        ]
      },
      "properties": {
        "name": "Brunnen",
        "info": "Brunnentyp: Brunnen (Trinkwasserversorgung)",
        "category": "Straßenbrunnen",
        "source": "Öffentlicher Datensatz Berlins"
      }
    },
    {
      "type": "Feature",
      "geometry": {
        "type": "Point",
        "coordinates": [
          13.26708246,
          52.57752163
        ]
      },
      "properties": {
        "name": "Brunnen",
        "info": "Brunnentyp: Brunnen (Trinkwasserversorgung)",
        "category": "Straßenbrunnen",
        "source": "Öffentlicher Datensatz Berlins"
      }
    },
    {
      "type": "Feature",
      "geometry": {
        "type": "Point",
        "coordinates": [
          13.26002541,
          52.5724621
        ]
      },
      "properties": {
        "name": "Brunnen",
        "info": "Brunnentyp: Brunnen (Trinkwasserversorgung)",
        "category": "Straßenbrunnen",
        "source": "Öffentlicher Datensatz Berlins"
      }
    },
    {
      "type": "Feature",
      "geometry": {
        "type": "Point",
        "coordinates": [
          13.32835506,
          52.56412053
        ]
      },
      "properties": {
        "name": "Brunnen",
        "info": "Brunnentyp: Brunnen",
        "category": "Straßenbrunnen",
        "source": "Öffentlicher Datensatz Berlins"
      }
    },
    {
      "type": "Feature",
      "geometry": {
        "type": "Point",
        "coordinates": [
          13.25543499,
          52.56425634
        ]
      },
      "properties": {
        "name": "Brunnen",
        "info": "Brunnentyp: Brunnen (Trinkwasserversorgung)",
        "category": "Straßenbrunnen",
        "source": "Öffentlicher Datensatz Berlins"
      }
    },
    {
      "type": "Feature",
      "geometry": {
        "type": "Point",
        "coordinates": [
          13.26041324,
          52.57286561
        ]
      },
      "properties": {
        "name": "Brunnen",
        "info": "Brunnentyp: Brunnen (Trinkwasserversorgung)",
        "category": "Straßenbrunnen",
        "source": "Öffentlicher Datensatz Berlins"
      }
    },
    {
      "type": "Feature",
      "geometry": {
        "type": "Point",
        "coordinates": [
          13.26928685,
          52.5776533
        ]
      },
      "properties": {
        "name": "Brunnen",
        "info": "Brunnentyp: Brunnen (Trinkwasserversorgung)",
        "category": "Straßenbrunnen",
        "source": "Öffentlicher Datensatz Berlins"
      }
    },
    {
      "type": "Feature",
      "geometry": {
        "type": "Point",
        "coordinates": [
          13.3273984,
          52.56400545
        ]
      },
      "properties": {
        "name": "Brunnen",
        "info": "Brunnentyp: Brunnen",
        "category": "Straßenbrunnen",
        "source": "Öffentlicher Datensatz Berlins"
      }
    },
    {
      "type": "Feature",
      "geometry": {
        "type": "Point",
        "coordinates": [
          13.33090025,
          52.54972395
        ]
      },
      "properties": {
        "name": "Brunnen",
        "info": "Brunnentyp: Brunnen",
        "category": "Straßenbrunnen",
        "source": "Öffentlicher Datensatz Berlins"
      }
    },
    {
      "type": "Feature",
      "geometry": {
        "type": "Point",
        "coordinates": [
          13.25079284,
          52.58228831
        ]
      },
      "properties": {
        "name": "Brunnen",
        "info": "Brunnentyp: Brunnen (Trinkwasserversorgung)",
        "category": "Straßenbrunnen",
        "source": "Öffentlicher Datensatz Berlins"
      }
    },
    {
      "type": "Feature",
      "geometry": {
        "type": "Point",
        "coordinates": [
          13.27188221,
          52.57750192
        ]
      },
      "properties": {
        "name": "Brunnen",
        "info": "Brunnentyp: Brunnen (Trinkwasserversorgung)",
        "category": "Straßenbrunnen",
        "source": "Öffentlicher Datensatz Berlins"
      }
    },
    {
      "type": "Feature",
      "geometry": {
        "type": "Point",
        "coordinates": [
          13.32771694,
          52.56432582
        ]
      },
      "properties": {
        "name": "Brunnen",
        "info": "Brunnentyp: Brunnen",
        "category": "Straßenbrunnen",
        "source": "Öffentlicher Datensatz Berlins"
      }
    },
    {
      "type": "Feature",
      "geometry": {
        "type": "Point",
        "coordinates": [
          13.2550435,
          52.56352737
        ]
      },
      "properties": {
        "name": "Brunnen",
        "info": "Brunnentyp: Brunnen (Trinkwasserversorgung)",
        "category": "Straßenbrunnen",
        "source": "Öffentlicher Datensatz Berlins"
      }
    },
    {
      "type": "Feature",
      "geometry": {
        "type": "Point",
        "coordinates": [
          13.27123215,
          52.57747343
        ]
      },
      "properties": {
        "name": "Brunnen",
        "info": "Brunnentyp: Brunnen (Trinkwasserversorgung)",
        "category": "Straßenbrunnen",
        "source": "Öffentlicher Datensatz Berlins"
      }
    },
    {
      "type": "Feature",
      "geometry": {
        "type": "Point",
        "coordinates": [
          13.24210063,
          52.55975428
        ]
      },
      "properties": {
        "name": "Brunnen",
        "info": "Brunnentyp: Brunnen (Trinkwasserversorgung)",
        "category": "Straßenbrunnen",
        "source": "Öffentlicher Datensatz Berlins"
      }
    },
    {
      "type": "Feature",
      "geometry": {
        "type": "Point",
        "coordinates": [
          13.24772508,
          52.55526354
        ]
      },
      "properties": {
        "name": "Brunnen",
        "info": "Brunnentyp: Brunnen (Trinkwasserversorgung)",
        "category": "Straßenbrunnen",
        "source": "Öffentlicher Datensatz Berlins"
      }
    },
    {
      "type": "Feature",
      "geometry": {
        "type": "Point",
        "coordinates": [
          13.24375105,
          52.55842422
        ]
      },
      "properties": {
        "name": "Brunnen",
        "info": "Brunnentyp: Brunnen (Trinkwasserversorgung)",
        "category": "Straßenbrunnen",
        "source": "Öffentlicher Datensatz Berlins"
      }
    },
    {
      "type": "Feature",
      "geometry": {
        "type": "Point",
        "coordinates": [
          13.24420416,
          52.5569886
        ]
      },
      "properties": {
        "name": "Brunnen",
        "info": "Brunnentyp: Brunnen (Trinkwasserversorgung)",
        "category": "Straßenbrunnen",
        "source": "Öffentlicher Datensatz Berlins"
      }
    },
    {
      "type": "Feature",
      "geometry": {
        "type": "Point",
        "coordinates": [
          13.24137799,
          52.57512794
        ]
      },
      "properties": {
        "name": "Brunnen",
        "info": "Brunnentyp: Brunnen (Trinkwasserversorgung)",
        "category": "Straßenbrunnen",
        "source": "Öffentlicher Datensatz Berlins"
      }
    },
    {
      "type": "Feature",
      "geometry": {
        "type": "Point",
        "coordinates": [
          13.2447192,
          52.5774281
        ]
      },
      "properties": {
        "name": "Brunnen",
        "info": "Brunnentyp: Brunnen (Trinkwasserversorgung)",
        "category": "Straßenbrunnen",
        "source": "Öffentlicher Datensatz Berlins"
      }
    },
    {
      "type": "Feature",
      "geometry": {
        "type": "Point",
        "coordinates": [
          13.24363867,
          52.55892141
        ]
      },
      "properties": {
        "name": "Brunnen",
        "info": "Brunnentyp: Brunnen (Trinkwasserversorgung)",
        "category": "Straßenbrunnen",
        "source": "Öffentlicher Datensatz Berlins"
      }
    },
    {
      "type": "Feature",
      "geometry": {
        "type": "Point",
        "coordinates": [
          13.24374127,
          52.55790666
        ]
      },
      "properties": {
        "name": "Brunnen",
        "info": "Brunnentyp: Brunnen (Trinkwasserversorgung)",
        "category": "Straßenbrunnen",
        "source": "Öffentlicher Datensatz Berlins"
      }
    },
    {
      "type": "Feature",
      "geometry": {
        "type": "Point",
        "coordinates": [
          13.24741081,
          52.56085144
        ]
      },
      "properties": {
        "name": "Brunnen",
        "info": "Brunnentyp: Brunnen (Trinkwasserversorgung)",
        "category": "Straßenbrunnen",
        "source": "Öffentlicher Datensatz Berlins"
      }
    },
    {
      "type": "Feature",
      "geometry": {
        "type": "Point",
        "coordinates": [
          13.17414497,
          52.5675889
        ]
      },
      "properties": {
        "name": "Brunnen",
        "info": "Brunnentyp: Brunnen (Trinkwasserversorgung)",
        "category": "Straßenbrunnen",
        "source": "Öffentlicher Datensatz Berlins"
      }
    },
    {
      "type": "Feature",
      "geometry": {
        "type": "Point",
        "coordinates": [
          13.24482433,
          52.56500154
        ]
      },
      "properties": {
        "name": "Brunnen",
        "info": "Brunnentyp: Brunnen (Trinkwasserversorgung)",
        "category": "Straßenbrunnen",
        "source": "Öffentlicher Datensatz Berlins"
      }
    },
    {
      "type": "Feature",
      "geometry": {
        "type": "Point",
        "coordinates": [
          13.17107522,
          52.56945418
        ]
      },
      "properties": {
        "name": "Brunnen",
        "info": "Brunnentyp: Brunnen (Trinkwasserversorgung)",
        "category": "Straßenbrunnen",
        "source": "Öffentlicher Datensatz Berlins"
      }
    },
    {
      "type": "Feature",
      "geometry": {
        "type": "Point",
        "coordinates": [
          13.1669011,
          52.571991
        ]
      },
      "properties": {
        "name": "Brunnen",
        "info": "Brunnentyp: Brunnen (Trinkwasserversorgung)",
        "category": "Straßenbrunnen",
        "source": "Öffentlicher Datensatz Berlins"
      }
    },
    {
      "type": "Feature",
      "geometry": {
        "type": "Point",
        "coordinates": [
          13.24361199,
          52.57595781
        ]
      },
      "properties": {
        "name": "Brunnen",
        "info": "Brunnentyp: Brunnen (Trinkwasserversorgung)",
        "category": "Straßenbrunnen",
        "source": "Öffentlicher Datensatz Berlins"
      }
    },
    {
      "type": "Feature",
      "geometry": {
        "type": "Point",
        "coordinates": [
          13.24543555,
          52.5785523
        ]
      },
      "properties": {
        "name": "Brunnen",
        "info": "Brunnentyp: Brunnen (Trinkwasserversorgung)",
        "category": "Straßenbrunnen",
        "source": "Öffentlicher Datensatz Berlins"
      }
    },
    {
      "type": "Feature",
      "geometry": {
        "type": "Point",
        "coordinates": [
          13.24546509,
          52.56566335
        ]
      },
      "properties": {
        "name": "Brunnen",
        "info": "Brunnentyp: Brunnen (Trinkwasserversorgung)",
        "category": "Straßenbrunnen",
        "source": "Öffentlicher Datensatz Berlins"
      }
    },
    {
      "type": "Feature",
      "geometry": {
        "type": "Point",
        "coordinates": [
          13.24414186,
          52.56632267
        ]
      },
      "properties": {
        "name": "Brunnen",
        "info": "Brunnentyp: Brunnen (Trinkwasserversorgung)",
        "category": "Straßenbrunnen",
        "source": "Öffentlicher Datensatz Berlins"
      }
    },
    {
      "type": "Feature",
      "geometry": {
        "type": "Point",
        "coordinates": [
          13.2395235,
          52.57343632
        ]
      },
      "properties": {
        "name": "Brunnen",
        "info": "Brunnentyp: Brunnen (Trinkwasserversorgung)",
        "category": "Straßenbrunnen",
        "source": "Öffentlicher Datensatz Berlins"
      }
    },
    {
      "type": "Feature",
      "geometry": {
        "type": "Point",
        "coordinates": [
          13.24210318,
          52.56480987
        ]
      },
      "properties": {
        "name": "Brunnen",
        "info": "Brunnentyp: Brunnen (Trinkwasserversorgung)",
        "category": "Straßenbrunnen",
        "source": "Öffentlicher Datensatz Berlins"
      }
    },
    {
      "type": "Feature",
      "geometry": {
        "type": "Point",
        "coordinates": [
          13.1731183,
          52.56820585
        ]
      },
      "properties": {
        "name": "Brunnen",
        "info": "Brunnentyp: Brunnen (Trinkwasserversorgung)",
        "category": "Straßenbrunnen",
        "source": "Öffentlicher Datensatz Berlins"
      }
    },
    {
      "type": "Feature",
      "geometry": {
        "type": "Point",
        "coordinates": [
          13.23821443,
          52.57082308
        ]
      },
      "properties": {
        "name": "Brunnen",
        "info": "Brunnentyp: Brunnen (Trinkwasserversorgung)",
        "category": "Straßenbrunnen",
        "source": "Öffentlicher Datensatz Berlins"
      }
    },
    {
      "type": "Feature",
      "geometry": {
        "type": "Point",
        "coordinates": [
          13.2382496,
          52.57203175
        ]
      },
      "properties": {
        "name": "Brunnen",
        "info": "Brunnentyp: Brunnen (Trinkwasserversorgung)",
        "category": "Straßenbrunnen",
        "source": "Öffentlicher Datensatz Berlins"
      }
    },
    {
      "type": "Feature",
      "geometry": {
        "type": "Point",
        "coordinates": [
          13.24029641,
          52.57438724
        ]
      },
      "properties": {
        "name": "Brunnen",
        "info": "Brunnentyp: Brunnen (Trinkwasserversorgung)",
        "category": "Straßenbrunnen",
        "source": "Öffentlicher Datensatz Berlins"
      }
    },
    {
      "type": "Feature",
      "geometry": {
        "type": "Point",
        "coordinates": [
          13.24348719,
          52.55945942
        ]
      },
      "properties": {
        "name": "Brunnen",
        "info": "Brunnentyp: Brunnen (Trinkwasserversorgung)",
        "category": "Straßenbrunnen",
        "source": "Öffentlicher Datensatz Berlins"
      }
    },
    {
      "type": "Feature",
      "geometry": {
        "type": "Point",
        "coordinates": [
          13.24363482,
          52.5574055
        ]
      },
      "properties": {
        "name": "Brunnen",
        "info": "Brunnentyp: Brunnen (Trinkwasserversorgung)",
        "category": "Straßenbrunnen",
        "source": "Öffentlicher Datensatz Berlins"
      }
    },
    {
      "type": "Feature",
      "geometry": {
        "type": "Point",
        "coordinates": [
          13.16998757,
          52.57010823
        ]
      },
      "properties": {
        "name": "Brunnen",
        "info": "Brunnentyp: Brunnen (Trinkwasserversorgung)",
        "category": "Straßenbrunnen",
        "source": "Öffentlicher Datensatz Berlins"
      }
    },
    {
      "type": "Feature",
      "geometry": {
        "type": "Point",
        "coordinates": [
          13.24620121,
          52.57981245
        ]
      },
      "properties": {
        "name": "Brunnen",
        "info": "Brunnentyp: Brunnen (Trinkwasserversorgung)",
        "category": "Straßenbrunnen",
        "source": "Öffentlicher Datensatz Berlins"
      }
    },
    {
      "type": "Feature",
      "geometry": {
        "type": "Point",
        "coordinates": [
          13.24491277,
          52.56038694
        ]
      },
      "properties": {
        "name": "Brunnen",
        "info": "Brunnentyp: Brunnen (Trinkwasserversorgung)",
        "category": "Straßenbrunnen",
        "source": "Öffentlicher Datensatz Berlins"
      }
    },
    {
      "type": "Feature",
      "geometry": {
        "type": "Point",
        "coordinates": [
          13.24570107,
          52.57911516
        ]
      },
      "properties": {
        "name": "Brunnen",
        "info": "Brunnentyp: Brunnen (Trinkwasserversorgung)",
        "category": "Straßenbrunnen",
        "source": "Öffentlicher Datensatz Berlins"
      }
    },
    {
      "type": "Feature",
      "geometry": {
        "type": "Point",
        "coordinates": [
          13.24640391,
          52.56067024
        ]
      },
      "properties": {
        "name": "Brunnen",
        "info": "Brunnentyp: Brunnen (Trinkwasserversorgung)",
        "category": "Straßenbrunnen",
        "source": "Öffentlicher Datensatz Berlins"
      }
    },
    {
      "type": "Feature",
      "geometry": {
        "type": "Point",
        "coordinates": [
          13.24430322,
          52.57611722
        ]
      },
      "properties": {
        "name": "Brunnen",
        "info": "Brunnentyp: Brunnen (Trinkwasserversorgung)",
        "category": "Straßenbrunnen",
        "source": "Öffentlicher Datensatz Berlins"
      }
    },
    {
      "type": "Feature",
      "geometry": {
        "type": "Point",
        "coordinates": [
          13.24204244,
          52.57546053
        ]
      },
      "properties": {
        "name": "Brunnen",
        "info": "Brunnentyp: Brunnen (Trinkwasserversorgung)",
        "category": "Straßenbrunnen",
        "source": "Öffentlicher Datensatz Berlins"
      }
    },
    {
      "type": "Feature",
      "geometry": {
        "type": "Point",
        "coordinates": [
          13.24633405,
          52.55595839
        ]
      },
      "properties": {
        "name": "Brunnen",
        "info": "Brunnentyp: Brunnen (Trinkwasserversorgung)",
        "category": "Straßenbrunnen",
        "source": "Öffentlicher Datensatz Berlins"
      }
    },
    {
      "type": "Feature",
      "geometry": {
        "type": "Point",
        "coordinates": [
          13.1658352,
          52.57263536
        ]
      },
      "properties": {
        "name": "Brunnen",
        "info": "Brunnentyp: Brunnen (Trinkwasserversorgung)",
        "category": "Straßenbrunnen",
        "source": "Öffentlicher Datensatz Berlins"
      }
    },
    {
      "type": "Feature",
      "geometry": {
        "type": "Point",
        "coordinates": [
          13.24268623,
          52.56000526
        ]
      },
      "properties": {
        "name": "Brunnen",
        "info": "Brunnentyp: Brunnen (Trinkwasserversorgung)",
        "category": "Straßenbrunnen",
        "source": "Öffentlicher Datensatz Berlins"
      }
    },
    {
      "type": "Feature",
      "geometry": {
        "type": "Point",
        "coordinates": [
          13.2388353,
          52.57252855
        ]
      },
      "properties": {
        "name": "Brunnen",
        "info": "Brunnentyp: Brunnen (Trinkwasserversorgung)",
        "category": "Straßenbrunnen",
        "source": "Öffentlicher Datensatz Berlins"
      }
    },
    {
      "type": "Feature",
      "geometry": {
        "type": "Point",
        "coordinates": [
          13.24496931,
          52.55671162
        ]
      },
      "properties": {
        "name": "Brunnen",
        "info": "Brunnentyp: Brunnen (Trinkwasserversorgung)",
        "category": "Straßenbrunnen",
        "source": "Öffentlicher Datensatz Berlins"
      }
    },
    {
      "type": "Feature",
      "geometry": {
        "type": "Point",
        "coordinates": [
          13.24417056,
          52.56025327
        ]
      },
      "properties": {
        "name": "Brunnen",
        "info": "Brunnentyp: Brunnen (Trinkwasserversorgung)",
        "category": "Straßenbrunnen",
        "source": "Öffentlicher Datensatz Berlins"
      }
    },
    {
      "type": "Feature",
      "geometry": {
        "type": "Point",
        "coordinates": [
          13.24212197,
          52.56531638
        ]
      },
      "properties": {
        "name": "Brunnen",
        "info": "Brunnentyp: Brunnen (Trinkwasserversorgung)",
        "category": "Straßenbrunnen",
        "source": "Öffentlicher Datensatz Berlins"
      }
    },
    {
      "type": "Feature",
      "geometry": {
        "type": "Point",
        "coordinates": [
          13.24513181,
          52.5780029
        ]
      },
      "properties": {
        "name": "Brunnen",
        "info": "Brunnentyp: Brunnen (Trinkwasserversorgung)",
        "category": "Straßenbrunnen",
        "source": "Öffentlicher Datensatz Berlins"
      }
    },
    {
      "type": "Feature",
      "geometry": {
        "type": "Point",
        "coordinates": [
          13.2467277,
          52.58035073
        ]
      },
      "properties": {
        "name": "Brunnen",
        "info": "Brunnentyp: Brunnen (Trinkwasserversorgung)",
        "category": "Straßenbrunnen",
        "source": "Öffentlicher Datensatz Berlins"
      }
    },
    {
      "type": "Feature",
      "geometry": {
        "type": "Point",
        "coordinates": [
          13.24557697,
          52.55633167
        ]
      },
      "properties": {
        "name": "Brunnen",
        "info": "Brunnentyp: Brunnen (Trinkwasserversorgung)",
        "category": "Straßenbrunnen",
        "source": "Öffentlicher Datensatz Berlins"
      }
    },
    {
      "type": "Feature",
      "geometry": {
        "type": "Point",
        "coordinates": [
          13.17204508,
          52.56885254
        ]
      },
      "properties": {
        "name": "Brunnen",
        "info": "Brunnentyp: Brunnen (Trinkwasserversorgung)",
        "category": "Straßenbrunnen",
        "source": "Öffentlicher Datensatz Berlins"
      }
    },
    {
      "type": "Feature",
      "geometry": {
        "type": "Point",
        "coordinates": [
          13.24545536,
          52.56049418
        ]
      },
      "properties": {
        "name": "Brunnen",
        "info": "Brunnentyp: Brunnen (Trinkwasserversorgung)",
        "category": "Straßenbrunnen",
        "source": "Öffentlicher Datensatz Berlins"
      }
    },
    {
      "type": "Feature",
      "geometry": {
        "type": "Point",
        "coordinates": [
          13.16904628,
          52.57069698
        ]
      },
      "properties": {
        "name": "Brunnen",
        "info": "Brunnentyp: Brunnen (Trinkwasserversorgung)",
        "category": "Straßenbrunnen",
        "source": "Öffentlicher Datensatz Berlins"
      }
    },
    {
      "type": "Feature",
      "geometry": {
        "type": "Point",
        "coordinates": [
          13.24405774,
          52.56478321
        ]
      },
      "properties": {
        "name": "Brunnen",
        "info": "Brunnentyp: Brunnen (Trinkwasserversorgung)",
        "category": "Straßenbrunnen",
        "source": "Öffentlicher Datensatz Berlins"
      }
    },
    {
      "type": "Feature",
      "geometry": {
        "type": "Point",
        "coordinates": [
          13.24069182,
          52.57480991
        ]
      },
      "properties": {
        "name": "Brunnen",
        "info": "Brunnentyp: Brunnen (Trinkwasserversorgung)",
        "category": "Straßenbrunnen",
        "source": "Öffentlicher Datensatz Berlins"
      }
    },
    {
      "type": "Feature",
      "geometry": {
        "type": "Point",
        "coordinates": [
          13.23862878,
          52.5714442
        ]
      },
      "properties": {
        "name": "Brunnen",
        "info": "Brunnentyp: Brunnen (Trinkwasserversorgung)",
        "category": "Straßenbrunnen",
        "source": "Öffentlicher Datensatz Berlins"
      }
    },
    {
      "type": "Feature",
      "geometry": {
        "type": "Point",
        "coordinates": [
          13.23797423,
          52.57039654
        ]
      },
      "properties": {
        "name": "Brunnen",
        "info": "Brunnentyp: Brunnen (Trinkwasserversorgung)",
        "category": "Straßenbrunnen",
        "source": "Öffentlicher Datensatz Berlins"
      }
    },
    {
      "type": "Feature",
      "geometry": {
        "type": "Point",
        "coordinates": [
          13.24348881,
          52.56006393
        ]
      },
      "properties": {
        "name": "Brunnen",
        "info": "Brunnentyp: Brunnen (Trinkwasserversorgung)",
        "category": "Straßenbrunnen",
        "source": "Öffentlicher Datensatz Berlins"
      }
    },
    {
      "type": "Feature",
      "geometry": {
        "type": "Point",
        "coordinates": [
          13.24329156,
          52.56461341
        ]
      },
      "properties": {
        "name": "Brunnen",
        "info": "Brunnentyp: Brunnen (Trinkwasserversorgung)",
        "category": "Straßenbrunnen",
        "source": "Öffentlicher Datensatz Berlins"
      }
    },
    {
      "type": "Feature",
      "geometry": {
        "type": "Point",
        "coordinates": [
          13.23982009,
          52.57403475
        ]
      },
      "properties": {
        "name": "Brunnen",
        "info": "Brunnentyp: Brunnen (Trinkwasserversorgung)",
        "category": "Straßenbrunnen",
        "source": "Öffentlicher Datensatz Berlins"
      }
    },
    {
      "type": "Feature",
      "geometry": {
        "type": "Point",
        "coordinates": [
          13.23915745,
          52.57304121
        ]
      },
      "properties": {
        "name": "Brunnen",
        "info": "Brunnentyp: Brunnen (Trinkwasserversorgung)",
        "category": "Straßenbrunnen",
        "source": "Öffentlicher Datensatz Berlins"
      }
    },
    {
      "type": "Feature",
      "geometry": {
        "type": "Point",
        "coordinates": [
          13.24709391,
          52.55558819
        ]
      },
      "properties": {
        "name": "Brunnen",
        "info": "Brunnentyp: Brunnen (Trinkwasserversorgung)",
        "category": "Straßenbrunnen",
        "source": "Öffentlicher Datensatz Berlins"
      }
    },
    {
      "type": "Feature",
      "geometry": {
        "type": "Point",
        "coordinates": [
          13.24771865,
          52.58063757
        ]
      },
      "properties": {
        "name": "Brunnen",
        "info": "Brunnentyp: Brunnen (Trinkwasserversorgung)",
        "category": "Straßenbrunnen",
        "source": "Öffentlicher Datensatz Berlins"
      }
    },
    {
      "type": "Feature",
      "geometry": {
        "type": "Point",
        "coordinates": [
          13.24305917,
          52.57560347
        ]
      },
      "properties": {
        "name": "Brunnen",
        "info": "Brunnentyp: Brunnen (Trinkwasserversorgung)",
        "category": "Straßenbrunnen",
        "source": "Öffentlicher Datensatz Berlins"
      }
    },
    {
      "type": "Feature",
      "geometry": {
        "type": "Point",
        "coordinates": [
          13.16807611,
          52.57128527
        ]
      },
      "properties": {
        "name": "Brunnen",
        "info": "Brunnentyp: Brunnen (Trinkwasserversorgung)",
        "category": "Straßenbrunnen",
        "source": "Öffentlicher Datensatz Berlins"
      }
    },
    {
      "type": "Feature",
      "geometry": {
        "type": "Point",
        "coordinates": [
          13.2450204,
          52.56619712
        ]
      },
      "properties": {
        "name": "Brunnen",
        "info": "Brunnentyp: Brunnen (Trinkwasserversorgung)",
        "category": "Straßenbrunnen",
        "source": "Öffentlicher Datensatz Berlins"
      }
    },
    {
      "type": "Feature",
      "geometry": {
        "type": "Point",
        "coordinates": [
          13.24314655,
          52.56631742
        ]
      },
      "properties": {
        "name": "Brunnen",
        "info": "Brunnentyp: Brunnen (Trinkwasserversorgung)",
        "category": "Straßenbrunnen",
        "source": "Öffentlicher Datensatz Berlins"
      }
    },
    {
      "type": "Feature",
      "geometry": {
        "type": "Point",
        "coordinates": [
          13.2424336,
          52.56593869
        ]
      },
      "properties": {
        "name": "Brunnen",
        "info": "Brunnentyp: Brunnen (Trinkwasserversorgung)",
        "category": "Straßenbrunnen",
        "source": "Öffentlicher Datensatz Berlins"
      }
    },
    {
      "type": "Feature",
      "geometry": {
        "type": "Point",
        "coordinates": [
          13.24480805,
          52.57666519
        ]
      },
      "properties": {
        "name": "Brunnen",
        "info": "Brunnentyp: Brunnen (Trinkwasserversorgung)",
        "category": "Straßenbrunnen",
        "source": "Öffentlicher Datensatz Berlins"
      }
    },
    {
      "type": "Feature",
      "geometry": {
        "type": "Point",
        "coordinates": [
          13.24820167,
          52.56101802
        ]
      },
      "properties": {
        "name": "Brunnen",
        "info": "Brunnentyp: Brunnen (Trinkwasserversorgung)",
        "category": "Straßenbrunnen",
        "source": "Öffentlicher Datensatz Berlins"
      }
    },
    {
      "type": "Feature",
      "geometry": {
        "type": "Point",
        "coordinates": [
          13.26671119,
          52.53159992
        ]
      },
      "properties": {
        "name": "Brunnen",
        "info": "Brunnentyp: Brunnen (Trinkwasserversorgung)",
        "category": "Straßenbrunnen",
        "source": "Öffentlicher Datensatz Berlins"
      }
    },
    {
      "type": "Feature",
      "geometry": {
        "type": "Point",
        "coordinates": [
          13.27215336,
          52.50935988
        ]
      },
      "properties": {
        "name": "Brunnen",
        "info": "Brunnentyp: Brunnen",
        "category": "Straßenbrunnen",
        "source": "Öffentlicher Datensatz Berlins"
      }
    },
    {
      "type": "Feature",
      "geometry": {
        "type": "Point",
        "coordinates": [
          13.26698173,
          52.5309949
        ]
      },
      "properties": {
        "name": "Brunnen",
        "info": "Brunnentyp: Brunnen (Trinkwasserversorgung)",
        "category": "Straßenbrunnen",
        "source": "Öffentlicher Datensatz Berlins"
      }
    },
    {
      "type": "Feature",
      "geometry": {
        "type": "Point",
        "coordinates": [
          13.26443595,
          52.53262677
        ]
      },
      "properties": {
        "name": "Brunnen",
        "info": "Brunnentyp: Brunnen (Trinkwasserversorgung)",
        "category": "Straßenbrunnen",
        "source": "Öffentlicher Datensatz Berlins"
      }
    },
    {
      "type": "Feature",
      "geometry": {
        "type": "Point",
        "coordinates": [
          13.25840105,
          52.53120093
        ]
      },
      "properties": {
        "name": "Brunnen",
        "info": "Brunnentyp: Brunnen (Trinkwasserversorgung)",
        "category": "Straßenbrunnen",
        "source": "Öffentlicher Datensatz Berlins"
      }
    },
    {
      "type": "Feature",
      "geometry": {
        "type": "Point",
        "coordinates": [
          13.26273048,
          52.53001009
        ]
      },
      "properties": {
        "name": "Brunnen",
        "info": "Brunnentyp: Brunnen (Trinkwasserversorgung)",
        "category": "Straßenbrunnen",
        "source": "Öffentlicher Datensatz Berlins"
      }
    },
    {
      "type": "Feature",
      "geometry": {
        "type": "Point",
        "coordinates": [
          13.2632137,
          52.52992688
        ]
      },
      "properties": {
        "name": "Brunnen",
        "info": "Brunnentyp: Brunnen (Trinkwasserversorgung)",
        "category": "Straßenbrunnen",
        "source": "Öffentlicher Datensatz Berlins"
      }
    },
    {
      "type": "Feature",
      "geometry": {
        "type": "Point",
        "coordinates": [
          13.2892005,
          52.50319298
        ]
      },
      "properties": {
        "name": "Brunnen",
        "info": "Brunnentyp: Brunnen",
        "category": "Straßenbrunnen",
        "source": "Öffentlicher Datensatz Berlins"
      }
    },
    {
      "type": "Feature",
      "geometry": {
        "type": "Point",
        "coordinates": [
          13.26205517,
          52.53272316
        ]
      },
      "properties": {
        "name": "Brunnen",
        "info": "Brunnentyp: Brunnen (Trinkwasserversorgung)",
        "category": "Straßenbrunnen",
        "source": "Öffentlicher Datensatz Berlins"
      }
    },
    {
      "type": "Feature",
      "geometry": {
        "type": "Point",
        "coordinates": [
          13.26364456,
          52.52983148
        ]
      },
      "properties": {
        "name": "Brunnen",
        "info": "Brunnentyp: Brunnen (Trinkwasserversorgung)",
        "category": "Straßenbrunnen",
        "source": "Öffentlicher Datensatz Berlins"
      }
    },
    {
      "type": "Feature",
      "geometry": {
        "type": "Point",
        "coordinates": [
          13.2699402,
          52.53796754
        ]
      },
      "properties": {
        "name": "Brunnen",
        "info": "Brunnentyp: Brunnen",
        "category": "Straßenbrunnen",
        "source": "Öffentlicher Datensatz Berlins"
      }
    },
    {
      "type": "Feature",
      "geometry": {
        "type": "Point",
        "coordinates": [
          13.25833729,
          52.53043915
        ]
      },
      "properties": {
        "name": "Brunnen",
        "info": "Brunnentyp: Brunnen (Trinkwasserversorgung)",
        "category": "Straßenbrunnen",
        "source": "Öffentlicher Datensatz Berlins"
      }
    },
    {
      "type": "Feature",
      "geometry": {
        "type": "Point",
        "coordinates": [
          13.26089542,
          52.53290468
        ]
      },
      "properties": {
        "name": "Brunnen",
        "info": "Brunnentyp: Brunnen (Trinkwasserversorgung)",
        "category": "Straßenbrunnen",
        "source": "Öffentlicher Datensatz Berlins"
      }
    },
    {
      "type": "Feature",
      "geometry": {
        "type": "Point",
        "coordinates": [
          13.26716335,
          52.53025042
        ]
      },
      "properties": {
        "name": "Brunnen",
        "info": "Brunnentyp: Brunnen (Trinkwasserversorgung)",
        "category": "Straßenbrunnen",
        "source": "Öffentlicher Datensatz Berlins"
      }
    },
    {
      "type": "Feature",
      "geometry": {
        "type": "Point",
        "coordinates": [
          13.25237353,
          52.52878646
        ]
      },
      "properties": {
        "name": "Brunnen",
        "info": "Brunnentyp: Brunnen (Trinkwasserversorgung)",
        "category": "Straßenbrunnen",
        "source": "Öffentlicher Datensatz Berlins"
      }
    },
    {
      "type": "Feature",
      "geometry": {
        "type": "Point",
        "coordinates": [
          13.26710865,
          52.53063618
        ]
      },
      "properties": {
        "name": "Brunnen",
        "info": "Brunnentyp: Brunnen (Trinkwasserversorgung)",
        "category": "Straßenbrunnen",
        "source": "Öffentlicher Datensatz Berlins"
      }
    },
    {
      "type": "Feature",
      "geometry": {
        "type": "Point",
        "coordinates": [
          13.30802492,
          52.50325318
        ]
      },
      "properties": {
        "name": "Brunnen",
        "info": "Brunnentyp: Brunnen",
        "category": "Straßenbrunnen",
        "source": "Öffentlicher Datensatz Berlins"
      }
    },
    {
      "type": "Feature",
      "geometry": {
        "type": "Point",
        "coordinates": [
          13.26146148,
          52.53273386
        ]
      },
      "properties": {
        "name": "Brunnen",
        "info": "Brunnentyp: Brunnen (Trinkwasserversorgung)",
        "category": "Straßenbrunnen",
        "source": "Öffentlicher Datensatz Berlins"
      }
    },
    {
      "type": "Feature",
      "geometry": {
        "type": "Point",
        "coordinates": [
          13.26578136,
          52.5325209
        ]
      },
      "properties": {
        "name": "Brunnen",
        "info": "Brunnentyp: Brunnen (Trinkwasserversorgung)",
        "category": "Straßenbrunnen",
        "source": "Öffentlicher Datensatz Berlins"
      }
    },
    {
      "type": "Feature",
      "geometry": {
        "type": "Point",
        "coordinates": [
          13.33111864,
          52.5291728
        ]
      },
      "properties": {
        "name": "Brunnen",
        "info": "Brunnentyp: Brunnen",
        "category": "Straßenbrunnen",
        "source": "Öffentlicher Datensatz Berlins"
      }
    },
    {
      "type": "Feature",
      "geometry": {
        "type": "Point",
        "coordinates": [
          13.25956507,
          52.53227981
        ]
      },
      "properties": {
        "name": "Brunnen",
        "info": "Brunnentyp: Brunnen (Trinkwasserversorgung)",
        "category": "Straßenbrunnen",
        "source": "Öffentlicher Datensatz Berlins"
      }
    },
    {
      "type": "Feature",
      "geometry": {
        "type": "Point",
        "coordinates": [
          13.31268549,
          52.50082993
        ]
      },
      "properties": {
        "name": "Brunnen",
        "info": "Brunnentyp: Brunnen",
        "category": "Straßenbrunnen",
        "source": "Öffentlicher Datensatz Berlins"
      }
    },
    {
      "type": "Feature",
      "geometry": {
        "type": "Point",
        "coordinates": [
          13.26664434,
          52.53213675
        ]
      },
      "properties": {
        "name": "Brunnen",
        "info": "Brunnentyp: Brunnen (Trinkwasserversorgung)",
        "category": "Straßenbrunnen",
        "source": "Öffentlicher Datensatz Berlins"
      }
    },
    {
      "type": "Feature",
      "geometry": {
        "type": "Point",
        "coordinates": [
          13.28959087,
          52.50926684
        ]
      },
      "properties": {
        "name": "Brunnen",
        "info": "Brunnentyp: Brunnen",
        "category": "Straßenbrunnen",
        "source": "Öffentlicher Datensatz Berlins"
      }
    },
    {
      "type": "Feature",
      "geometry": {
        "type": "Point",
        "coordinates": [
          13.25474912,
          52.52862191
        ]
      },
      "properties": {
        "name": "Brunnen",
        "info": "Brunnentyp: Brunnen (Trinkwasserversorgung)",
        "category": "Straßenbrunnen",
        "source": "Öffentlicher Datensatz Berlins"
      }
    },
    {
      "type": "Feature",
      "geometry": {
        "type": "Point",
        "coordinates": [
          13.2518077,
          52.52887584
        ]
      },
      "properties": {
        "name": "Brunnen",
        "info": "Brunnentyp: Brunnen (Trinkwasserversorgung)",
        "category": "Straßenbrunnen",
        "source": "Öffentlicher Datensatz Berlins"
      }
    },
    {
      "type": "Feature",
      "geometry": {
        "type": "Point",
        "coordinates": [
          13.26393052,
          52.53274639
        ]
      },
      "properties": {
        "name": "Brunnen",
        "info": "Brunnentyp: Brunnen (Trinkwasserversorgung)",
        "category": "Straßenbrunnen",
        "source": "Öffentlicher Datensatz Berlins"
      }
    },
    {
      "type": "Feature",
      "geometry": {
        "type": "Point",
        "coordinates": [
          13.31316952,
          52.49952145
        ]
      },
      "properties": {
        "name": "Brunnen",
        "info": "Brunnentyp: Brunnen",
        "category": "Straßenbrunnen",
        "source": "Öffentlicher Datensatz Berlins"
      }
    },
    {
      "type": "Feature",
      "geometry": {
        "type": "Point",
        "coordinates": [
          13.29941048,
          52.50454456
        ]
      },
      "properties": {
        "name": "Brunnen",
        "info": "Brunnentyp: Brunnen",
        "category": "Straßenbrunnen",
        "source": "Öffentlicher Datensatz Berlins"
      }
    },
    {
      "type": "Feature",
      "geometry": {
        "type": "Point",
        "coordinates": [
          13.2518529,
          52.52879495
        ]
      },
      "properties": {
        "name": "Brunnen",
        "info": "Brunnentyp: Brunnen (Trinkwasserversorgung)",
        "category": "Straßenbrunnen",
        "source": "Öffentlicher Datensatz Berlins"
      }
    },
    {
      "type": "Feature",
      "geometry": {
        "type": "Point",
        "coordinates": [
          13.31372502,
          52.50183605
        ]
      },
      "properties": {
        "name": "Brunnen",
        "info": "Brunnentyp: Brunnen",
        "category": "Straßenbrunnen",
        "source": "Öffentlicher Datensatz Berlins"
      }
    },
    {
      "type": "Feature",
      "geometry": {
        "type": "Point",
        "coordinates": [
          13.25372648,
          52.52857508
        ]
      },
      "properties": {
        "name": "Brunnen",
        "info": "Brunnentyp: Brunnen (Trinkwasserversorgung)",
        "category": "Straßenbrunnen",
        "source": "Öffentlicher Datensatz Berlins"
      }
    },
    {
      "type": "Feature",
      "geometry": {
        "type": "Point",
        "coordinates": [
          13.26176068,
          52.52973405
        ]
      },
      "properties": {
        "name": "Brunnen",
        "info": "Brunnentyp: Brunnen (Trinkwasserversorgung)",
        "category": "Straßenbrunnen",
        "source": "Öffentlicher Datensatz Berlins"
      }
    },
    {
      "type": "Feature",
      "geometry": {
        "type": "Point",
        "coordinates": [
          13.25325444,
          52.52861464
        ]
      },
      "properties": {
        "name": "Brunnen",
        "info": "Brunnentyp: Brunnen (Trinkwasserversorgung)",
        "category": "Straßenbrunnen",
        "source": "Öffentlicher Datensatz Berlins"
      }
    },
    {
      "type": "Feature",
      "geometry": {
        "type": "Point",
        "coordinates": [
          13.26718481,
          52.52989386
        ]
      },
      "properties": {
        "name": "Brunnen",
        "info": "Brunnentyp: Brunnen (Trinkwasserversorgung)",
        "category": "Straßenbrunnen",
        "source": "Öffentlicher Datensatz Berlins"
      }
    },
    {
      "type": "Feature",
      "geometry": {
        "type": "Point",
        "coordinates": [
          13.25930144,
          52.53211635
        ]
      },
      "properties": {
        "name": "Brunnen",
        "info": "Brunnentyp: Brunnen (Trinkwasserversorgung)",
        "category": "Straßenbrunnen",
        "source": "Öffentlicher Datensatz Berlins"
      }
    },
    {
      "type": "Feature",
      "geometry": {
        "type": "Point",
        "coordinates": [
          13.29544823,
          52.52249695
        ]
      },
      "properties": {
        "name": "Brunnen",
        "info": "Brunnentyp: Brunnen",
        "category": "Straßenbrunnen",
        "source": "Öffentlicher Datensatz Berlins"
      }
    },
    {
      "type": "Feature",
      "geometry": {
        "type": "Point",
        "coordinates": [
          13.25132616,
          52.52888257
        ]
      },
      "properties": {
        "name": "Brunnen",
        "info": "Brunnentyp: Brunnen (Trinkwasserversorgung)",
        "category": "Straßenbrunnen",
        "source": "Öffentlicher Datensatz Berlins"
      }
    },
    {
      "type": "Feature",
      "geometry": {
        "type": "Point",
        "coordinates": [
          13.30721528,
          52.5006955
        ]
      },
      "properties": {
        "name": "Brunnen",
        "info": "Brunnentyp: Brunnen",
        "category": "Straßenbrunnen",
        "source": "Öffentlicher Datensatz Berlins"
      }
    },
    {
      "type": "Feature",
      "geometry": {
        "type": "Point",
        "coordinates": [
          13.25888391,
          52.53186912
        ]
      },
      "properties": {
        "name": "Brunnen",
        "info": "Brunnentyp: Brunnen (Trinkwasserversorgung)",
        "category": "Straßenbrunnen",
        "source": "Öffentlicher Datensatz Berlins"
      }
    },
    {
      "type": "Feature",
      "geometry": {
        "type": "Point",
        "coordinates": [
          13.26219104,
          52.52985763
        ]
      },
      "properties": {
        "name": "Brunnen",
        "info": "Brunnentyp: Brunnen (Trinkwasserversorgung)",
        "category": "Straßenbrunnen",
        "source": "Öffentlicher Datensatz Berlins"
      }
    },
    {
      "type": "Feature",
      "geometry": {
        "type": "Point",
        "coordinates": [
          13.26499282,
          52.53259667
        ]
      },
      "properties": {
        "name": "Brunnen",
        "info": "Brunnentyp: Brunnen (Trinkwasserversorgung)",
        "category": "Straßenbrunnen",
        "source": "Öffentlicher Datensatz Berlins"
      }
    },
    {
      "type": "Feature",
      "geometry": {
        "type": "Point",
        "coordinates": [
          13.26700172,
          52.53129079
        ]
      },
      "properties": {
        "name": "Brunnen",
        "info": "Brunnentyp: Brunnen (Trinkwasserversorgung)",
        "category": "Straßenbrunnen",
        "source": "Öffentlicher Datensatz Berlins"
      }
    },
    {
      "type": "Feature",
      "geometry": {
        "type": "Point",
        "coordinates": [
          13.26004041,
          52.52937278
        ]
      },
      "properties": {
        "name": "Brunnen",
        "info": "Brunnentyp: Brunnen (Trinkwasserversorgung)",
        "category": "Straßenbrunnen",
        "source": "Öffentlicher Datensatz Berlins"
      }
    },
    {
      "type": "Feature",
      "geometry": {
        "type": "Point",
        "coordinates": [
          13.2583622,
          52.53080565
        ]
      },
      "properties": {
        "name": "Brunnen",
        "info": "Brunnentyp: Brunnen (Trinkwasserversorgung)",
        "category": "Straßenbrunnen",
        "source": "Öffentlicher Datensatz Berlins"
      }
    },
    {
      "type": "Feature",
      "geometry": {
        "type": "Point",
        "coordinates": [
          13.25240547,
          52.52869386
        ]
      },
      "properties": {
        "name": "Brunnen",
        "info": "Brunnentyp: Brunnen (Trinkwasserversorgung)",
        "category": "Straßenbrunnen",
        "source": "Öffentlicher Datensatz Berlins"
      }
    },
    {
      "type": "Feature",
      "geometry": {
        "type": "Point",
        "coordinates": [
          13.25890046,
          52.52903226
        ]
      },
      "properties": {
        "name": "Brunnen",
        "info": "Brunnentyp: Brunnen (Trinkwasserversorgung)",
        "category": "Straßenbrunnen",
        "source": "Öffentlicher Datensatz Berlins"
      }
    },
    {
      "type": "Feature",
      "geometry": {
        "type": "Point",
        "coordinates": [
          13.26266776,
          52.53282847
        ]
      },
      "properties": {
        "name": "Brunnen",
        "info": "Brunnentyp: Brunnen (Trinkwasserversorgung)",
        "category": "Straßenbrunnen",
        "source": "Öffentlicher Datensatz Berlins"
      }
    },
    {
      "type": "Feature",
      "geometry": {
        "type": "Point",
        "coordinates": [
          13.26061096,
          52.52946682
        ]
      },
      "properties": {
        "name": "Brunnen",
        "info": "Brunnentyp: Brunnen (Trinkwasserversorgung)",
        "category": "Straßenbrunnen",
        "source": "Öffentlicher Datensatz Berlins"
      }
    },
    {
      "type": "Feature",
      "geometry": {
        "type": "Point",
        "coordinates": [
          13.25847389,
          52.52887314
        ]
      },
      "properties": {
        "name": "Brunnen",
        "info": "Brunnentyp: Brunnen (Trinkwasserversorgung)",
        "category": "Straßenbrunnen",
        "source": "Öffentlicher Datensatz Berlins"
      }
    },
    {
      "type": "Feature",
      "geometry": {
        "type": "Point",
        "coordinates": [
          13.25369457,
          52.52865283
        ]
      },
      "properties": {
        "name": "Brunnen",
        "info": "Brunnentyp: Brunnen (Trinkwasserversorgung)",
        "category": "Straßenbrunnen",
        "source": "Öffentlicher Datensatz Berlins"
      }
    },
    {
      "type": "Feature",
      "geometry": {
        "type": "Point",
        "coordinates": [
          13.25425429,
          52.52864303
        ]
      },
      "properties": {
        "name": "Brunnen",
        "info": "Brunnentyp: Brunnen (Trinkwasserversorgung)",
        "category": "Straßenbrunnen",
        "source": "Öffentlicher Datensatz Berlins"
      }
    },
    {
      "type": "Feature",
      "geometry": {
        "type": "Point",
        "coordinates": [
          13.25846133,
          52.53157645
        ]
      },
      "properties": {
        "name": "Brunnen",
        "info": "Brunnentyp: Brunnen (Trinkwasserversorgung)",
        "category": "Straßenbrunnen",
        "source": "Öffentlicher Datensatz Berlins"
      }
    },
    {
      "type": "Feature",
      "geometry": {
        "type": "Point",
        "coordinates": [
          13.2582984,
          52.53006546
        ]
      },
      "properties": {
        "name": "Brunnen",
        "info": "Brunnentyp: Brunnen (Trinkwasserversorgung)",
        "category": "Straßenbrunnen",
        "source": "Öffentlicher Datensatz Berlins"
      }
    },
    {
      "type": "Feature",
      "geometry": {
        "type": "Point",
        "coordinates": [
          13.30479783,
          52.52614842
        ]
      },
      "properties": {
        "name": "Brunnen",
        "info": "Brunnentyp: Brunnen",
        "category": "Straßenbrunnen",
        "source": "Öffentlicher Datensatz Berlins"
      }
    },
    {
      "type": "Feature",
      "geometry": {
        "type": "Point",
        "coordinates": [
          13.25287239,
          52.5286417
        ]
      },
      "properties": {
        "name": "Brunnen",
        "info": "Brunnentyp: Brunnen (Trinkwasserversorgung)",
        "category": "Straßenbrunnen",
        "source": "Öffentlicher Datensatz Berlins"
      }
    },
    {
      "type": "Feature",
      "geometry": {
        "type": "Point",
        "coordinates": [
          13.26661841,
          52.53186827
        ]
      },
      "properties": {
        "name": "Brunnen",
        "info": "Brunnentyp: Brunnen (Trinkwasserversorgung)",
        "category": "Straßenbrunnen",
        "source": "Öffentlicher Datensatz Berlins"
      }
    },
    {
      "type": "Feature",
      "geometry": {
        "type": "Point",
        "coordinates": [
          13.26043848,
          52.53278331
        ]
      },
      "properties": {
        "name": "Brunnen",
        "info": "Brunnentyp: Brunnen (Trinkwasserversorgung)",
        "category": "Straßenbrunnen",
        "source": "Öffentlicher Datensatz Berlins"
      }
    },
    {
      "type": "Feature",
      "geometry": {
        "type": "Point",
        "coordinates": [
          13.25282499,
          52.52872394
        ]
      },
      "properties": {
        "name": "Brunnen",
        "info": "Brunnentyp: Brunnen (Trinkwasserversorgung)",
        "category": "Straßenbrunnen",
        "source": "Öffentlicher Datensatz Berlins"
      }
    },
    {
      "type": "Feature",
      "geometry": {
        "type": "Point",
        "coordinates": [
          13.26490169,
          52.5299171
        ]
      },
      "properties": {
        "name": "Brunnen",
        "info": "Brunnentyp: Brunnen (Trinkwasserversorgung)",
        "category": "Straßenbrunnen",
        "source": "Öffentlicher Datensatz Berlins"
      }
    },
    {
      "type": "Feature",
      "geometry": {
        "type": "Point",
        "coordinates": [
          13.26002314,
          52.53254553
        ]
      },
      "properties": {
        "name": "Brunnen",
        "info": "Brunnentyp: Brunnen (Trinkwasserversorgung)",
        "category": "Straßenbrunnen",
        "source": "Öffentlicher Datensatz Berlins"
      }
    },
    {
      "type": "Feature",
      "geometry": {
        "type": "Point",
        "coordinates": [
          13.25941327,
          52.52920764
        ]
      },
      "properties": {
        "name": "Brunnen",
        "info": "Brunnentyp: Brunnen (Trinkwasserversorgung)",
        "category": "Straßenbrunnen",
        "source": "Öffentlicher Datensatz Berlins"
      }
    },
    {
      "type": "Feature",
      "geometry": {
        "type": "Point",
        "coordinates": [
          13.25428472,
          52.52856302
        ]
      },
      "properties": {
        "name": "Brunnen",
        "info": "Brunnentyp: Brunnen (Trinkwasserversorgung)",
        "category": "Straßenbrunnen",
        "source": "Öffentlicher Datensatz Berlins"
      }
    },
    {
      "type": "Feature",
      "geometry": {
        "type": "Point",
        "coordinates": [
          13.26430819,
          52.52986398
        ]
      },
      "properties": {
        "name": "Brunnen",
        "info": "Brunnentyp: Brunnen (Trinkwasserversorgung)",
        "category": "Straßenbrunnen",
        "source": "Öffentlicher Datensatz Berlins"
      }
    },
    {
      "type": "Feature",
      "geometry": {
        "type": "Point",
        "coordinates": [
          13.26546124,
          52.52998278
        ]
      },
      "properties": {
        "name": "Brunnen",
        "info": "Brunnentyp: Brunnen (Trinkwasserversorgung)",
        "category": "Straßenbrunnen",
        "source": "Öffentlicher Datensatz Berlins"
      }
    },
    {
      "type": "Feature",
      "geometry": {
        "type": "Point",
        "coordinates": [
          13.26313974,
          52.53283382
        ]
      },
      "properties": {
        "name": "Brunnen",
        "info": "Brunnentyp: Brunnen (Trinkwasserversorgung)",
        "category": "Straßenbrunnen",
        "source": "Öffentlicher Datensatz Berlins"
      }
    },
    {
      "type": "Feature",
      "geometry": {
        "type": "Point",
        "coordinates": [
          13.26135239,
          52.52963206
        ]
      },
      "properties": {
        "name": "Brunnen",
        "info": "Brunnentyp: Brunnen (Trinkwasserversorgung)",
        "category": "Straßenbrunnen",
        "source": "Öffentlicher Datensatz Berlins"
      }
    },
    {
      "type": "Feature",
      "geometry": {
        "type": "Point",
        "coordinates": [
          13.26576065,
          52.53030409
        ]
      },
      "properties": {
        "name": "Brunnen",
        "info": "Brunnentyp: Brunnen (Trinkwasserversorgung)",
        "category": "Straßenbrunnen",
        "source": "Öffentlicher Datensatz Berlins"
      }
    },
    {
      "type": "Feature",
      "geometry": {
        "type": "Point",
        "coordinates": [
          13.32333109,
          52.51069453
        ]
      },
      "properties": {
        "name": "Brunnen",
        "info": "Brunnentyp: Brunnen",
        "category": "Straßenbrunnen",
        "source": "Öffentlicher Datensatz Berlins"
      }
    },
    {
      "type": "Feature",
      "geometry": {
        "type": "Point",
        "coordinates": [
          13.26631419,
          52.53235544
        ]
      },
      "properties": {
        "name": "Brunnen",
        "info": "Brunnentyp: Brunnen (Trinkwasserversorgung)",
        "category": "Straßenbrunnen",
        "source": "Öffentlicher Datensatz Berlins"
      }
    },
    {
      "type": "Feature",
      "geometry": {
        "type": "Point",
        "coordinates": [
          13.29474988,
          52.51327276
        ]
      },
      "properties": {
        "name": "Brunnen",
        "info": "Brunnentyp: Brunnen",
        "category": "Straßenbrunnen",
        "source": "Öffentlicher Datensatz Berlins"
      }
    },
    {
      "type": "Feature",
      "geometry": {
        "type": "Point",
        "coordinates": [
          13.46092562,
          52.55535289
        ]
      },
      "properties": {
        "name": "Brunnen",
        "info": "Brunnentyp: Brunnen",
        "category": "Straßenbrunnen",
        "source": "Öffentlicher Datensatz Berlins"
      }
    },
    {
      "type": "Feature",
      "geometry": {
        "type": "Point",
        "coordinates": [
          13.46411751,
          52.55420959
        ]
      },
      "properties": {
        "name": "Brunnen",
        "info": "Brunnentyp: Brunnen",
        "category": "Straßenbrunnen",
        "source": "Öffentlicher Datensatz Berlins"
      }
    },
    {
      "type": "Feature",
      "geometry": {
        "type": "Point",
        "coordinates": [
          13.6194373,
          52.43307706
        ]
      },
      "properties": {
        "name": "Brunnen",
        "info": "Brunnentyp: Brunnen (Trinkwasserversorgung)",
        "category": "Straßenbrunnen",
        "source": "Öffentlicher Datensatz Berlins"
      }
    },
    {
      "type": "Feature",
      "geometry": {
        "type": "Point",
        "coordinates": [
          13.65523513,
          52.42651116
        ]
      },
      "properties": {
        "name": "Brunnen",
        "info": "Brunnentyp: Brunnen (Trinkwasserversorgung)",
        "category": "Straßenbrunnen",
        "source": "Öffentlicher Datensatz Berlins"
      }
    },
    {
      "type": "Feature",
      "geometry": {
        "type": "Point",
        "coordinates": [
          13.61938726,
          52.43605614
        ]
      },
      "properties": {
        "name": "Brunnen",
        "info": "Brunnentyp: Brunnen (Trinkwasserversorgung)",
        "category": "Straßenbrunnen",
        "source": "Öffentlicher Datensatz Berlins"
      }
    },
    {
      "type": "Feature",
      "geometry": {
        "type": "Point",
        "coordinates": [
          13.62007816,
          52.43992971
        ]
      },
      "properties": {
        "name": "Brunnen",
        "info": "Brunnentyp: Brunnen (Trinkwasserversorgung)",
        "category": "Straßenbrunnen",
        "source": "Öffentlicher Datensatz Berlins"
      }
    },
    {
      "type": "Feature",
      "geometry": {
        "type": "Point",
        "coordinates": [
          13.6051106,
          52.40817824
        ]
      },
      "properties": {
        "name": "Brunnen",
        "info": "Brunnentyp: Brunnen (Trinkwasserversorgung)",
        "category": "Straßenbrunnen",
        "source": "Öffentlicher Datensatz Berlins"
      }
    },
    {
      "type": "Feature",
      "geometry": {
        "type": "Point",
        "coordinates": [
          13.60801175,
          52.41307265
        ]
      },
      "properties": {
        "name": "Brunnen",
        "info": "Brunnentyp: Brunnen (Trinkwasserversorgung)",
        "category": "Straßenbrunnen",
        "source": "Öffentlicher Datensatz Berlins"
      }
    },
    {
      "type": "Feature",
      "geometry": {
        "type": "Point",
        "coordinates": [
          13.60866346,
          52.40725582
        ]
      },
      "properties": {
        "name": "Brunnen",
        "info": "Brunnentyp: Brunnen (Trinkwasserversorgung)",
        "category": "Straßenbrunnen",
        "source": "Öffentlicher Datensatz Berlins"
      }
    },
    {
      "type": "Feature",
      "geometry": {
        "type": "Point",
        "coordinates": [
          13.61424498,
          52.40578753
        ]
      },
      "properties": {
        "name": "Brunnen",
        "info": "Brunnentyp: Brunnen (Trinkwasserversorgung)",
        "category": "Straßenbrunnen",
        "source": "Öffentlicher Datensatz Berlins"
      }
    },
    {
      "type": "Feature",
      "geometry": {
        "type": "Point",
        "coordinates": [
          13.61341344,
          52.41203213
        ]
      },
      "properties": {
        "name": "Brunnen",
        "info": "Brunnentyp: Brunnen (Trinkwasserversorgung)",
        "category": "Straßenbrunnen",
        "source": "Öffentlicher Datensatz Berlins"
      }
    },
    {
      "type": "Feature",
      "geometry": {
        "type": "Point",
        "coordinates": [
          13.65946114,
          52.42925074
        ]
      },
      "properties": {
        "name": "Brunnen",
        "info": "Brunnentyp: Brunnen (Trinkwasserversorgung)",
        "category": "Straßenbrunnen",
        "source": "Öffentlicher Datensatz Berlins"
      }
    },
    {
      "type": "Feature",
      "geometry": {
        "type": "Point",
        "coordinates": [
          13.60727244,
          52.41373077
        ]
      },
      "properties": {
        "name": "Brunnen",
        "info": "Brunnentyp: Brunnen (Trinkwasserversorgung)",
        "category": "Straßenbrunnen",
        "source": "Öffentlicher Datensatz Berlins"
      }
    },
    {
      "type": "Feature",
      "geometry": {
        "type": "Point",
        "coordinates": [
          13.62101546,
          52.44125287
        ]
      },
      "properties": {
        "name": "Brunnen",
        "info": "Brunnentyp: Brunnen (Trinkwasserversorgung)",
        "category": "Straßenbrunnen",
        "source": "Öffentlicher Datensatz Berlins"
      }
    },
    {
      "type": "Feature",
      "geometry": {
        "type": "Point",
        "coordinates": [
          13.65676294,
          52.42747819
        ]
      },
      "properties": {
        "name": "Brunnen",
        "info": "Brunnentyp: Brunnen (Trinkwasserversorgung)",
        "category": "Straßenbrunnen",
        "source": "Öffentlicher Datensatz Berlins"
      }
    },
    {
      "type": "Feature",
      "geometry": {
        "type": "Point",
        "coordinates": [
          13.62069764,
          52.44027105
        ]
      },
      "properties": {
        "name": "Brunnen",
        "info": "Brunnentyp: Brunnen (Trinkwasserversorgung)",
        "category": "Straßenbrunnen",
        "source": "Öffentlicher Datensatz Berlins"
      }
    },
    {
      "type": "Feature",
      "geometry": {
        "type": "Point",
        "coordinates": [
          13.62007506,
          52.40532432
        ]
      },
      "properties": {
        "name": "Brunnen",
        "info": "Brunnentyp: Brunnen (Trinkwasserversorgung)",
        "category": "Straßenbrunnen",
        "source": "Öffentlicher Datensatz Berlins"
      }
    },
    {
      "type": "Feature",
      "geometry": {
        "type": "Point",
        "coordinates": [
          13.65885951,
          52.42886194
        ]
      },
      "properties": {
        "name": "Brunnen",
        "info": "Brunnentyp: Brunnen (Trinkwasserversorgung)",
        "category": "Straßenbrunnen",
        "source": "Öffentlicher Datensatz Berlins"
      }
    },
    {
      "type": "Feature",
      "geometry": {
        "type": "Point",
        "coordinates": [
          13.64948574,
          52.42390611
        ]
      },
      "properties": {
        "name": "Brunnen",
        "info": "Brunnentyp: Brunnen (Trinkwasserversorgung)",
        "category": "Straßenbrunnen",
        "source": "Öffentlicher Datensatz Berlins"
      }
    },
    {
      "type": "Feature",
      "geometry": {
        "type": "Point",
        "coordinates": [
          13.64586618,
          52.44742925
        ]
      },
      "properties": {
        "name": "Brunnen",
        "info": "Brunnentyp: Brunnen (Trinkwasserversorgung)",
        "category": "Straßenbrunnen",
        "source": "Öffentlicher Datensatz Berlins"
      }
    },
    {
      "type": "Feature",
      "geometry": {
        "type": "Point",
        "coordinates": [
          13.61932905,
          52.43395794
        ]
      },
      "properties": {
        "name": "Brunnen",
        "info": "Brunnentyp: Brunnen (Trinkwasserversorgung)",
        "category": "Straßenbrunnen",
        "source": "Öffentlicher Datensatz Berlins"
      }
    },
    {
      "type": "Feature",
      "geometry": {
        "type": "Point",
        "coordinates": [
          13.6425303,
          52.4000212
        ]
      },
      "properties": {
        "name": "Brunnen",
        "info": "Brunnentyp: Brunnen (Trinkwasserversorgung)",
        "category": "Straßenbrunnen",
        "source": "Öffentlicher Datensatz Berlins"
      }
    },
    {
      "type": "Feature",
      "geometry": {
        "type": "Point",
        "coordinates": [
          13.66330168,
          52.43045909
        ]
      },
      "properties": {
        "name": "Brunnen",
        "info": "Brunnentyp: Brunnen (Trinkwasserversorgung)",
        "category": "Straßenbrunnen",
        "source": "Öffentlicher Datensatz Berlins"
      }
    },
    {
      "type": "Feature",
      "geometry": {
        "type": "Point",
        "coordinates": [
          13.61921757,
          52.43736892
        ]
      },
      "properties": {
        "name": "Brunnen",
        "info": "Brunnentyp: Brunnen (Trinkwasserversorgung)",
        "category": "Straßenbrunnen",
        "source": "Öffentlicher Datensatz Berlins"
      }
    },
    {
      "type": "Feature",
      "geometry": {
        "type": "Point",
        "coordinates": [
          13.64298288,
          52.44693887
        ]
      },
      "properties": {
        "name": "Brunnen",
        "info": "Brunnentyp: Brunnen (Trinkwasserversorgung)",
        "category": "Straßenbrunnen",
        "source": "Öffentlicher Datensatz Berlins"
      }
    },
    {
      "type": "Feature",
      "geometry": {
        "type": "Point",
        "coordinates": [
          13.64247584,
          52.44686824
        ]
      },
      "properties": {
        "name": "Brunnen",
        "info": "Brunnentyp: Brunnen (Trinkwasserversorgung)",
        "category": "Straßenbrunnen",
        "source": "Öffentlicher Datensatz Berlins"
      }
    },
    {
      "type": "Feature",
      "geometry": {
        "type": "Point",
        "coordinates": [
          13.65282633,
          52.42501162
        ]
      },
      "properties": {
        "name": "Brunnen",
        "info": "Brunnentyp: Brunnen (Trinkwasserversorgung)",
        "category": "Straßenbrunnen",
        "source": "Öffentlicher Datensatz Berlins"
      }
    },
    {
      "type": "Feature",
      "geometry": {
        "type": "Point",
        "coordinates": [
          13.64081165,
          52.40201347
        ]
      },
      "properties": {
        "name": "Brunnen",
        "info": "Brunnentyp: Brunnen (Trinkwasserversorgung)",
        "category": "Straßenbrunnen",
        "source": "Öffentlicher Datensatz Berlins"
      }
    },
    {
      "type": "Feature",
      "geometry": {
        "type": "Point",
        "coordinates": [
          13.60669928,
          52.41439752
        ]
      },
      "properties": {
        "name": "Brunnen",
        "info": "Brunnentyp: Brunnen (Trinkwasserversorgung)",
        "category": "Straßenbrunnen",
        "source": "Öffentlicher Datensatz Berlins"
      }
    },
    {
      "type": "Feature",
      "geometry": {
        "type": "Point",
        "coordinates": [
          13.61652709,
          52.40585613
        ]
      },
      "properties": {
        "name": "Brunnen",
        "info": "Brunnentyp: Brunnen (Trinkwasserversorgung)",
        "category": "Straßenbrunnen",
        "source": "Öffentlicher Datensatz Berlins"
      }
    },
    {
      "type": "Feature",
      "geometry": {
        "type": "Point",
        "coordinates": [
          13.62146783,
          52.41193557
        ]
      },
      "properties": {
        "name": "Brunnen",
        "info": "Brunnentyp: Brunnen (Trinkwasserversorgung)",
        "category": "Straßenbrunnen",
        "source": "Öffentlicher Datensatz Berlins"
      }
    },
    {
      "type": "Feature",
      "geometry": {
        "type": "Point",
        "coordinates": [
          13.61215295,
          52.40586119
        ]
      },
      "properties": {
        "name": "Brunnen",
        "info": "Brunnentyp: Brunnen (Trinkwasserversorgung)",
        "category": "Straßenbrunnen",
        "source": "Öffentlicher Datensatz Berlins"
      }
    },
    {
      "type": "Feature",
      "geometry": {
        "type": "Point",
        "coordinates": [
          13.62371974,
          52.4008719
        ]
      },
      "properties": {
        "name": "Brunnen",
        "info": "Brunnentyp: Brunnen (Trinkwasserversorgung)",
        "category": "Straßenbrunnen",
        "source": "Öffentlicher Datensatz Berlins"
      }
    },
    {
      "type": "Feature",
      "geometry": {
        "type": "Point",
        "coordinates": [
          13.60221272,
          52.40894066
        ]
      },
      "properties": {
        "name": "Brunnen",
        "info": "Brunnentyp: Brunnen (Trinkwasserversorgung)",
        "category": "Straßenbrunnen",
        "source": "Öffentlicher Datensatz Berlins"
      }
    },
    {
      "type": "Feature",
      "geometry": {
        "type": "Point",
        "coordinates": [
          13.66115041,
          52.42998314
        ]
      },
      "properties": {
        "name": "Brunnen",
        "info": "Brunnentyp: Brunnen (Trinkwasserversorgung)",
        "category": "Straßenbrunnen",
        "source": "Öffentlicher Datensatz Berlins"
      }
    },
    {
      "type": "Feature",
      "geometry": {
        "type": "Point",
        "coordinates": [
          13.64455669,
          52.44719795
        ]
      },
      "properties": {
        "name": "Brunnen",
        "info": "Brunnentyp: Brunnen (Trinkwasserversorgung)",
        "category": "Straßenbrunnen",
        "source": "Öffentlicher Datensatz Berlins"
      }
    },
    {
      "type": "Feature",
      "geometry": {
        "type": "Point",
        "coordinates": [
          13.61639551,
          52.41151128
        ]
      },
      "properties": {
        "name": "Brunnen",
        "info": "Brunnentyp: Brunnen (Trinkwasserversorgung)",
        "category": "Straßenbrunnen",
        "source": "Öffentlicher Datensatz Berlins"
      }
    },
    {
      "type": "Feature",
      "geometry": {
        "type": "Point",
        "coordinates": [
          13.6196844,
          52.43769857
        ]
      },
      "properties": {
        "name": "Brunnen",
        "info": "Brunnentyp: Brunnen (Trinkwasserversorgung)",
        "category": "Straßenbrunnen",
        "source": "Öffentlicher Datensatz Berlins"
      }
    },
    {
      "type": "Feature",
      "geometry": {
        "type": "Point",
        "coordinates": [
          13.6196327,
          52.43913985
        ]
      },
      "properties": {
        "name": "Brunnen",
        "info": "Brunnentyp: Brunnen (Trinkwasserversorgung)",
        "category": "Straßenbrunnen",
        "source": "Öffentlicher Datensatz Berlins"
      }
    },
    {
      "type": "Feature",
      "geometry": {
        "type": "Point",
        "coordinates": [
          13.6216415,
          52.44282288
        ]
      },
      "properties": {
        "name": "Brunnen",
        "info": "Brunnentyp: Brunnen (Trinkwasserversorgung)",
        "category": "Straßenbrunnen",
        "source": "Öffentlicher Datensatz Berlins"
      }
    },
    {
      "type": "Feature",
      "geometry": {
        "type": "Point",
        "coordinates": [
          13.62264121,
          52.40190972
        ]
      },
      "properties": {
        "name": "Brunnen",
        "info": "Brunnentyp: Brunnen (Trinkwasserversorgung)",
        "category": "Straßenbrunnen",
        "source": "Öffentlicher Datensatz Berlins"
      }
    },
    {
      "type": "Feature",
      "geometry": {
        "type": "Point",
        "coordinates": [
          13.62529328,
          52.39874275
        ]
      },
      "properties": {
        "name": "Brunnen",
        "info": "Brunnentyp: Brunnen (Trinkwasserversorgung)",
        "category": "Straßenbrunnen",
        "source": "Öffentlicher Datensatz Berlins"
      }
    },
    {
      "type": "Feature",
      "geometry": {
        "type": "Point",
        "coordinates": [
          13.64614382,
          52.44772372
        ]
      },
      "properties": {
        "name": "Brunnen",
        "info": "Brunnentyp: Brunnen (Trinkwasserversorgung)",
        "category": "Straßenbrunnen",
        "source": "Öffentlicher Datensatz Berlins"
      }
    },
    {
      "type": "Feature",
      "geometry": {
        "type": "Point",
        "coordinates": [
          13.64198082,
          52.40112001
        ]
      },
      "properties": {
        "name": "Brunnen",
        "info": "Brunnentyp: Brunnen (Trinkwasserversorgung)",
        "category": "Straßenbrunnen",
        "source": "Öffentlicher Datensatz Berlins"
      }
    },
    {
      "type": "Feature",
      "geometry": {
        "type": "Point",
        "coordinates": [
          13.60368336,
          52.40842524
        ]
      },
      "properties": {
        "name": "Brunnen",
        "info": "Brunnentyp: Brunnen (Trinkwasserversorgung)",
        "category": "Straßenbrunnen",
        "source": "Öffentlicher Datensatz Berlins"
      }
    },
    {
      "type": "Feature",
      "geometry": {
        "type": "Point",
        "coordinates": [
          13.64288562,
          52.39916897
        ]
      },
      "properties": {
        "name": "Brunnen",
        "info": "Brunnentyp: Brunnen (Trinkwasserversorgung)",
        "category": "Straßenbrunnen",
        "source": "Öffentlicher Datensatz Berlins"
      }
    },
    {
      "type": "Feature",
      "geometry": {
        "type": "Point",
        "coordinates": [
          13.61484858,
          52.4115376
        ]
      },
      "properties": {
        "name": "Brunnen",
        "info": "Brunnentyp: Brunnen (Trinkwasserversorgung)",
        "category": "Straßenbrunnen",
        "source": "Öffentlicher Datensatz Berlins"
      }
    },
    {
      "type": "Feature",
      "geometry": {
        "type": "Point",
        "coordinates": [
          13.61798504,
          52.41177524
        ]
      },
      "properties": {
        "name": "Brunnen",
        "info": "Brunnentyp: Brunnen (Trinkwasserversorgung)",
        "category": "Straßenbrunnen",
        "source": "Öffentlicher Datensatz Berlins"
      }
    },
    {
      "type": "Feature",
      "geometry": {
        "type": "Point",
        "coordinates": [
          13.61943622,
          52.43698458
        ]
      },
      "properties": {
        "name": "Brunnen",
        "info": "Brunnentyp: Brunnen (Trinkwasserversorgung)",
        "category": "Straßenbrunnen",
        "source": "Öffentlicher Datensatz Berlins"
      }
    },
    {
      "type": "Feature",
      "geometry": {
        "type": "Point",
        "coordinates": [
          13.64297121,
          52.42480961
        ]
      },
      "properties": {
        "name": "Brunnen",
        "info": "Brunnentyp: Brunnen (Trinkwasserversorgung)",
        "category": "Straßenbrunnen",
        "source": "Öffentlicher Datensatz Berlins"
      }
    },
    {
      "type": "Feature",
      "geometry": {
        "type": "Point",
        "coordinates": [
          13.61194455,
          52.41241721
        ]
      },
      "properties": {
        "name": "Brunnen",
        "info": "Brunnentyp: Brunnen (Trinkwasserversorgung)",
        "category": "Straßenbrunnen",
        "source": "Öffentlicher Datensatz Berlins"
      }
    },
    {
      "type": "Feature",
      "geometry": {
        "type": "Point",
        "coordinates": [
          13.64675948,
          52.44811129
        ]
      },
      "properties": {
        "name": "Brunnen",
        "info": "Brunnentyp: Brunnen (Trinkwasserversorgung)",
        "category": "Straßenbrunnen",
        "source": "Öffentlicher Datensatz Berlins"
      }
    },
    {
      "type": "Feature",
      "geometry": {
        "type": "Point",
        "coordinates": [
          13.654547,
          52.42602633
        ]
      },
      "properties": {
        "name": "Brunnen",
        "info": "Brunnentyp: Brunnen (Trinkwasserversorgung)",
        "category": "Straßenbrunnen",
        "source": "Öffentlicher Datensatz Berlins"
      }
    },
    {
      "type": "Feature",
      "geometry": {
        "type": "Point",
        "coordinates": [
          13.6008784,
          52.40951138
        ]
      },
      "properties": {
        "name": "Brunnen",
        "info": "Brunnentyp: Brunnen (Trinkwasserversorgung)",
        "category": "Straßenbrunnen",
        "source": "Öffentlicher Datensatz Berlins"
      }
    },
    {
      "type": "Feature",
      "geometry": {
        "type": "Point",
        "coordinates": [
          13.61916297,
          52.43454019
        ]
      },
      "properties": {
        "name": "Brunnen",
        "info": "Brunnentyp: Brunnen (Trinkwasserversorgung)",
        "category": "Straßenbrunnen",
        "source": "Öffentlicher Datensatz Berlins"
      }
    },
    {
      "type": "Feature",
      "geometry": {
        "type": "Point",
        "coordinates": [
          13.62414192,
          52.4000845
        ]
      },
      "properties": {
        "name": "Brunnen",
        "info": "Brunnentyp: Brunnen (Trinkwasserversorgung)",
        "category": "Straßenbrunnen",
        "source": "Öffentlicher Datensatz Berlins"
      }
    },
    {
      "type": "Feature",
      "geometry": {
        "type": "Point",
        "coordinates": [
          13.6415422,
          52.44675009
        ]
      },
      "properties": {
        "name": "Brunnen",
        "info": "Brunnentyp: Brunnen (Trinkwasserversorgung)",
        "category": "Straßenbrunnen",
        "source": "Öffentlicher Datensatz Berlins"
      }
    },
    {
      "type": "Feature",
      "geometry": {
        "type": "Point",
        "coordinates": [
          13.63934545,
          52.40275113
        ]
      },
      "properties": {
        "name": "Brunnen",
        "info": "Brunnentyp: Brunnen (Trinkwasserversorgung)",
        "category": "Straßenbrunnen",
        "source": "Öffentlicher Datensatz Berlins"
      }
    },
    {
      "type": "Feature",
      "geometry": {
        "type": "Point",
        "coordinates": [
          13.65375364,
          52.42552917
        ]
      },
      "properties": {
        "name": "Brunnen",
        "info": "Brunnentyp: Brunnen (Trinkwasserversorgung)",
        "category": "Straßenbrunnen",
        "source": "Öffentlicher Datensatz Berlins"
      }
    },
    {
      "type": "Feature",
      "geometry": {
        "type": "Point",
        "coordinates": [
          13.6208054,
          52.44082282
        ]
      },
      "properties": {
        "name": "Brunnen",
        "info": "Brunnentyp: Brunnen (Trinkwasserversorgung)",
        "category": "Straßenbrunnen",
        "source": "Öffentlicher Datensatz Berlins"
      }
    },
    {
      "type": "Feature",
      "geometry": {
        "type": "Point",
        "coordinates": [
          13.64475904,
          52.42450228
        ]
      },
      "properties": {
        "name": "Brunnen",
        "info": "Brunnentyp: Brunnen (Trinkwasserversorgung)",
        "category": "Straßenbrunnen",
        "source": "Öffentlicher Datensatz Berlins"
      }
    },
    {
      "type": "Feature",
      "geometry": {
        "type": "Point",
        "coordinates": [
          13.65596998,
          52.42692978
        ]
      },
      "properties": {
        "name": "Brunnen",
        "info": "Brunnentyp: Brunnen (Trinkwasserversorgung)",
        "category": "Straßenbrunnen",
        "source": "Öffentlicher Datensatz Berlins"
      }
    },
    {
      "type": "Feature",
      "geometry": {
        "type": "Point",
        "coordinates": [
          13.60231927,
          52.41565692
        ]
      },
      "properties": {
        "name": "Brunnen",
        "info": "Brunnentyp: Brunnen (Trinkwasserversorgung)",
        "category": "Straßenbrunnen",
        "source": "Öffentlicher Datensatz Berlins"
      }
    },
    {
      "type": "Feature",
      "geometry": {
        "type": "Point",
        "coordinates": [
          13.66410431,
          52.43061006
        ]
      },
      "properties": {
        "name": "Brunnen",
        "info": "Brunnentyp: Brunnen (Trinkwasserversorgung)",
        "category": "Straßenbrunnen",
        "source": "Öffentlicher Datensatz Berlins"
      }
    },
    {
      "type": "Feature",
      "geometry": {
        "type": "Point",
        "coordinates": [
          13.59207519,
          52.44017082
        ]
      },
      "properties": {
        "name": "Brunnen",
        "info": "Brunnentyp: Brunnen",
        "category": "Straßenbrunnen",
        "source": "Öffentlicher Datensatz Berlins"
      }
    },
    {
      "type": "Feature",
      "geometry": {
        "type": "Point",
        "coordinates": [
          13.6068923,
          52.40775104
        ]
      },
      "properties": {
        "name": "Brunnen",
        "info": "Brunnentyp: Brunnen (Trinkwasserversorgung)",
        "category": "Straßenbrunnen",
        "source": "Öffentlicher Datensatz Berlins"
      }
    },
    {
      "type": "Feature",
      "geometry": {
        "type": "Point",
        "coordinates": [
          13.65831301,
          52.42833096
        ]
      },
      "properties": {
        "name": "Brunnen",
        "info": "Brunnentyp: Brunnen (Trinkwasserversorgung)",
        "category": "Straßenbrunnen",
        "source": "Öffentlicher Datensatz Berlins"
      }
    },
    {
      "type": "Feature",
      "geometry": {
        "type": "Point",
        "coordinates": [
          13.62038738,
          52.44282904
        ]
      },
      "properties": {
        "name": "Brunnen",
        "info": "Brunnentyp: Brunnen (Trinkwasserversorgung)",
        "category": "Straßenbrunnen",
        "source": "Öffentlicher Datensatz Berlins"
      }
    },
    {
      "type": "Feature",
      "geometry": {
        "type": "Point",
        "coordinates": [
          13.61929859,
          52.43350922
        ]
      },
      "properties": {
        "name": "Brunnen",
        "info": "Brunnentyp: Brunnen (Trinkwasserversorgung)",
        "category": "Straßenbrunnen",
        "source": "Öffentlicher Datensatz Berlins"
      }
    },
    {
      "type": "Feature",
      "geometry": {
        "type": "Point",
        "coordinates": [
          13.61929494,
          52.43661069
        ]
      },
      "properties": {
        "name": "Brunnen",
        "info": "Brunnentyp: Brunnen (Trinkwasserversorgung)",
        "category": "Straßenbrunnen",
        "source": "Öffentlicher Datensatz Berlins"
      }
    },
    {
      "type": "Feature",
      "geometry": {
        "type": "Point",
        "coordinates": [
          13.6193408,
          52.4357009
        ]
      },
      "properties": {
        "name": "Brunnen",
        "info": "Brunnentyp: Brunnen (Trinkwasserversorgung)",
        "category": "Straßenbrunnen",
        "source": "Öffentlicher Datensatz Berlins"
      }
    },
    {
      "type": "Feature",
      "geometry": {
        "type": "Point",
        "coordinates": [
          13.6513175,
          52.42412812
        ]
      },
      "properties": {
        "name": "Brunnen",
        "info": "Brunnentyp: Brunnen (Trinkwasserversorgung)",
        "category": "Straßenbrunnen",
        "source": "Öffentlicher Datensatz Berlins"
      }
    },
    {
      "type": "Feature",
      "geometry": {
        "type": "Point",
        "coordinates": [
          13.61857416,
          52.40589114
        ]
      },
      "properties": {
        "name": "Brunnen",
        "info": "Brunnentyp: Brunnen (Trinkwasserversorgung)",
        "category": "Straßenbrunnen",
        "source": "Öffentlicher Datensatz Berlins"
      }
    },
    {
      "type": "Feature",
      "geometry": {
        "type": "Point",
        "coordinates": [
          13.66221325,
          52.43023913
        ]
      },
      "properties": {
        "name": "Brunnen",
        "info": "Brunnentyp: Brunnen (Trinkwasserversorgung)",
        "category": "Straßenbrunnen",
        "source": "Öffentlicher Datensatz Berlins"
      }
    },
    {
      "type": "Feature",
      "geometry": {
        "type": "Point",
        "coordinates": [
          13.61943297,
          52.43858829
        ]
      },
      "properties": {
        "name": "Brunnen",
        "info": "Brunnentyp: Brunnen (Trinkwasserversorgung)",
        "category": "Straßenbrunnen",
        "source": "Öffentlicher Datensatz Berlins"
      }
    },
    {
      "type": "Feature",
      "geometry": {
        "type": "Point",
        "coordinates": [
          13.66013467,
          52.42973556
        ]
      },
      "properties": {
        "name": "Brunnen",
        "info": "Brunnentyp: Brunnen (Trinkwasserversorgung)",
        "category": "Straßenbrunnen",
        "source": "Öffentlicher Datensatz Berlins"
      }
    },
    {
      "type": "Feature",
      "geometry": {
        "type": "Point",
        "coordinates": [
          13.64527248,
          52.44731567
        ]
      },
      "properties": {
        "name": "Brunnen",
        "info": "Brunnentyp: Brunnen (Trinkwasserversorgung)",
        "category": "Straßenbrunnen",
        "source": "Öffentlicher Datensatz Berlins"
      }
    },
    {
      "type": "Feature",
      "geometry": {
        "type": "Point",
        "coordinates": [
          13.6103465,
          52.40636982
        ]
      },
      "properties": {
        "name": "Brunnen",
        "info": "Brunnentyp: Brunnen (Trinkwasserversorgung)",
        "category": "Straßenbrunnen",
        "source": "Öffentlicher Datensatz Berlins"
      }
    },
    {
      "type": "Feature",
      "geometry": {
        "type": "Point",
        "coordinates": [
          13.60569238,
          52.4148501
        ]
      },
      "properties": {
        "name": "Brunnen",
        "info": "Brunnentyp: Brunnen (Trinkwasserversorgung)",
        "category": "Straßenbrunnen",
        "source": "Öffentlicher Datensatz Berlins"
      }
    },
    {
      "type": "Feature",
      "geometry": {
        "type": "Point",
        "coordinates": [
          13.61976722,
          52.43166304
        ]
      },
      "properties": {
        "name": "Brunnen",
        "info": "Brunnentyp: Brunnen (Trinkwasserversorgung)",
        "category": "Straßenbrunnen",
        "source": "Öffentlicher Datensatz Berlins"
      }
    },
    {
      "type": "Feature",
      "geometry": {
        "type": "Point",
        "coordinates": [
          13.65741569,
          52.427937
        ]
      },
      "properties": {
        "name": "Brunnen",
        "info": "Brunnentyp: Brunnen (Trinkwasserversorgung)",
        "category": "Straßenbrunnen",
        "source": "Öffentlicher Datensatz Berlins"
      }
    },
    {
      "type": "Feature",
      "geometry": {
        "type": "Point",
        "coordinates": [
          13.64375832,
          52.44705483
        ]
      },
      "properties": {
        "name": "Brunnen",
        "info": "Brunnentyp: Brunnen (Trinkwasserversorgung)",
        "category": "Straßenbrunnen",
        "source": "Öffentlicher Datensatz Berlins"
      }
    },
    {
      "type": "Feature",
      "geometry": {
        "type": "Point",
        "coordinates": [
          13.61941746,
          52.43505549
        ]
      },
      "properties": {
        "name": "Brunnen",
        "info": "Brunnentyp: Brunnen (Trinkwasserversorgung)",
        "category": "Straßenbrunnen",
        "source": "Öffentlicher Datensatz Berlins"
      }
    },
    {
      "type": "Feature",
      "geometry": {
        "type": "Point",
        "coordinates": [
          13.62273761,
          52.41227859
        ]
      },
      "properties": {
        "name": "Brunnen",
        "info": "Brunnentyp: Brunnen (Trinkwasserversorgung)",
        "category": "Straßenbrunnen",
        "source": "Öffentlicher Datensatz Berlins"
      }
    },
    {
      "type": "Feature",
      "geometry": {
        "type": "Point",
        "coordinates": [
          13.62172969,
          52.44292524
        ]
      },
      "properties": {
        "name": "Brunnen",
        "info": "Brunnentyp: Brunnen (Trinkwasserversorgung)",
        "category": "Straßenbrunnen",
        "source": "Öffentlicher Datensatz Berlins"
      }
    },
    {
      "type": "Feature",
      "geometry": {
        "type": "Point",
        "coordinates": [
          13.63544063,
          52.40350476
        ]
      },
      "properties": {
        "name": "Brunnen",
        "info": "Brunnentyp: Brunnen (Trinkwasserversorgung)",
        "category": "Straßenbrunnen",
        "source": "Öffentlicher Datensatz Berlins"
      }
    },
    {
      "type": "Feature",
      "geometry": {
        "type": "Point",
        "coordinates": [
          13.63913426,
          52.42525753
        ]
      },
      "properties": {
        "name": "Brunnen",
        "info": "Brunnentyp: Brunnen (Trinkwasserversorgung)",
        "category": "Straßenbrunnen",
        "source": "Öffentlicher Datensatz Berlins"
      }
    },
    {
      "type": "Feature",
      "geometry": {
        "type": "Point",
        "coordinates": [
          13.63761617,
          52.40315885
        ]
      },
      "properties": {
        "name": "Brunnen",
        "info": "Brunnentyp: Brunnen (Trinkwasserversorgung)",
        "category": "Straßenbrunnen",
        "source": "Öffentlicher Datensatz Berlins"
      }
    },
    {
      "type": "Feature",
      "geometry": {
        "type": "Point",
        "coordinates": [
          13.60458037,
          52.41510755
        ]
      },
      "properties": {
        "name": "Brunnen",
        "info": "Brunnentyp: Brunnen (Trinkwasserversorgung)",
        "category": "Straßenbrunnen",
        "source": "Öffentlicher Datensatz Berlins"
      }
    },
    {
      "type": "Feature",
      "geometry": {
        "type": "Point",
        "coordinates": [
          13.64634711,
          52.42425559
        ]
      },
      "properties": {
        "name": "Brunnen",
        "info": "Brunnentyp: Brunnen (Trinkwasserversorgung)",
        "category": "Straßenbrunnen",
        "source": "Öffentlicher Datensatz Berlins"
      }
    },
    {
      "type": "Feature",
      "geometry": {
        "type": "Point",
        "coordinates": [
          13.60341798,
          52.41540665
        ]
      },
      "properties": {
        "name": "Brunnen",
        "info": "Brunnentyp: Brunnen (Trinkwasserversorgung)",
        "category": "Straßenbrunnen",
        "source": "Öffentlicher Datensatz Berlins"
      }
    },
    {
      "type": "Feature",
      "geometry": {
        "type": "Point",
        "coordinates": [
          13.64094148,
          52.42513857
        ]
      },
      "properties": {
        "name": "Brunnen",
        "info": "Brunnentyp: Brunnen (Trinkwasserversorgung)",
        "category": "Straßenbrunnen",
        "source": "Öffentlicher Datensatz Berlins"
      }
    },
    {
      "type": "Feature",
      "geometry": {
        "type": "Point",
        "coordinates": [
          13.64791194,
          52.42406244
        ]
      },
      "properties": {
        "name": "Brunnen",
        "info": "Brunnentyp: Brunnen (Trinkwasserversorgung)",
        "category": "Straßenbrunnen",
        "source": "Öffentlicher Datensatz Berlins"
      }
    },
    {
      "type": "Feature",
      "geometry": {
        "type": "Point",
        "coordinates": [
          13.61950602,
          52.4117767
        ]
      },
      "properties": {
        "name": "Brunnen",
        "info": "Brunnentyp: Brunnen (Trinkwasserversorgung)",
        "category": "Straßenbrunnen",
        "source": "Öffentlicher Datensatz Berlins"
      }
    },
    {
      "type": "Feature",
      "geometry": {
        "type": "Point",
        "coordinates": [
          13.61937478,
          52.43816138
        ]
      },
      "properties": {
        "name": "Brunnen",
        "info": "Brunnentyp: Brunnen (Trinkwasserversorgung)",
        "category": "Straßenbrunnen",
        "source": "Öffentlicher Datensatz Berlins"
      }
    },
    {
      "type": "Feature",
      "geometry": {
        "type": "Point",
        "coordinates": [
          13.62136227,
          52.44202812
        ]
      },
      "properties": {
        "name": "Brunnen",
        "info": "Brunnentyp: Brunnen (Trinkwasserversorgung)",
        "category": "Straßenbrunnen",
        "source": "Öffentlicher Datensatz Berlins"
      }
    },
    {
      "type": "Feature",
      "geometry": {
        "type": "Point",
        "coordinates": [
          13.62162689,
          52.44159558
        ]
      },
      "properties": {
        "name": "Brunnen",
        "info": "Brunnentyp: Brunnen (Trinkwasserversorgung)",
        "category": "Straßenbrunnen",
        "source": "Öffentlicher Datensatz Berlins"
      }
    },
    {
      "type": "Feature",
      "geometry": {
        "type": "Point",
        "coordinates": [
          13.62464181,
          52.39942195
        ]
      },
      "properties": {
        "name": "Brunnen",
        "info": "Brunnentyp: Brunnen (Trinkwasserversorgung)",
        "category": "Straßenbrunnen",
        "source": "Öffentlicher Datensatz Berlins"
      }
    },
    {
      "type": "Feature",
      "geometry": {
        "type": "Point",
        "coordinates": [
          13.61963072,
          52.43222557
        ]
      },
      "properties": {
        "name": "Brunnen",
        "info": "Brunnentyp: Brunnen (Trinkwasserversorgung)",
        "category": "Straßenbrunnen",
        "source": "Öffentlicher Datensatz Berlins"
      }
    },
    {
      "type": "Feature",
      "geometry": {
        "type": "Point",
        "coordinates": [
          13.4065403,
          52.57852173
        ]
      },
      "properties": {
        "name": "Brunnen",
        "info": "Brunnentyp: Brunnen",
        "category": "Straßenbrunnen",
        "source": "Öffentlicher Datensatz Berlins"
      }
    },
    {
      "type": "Feature",
      "geometry": {
        "type": "Point",
        "coordinates": [
          13.409944,
          52.570644
        ]
      },
      "properties": {
        "name": "Brunnen",
        "info": "Brunnentyp: Brunnen",
        "category": "Straßenbrunnen",
        "source": "Öffentlicher Datensatz Berlins"
      }
    },
    {
      "type": "Feature",
      "geometry": {
        "type": "Point",
        "coordinates": [
          13.39606458,
          52.56935567
        ]
      },
      "properties": {
        "name": "Brunnen",
        "info": "Brunnentyp: Brunnen",
        "category": "Straßenbrunnen",
        "source": "Öffentlicher Datensatz Berlins"
      }
    },
    {
      "type": "Feature",
      "geometry": {
        "type": "Point",
        "coordinates": [
          13.37653565,
          52.55027725
        ]
      },
      "properties": {
        "name": "Brunnen",
        "info": "Brunnentyp: Brunnen",
        "category": "Straßenbrunnen",
        "source": "Öffentlicher Datensatz Berlins"
      }
    },
    {
      "type": "Feature",
      "geometry": {
        "type": "Point",
        "coordinates": [
          13.39353575,
          52.57005442
        ]
      },
      "properties": {
        "name": "Brunnen",
        "info": "Brunnentyp: Brunnen",
        "category": "Straßenbrunnen",
        "source": "Öffentlicher Datensatz Berlins"
      }
    },
    {
      "type": "Feature",
      "geometry": {
        "type": "Point",
        "coordinates": [
          13.54744575,
          52.43795429
        ]
      },
      "properties": {
        "name": "Brunnen",
        "info": "Brunnentyp: Brunnen",
        "category": "Straßenbrunnen",
        "source": "Öffentlicher Datensatz Berlins"
      }
    },
    {
      "type": "Feature",
      "geometry": {
        "type": "Point",
        "coordinates": [
          13.55349143,
          52.43522425
        ]
      },
      "properties": {
        "name": "Brunnen",
        "info": "Brunnentyp: Brunnen",
        "category": "Straßenbrunnen",
        "source": "Öffentlicher Datensatz Berlins"
      }
    },
    {
      "type": "Feature",
      "geometry": {
        "type": "Point",
        "coordinates": [
          13.52515854,
          52.40250785
        ]
      },
      "properties": {
        "name": "Brunnen",
        "info": "Brunnentyp: Brunnen",
        "category": "Straßenbrunnen",
        "source": "Öffentlicher Datensatz Berlins"
      }
    },
    {
      "type": "Feature",
      "geometry": {
        "type": "Point",
        "coordinates": [
          13.68851024,
          52.4510021
        ]
      },
      "properties": {
        "name": "Brunnen",
        "info": "Brunnentyp: Brunnen (Trinkwasserversorgung)",
        "category": "Straßenbrunnen",
        "source": "Öffentlicher Datensatz Berlins"
      }
    },
    {
      "type": "Feature",
      "geometry": {
        "type": "Point",
        "coordinates": [
          13.70123502,
          52.45010176
        ]
      },
      "properties": {
        "name": "Brunnen",
        "info": "Brunnentyp: Brunnen (Trinkwasserversorgung)",
        "category": "Straßenbrunnen",
        "source": "Öffentlicher Datensatz Berlins"
      }
    },
    {
      "type": "Feature",
      "geometry": {
        "type": "Point",
        "coordinates": [
          13.68063084,
          52.45202862
        ]
      },
      "properties": {
        "name": "Brunnen",
        "info": "Brunnentyp: Brunnen (Trinkwasserversorgung)",
        "category": "Straßenbrunnen",
        "source": "Öffentlicher Datensatz Berlins"
      }
    },
    {
      "type": "Feature",
      "geometry": {
        "type": "Point",
        "coordinates": [
          13.68961405,
          52.45089782
        ]
      },
      "properties": {
        "name": "Brunnen",
        "info": "Brunnentyp: Brunnen (Trinkwasserversorgung)",
        "category": "Straßenbrunnen",
        "source": "Öffentlicher Datensatz Berlins"
      }
    },
    {
      "type": "Feature",
      "geometry": {
        "type": "Point",
        "coordinates": [
          13.69902632,
          52.45033616
        ]
      },
      "properties": {
        "name": "Brunnen",
        "info": "Brunnentyp: Brunnen (Trinkwasserversorgung)",
        "category": "Straßenbrunnen",
        "source": "Öffentlicher Datensatz Berlins"
      }
    },
    {
      "type": "Feature",
      "geometry": {
        "type": "Point",
        "coordinates": [
          13.67355775,
          52.45294685
        ]
      },
      "properties": {
        "name": "Brunnen",
        "info": "Brunnentyp: Brunnen (Trinkwasserversorgung)",
        "category": "Straßenbrunnen",
        "source": "Öffentlicher Datensatz Berlins"
      }
    },
    {
      "type": "Feature",
      "geometry": {
        "type": "Point",
        "coordinates": [
          13.67701973,
          52.45261419
        ]
      },
      "properties": {
        "name": "Brunnen",
        "info": "Brunnentyp: Brunnen (Trinkwasserversorgung)",
        "category": "Straßenbrunnen",
        "source": "Öffentlicher Datensatz Berlins"
      }
    },
    {
      "type": "Feature",
      "geometry": {
        "type": "Point",
        "coordinates": [
          13.6814428,
          52.45187459
        ]
      },
      "properties": {
        "name": "Brunnen",
        "info": "Brunnentyp: Brunnen (Trinkwasserversorgung)",
        "category": "Straßenbrunnen",
        "source": "Öffentlicher Datensatz Berlins"
      }
    },
    {
      "type": "Feature",
      "geometry": {
        "type": "Point",
        "coordinates": [
          13.69276939,
          52.4507034
        ]
      },
      "properties": {
        "name": "Brunnen",
        "info": "Brunnentyp: Brunnen (Trinkwasserversorgung)",
        "category": "Straßenbrunnen",
        "source": "Öffentlicher Datensatz Berlins"
      }
    },
    {
      "type": "Feature",
      "geometry": {
        "type": "Point",
        "coordinates": [
          13.69313329,
          52.45068641
        ]
      },
      "properties": {
        "name": "Brunnen",
        "info": "Brunnentyp: Brunnen (Trinkwasserversorgung)",
        "category": "Straßenbrunnen",
        "source": "Öffentlicher Datensatz Berlins"
      }
    },
    {
      "type": "Feature",
      "geometry": {
        "type": "Point",
        "coordinates": [
          13.68267959,
          52.45165078
        ]
      },
      "properties": {
        "name": "Brunnen",
        "info": "Brunnentyp: Brunnen (Trinkwasserversorgung)",
        "category": "Straßenbrunnen",
        "source": "Öffentlicher Datensatz Berlins"
      }
    },
    {
      "type": "Feature",
      "geometry": {
        "type": "Point",
        "coordinates": [
          13.69630119,
          52.45060225
        ]
      },
      "properties": {
        "name": "Brunnen",
        "info": "Brunnentyp: Brunnen (Trinkwasserversorgung)",
        "category": "Straßenbrunnen",
        "source": "Öffentlicher Datensatz Berlins"
      }
    },
    {
      "type": "Feature",
      "geometry": {
        "type": "Point",
        "coordinates": [
          13.6975039,
          52.45051753
        ]
      },
      "properties": {
        "name": "Brunnen",
        "info": "Brunnentyp: Brunnen (Trinkwasserversorgung)",
        "category": "Straßenbrunnen",
        "source": "Öffentlicher Datensatz Berlins"
      }
    },
    {
      "type": "Feature",
      "geometry": {
        "type": "Point",
        "coordinates": [
          13.68708863,
          52.45115148
        ]
      },
      "properties": {
        "name": "Brunnen",
        "info": "Brunnentyp: Brunnen (Trinkwasserversorgung)",
        "category": "Straßenbrunnen",
        "source": "Öffentlicher Datensatz Berlins"
      }
    },
    {
      "type": "Feature",
      "geometry": {
        "type": "Point",
        "coordinates": [
          13.69693498,
          52.45056546
        ]
      },
      "properties": {
        "name": "Brunnen",
        "info": "Brunnentyp: Brunnen (Trinkwasserversorgung)",
        "category": "Straßenbrunnen",
        "source": "Öffentlicher Datensatz Berlins"
      }
    },
    {
      "type": "Feature",
      "geometry": {
        "type": "Point",
        "coordinates": [
          13.67043179,
          52.45328005
        ]
      },
      "properties": {
        "name": "Brunnen",
        "info": "Brunnentyp: Brunnen (Trinkwasserversorgung)",
        "category": "Straßenbrunnen",
        "source": "Öffentlicher Datensatz Berlins"
      }
    },
    {
      "type": "Feature",
      "geometry": {
        "type": "Point",
        "coordinates": [
          13.69055125,
          52.45079759
        ]
      },
      "properties": {
        "name": "Brunnen",
        "info": "Brunnentyp: Brunnen (Trinkwasserversorgung)",
        "category": "Straßenbrunnen",
        "source": "Öffentlicher Datensatz Berlins"
      }
    },
    {
      "type": "Feature",
      "geometry": {
        "type": "Point",
        "coordinates": [
          13.68309077,
          52.45158216
        ]
      },
      "properties": {
        "name": "Brunnen",
        "info": "Brunnentyp: Brunnen (Trinkwasserversorgung)",
        "category": "Straßenbrunnen",
        "source": "Öffentlicher Datensatz Berlins"
      }
    },
    {
      "type": "Feature",
      "geometry": {
        "type": "Point",
        "coordinates": [
          13.68401189,
          52.45148734
        ]
      },
      "properties": {
        "name": "Brunnen",
        "info": "Brunnentyp: Brunnen (Trinkwasserversorgung)",
        "category": "Straßenbrunnen",
        "source": "Öffentlicher Datensatz Berlins"
      }
    },
    {
      "type": "Feature",
      "geometry": {
        "type": "Point",
        "coordinates": [
          13.69480922,
          52.4506416
        ]
      },
      "properties": {
        "name": "Brunnen",
        "info": "Brunnentyp: Brunnen (Trinkwasserversorgung)",
        "category": "Straßenbrunnen",
        "source": "Öffentlicher Datensatz Berlins"
      }
    },
    {
      "type": "Feature",
      "geometry": {
        "type": "Point",
        "coordinates": [
          13.68918939,
          52.45093599
        ]
      },
      "properties": {
        "name": "Brunnen",
        "info": "Brunnentyp: Brunnen (Trinkwasserversorgung)",
        "category": "Straßenbrunnen",
        "source": "Öffentlicher Datensatz Berlins"
      }
    },
    {
      "type": "Feature",
      "geometry": {
        "type": "Point",
        "coordinates": [
          13.67998685,
          52.45214499
        ]
      },
      "properties": {
        "name": "Brunnen",
        "info": "Brunnentyp: Brunnen (Trinkwasserversorgung)",
        "category": "Straßenbrunnen",
        "source": "Öffentlicher Datensatz Berlins"
      }
    },
    {
      "type": "Feature",
      "geometry": {
        "type": "Point",
        "coordinates": [
          13.6859409,
          52.45127338
        ]
      },
      "properties": {
        "name": "Brunnen",
        "info": "Brunnentyp: Brunnen (Trinkwasserversorgung)",
        "category": "Straßenbrunnen",
        "source": "Öffentlicher Datensatz Berlins"
      }
    },
    {
      "type": "Feature",
      "geometry": {
        "type": "Point",
        "coordinates": [
          13.66552128,
          52.44911345
        ]
      },
      "properties": {
        "name": "Brunnen",
        "info": "Brunnentyp: Brunnen (Trinkwasserversorgung)",
        "category": "Straßenbrunnen",
        "source": "Öffentlicher Datensatz Berlins"
      }
    },
    {
      "type": "Feature",
      "geometry": {
        "type": "Point",
        "coordinates": [
          13.66645229,
          52.45369188
        ]
      },
      "properties": {
        "name": "Brunnen",
        "info": "Brunnentyp: Brunnen (Trinkwasserversorgung)",
        "category": "Straßenbrunnen",
        "source": "Öffentlicher Datensatz Berlins"
      }
    },
    {
      "type": "Feature",
      "geometry": {
        "type": "Point",
        "coordinates": [
          13.67550671,
          52.45275435
        ]
      },
      "properties": {
        "name": "Brunnen",
        "info": "Brunnentyp: Brunnen (Trinkwasserversorgung)",
        "category": "Straßenbrunnen",
        "source": "Öffentlicher Datensatz Berlins"
      }
    },
    {
      "type": "Feature",
      "geometry": {
        "type": "Point",
        "coordinates": [
          13.68827797,
          52.45102493
        ]
      },
      "properties": {
        "name": "Brunnen",
        "info": "Brunnentyp: Brunnen (Trinkwasserversorgung)",
        "category": "Straßenbrunnen",
        "source": "Öffentlicher Datensatz Berlins"
      }
    },
    {
      "type": "Feature",
      "geometry": {
        "type": "Point",
        "coordinates": [
          13.66552828,
          52.45379278
        ]
      },
      "properties": {
        "name": "Brunnen",
        "info": "Brunnentyp: Brunnen (Trinkwasserversorgung)",
        "category": "Straßenbrunnen",
        "source": "Öffentlicher Datensatz Berlins"
      }
    },
    {
      "type": "Feature",
      "geometry": {
        "type": "Point",
        "coordinates": [
          13.70213116,
          52.45004031
        ]
      },
      "properties": {
        "name": "Brunnen",
        "info": "Brunnentyp: Brunnen (Trinkwasserversorgung)",
        "category": "Straßenbrunnen",
        "source": "Öffentlicher Datensatz Berlins"
      }
    },
    {
      "type": "Feature",
      "geometry": {
        "type": "Point",
        "coordinates": [
          13.66726544,
          52.45361935
        ]
      },
      "properties": {
        "name": "Brunnen",
        "info": "Brunnentyp: Brunnen (Trinkwasserversorgung)",
        "category": "Straßenbrunnen",
        "source": "Öffentlicher Datensatz Berlins"
      }
    },
    {
      "type": "Feature",
      "geometry": {
        "type": "Point",
        "coordinates": [
          13.67938473,
          52.45226177
        ]
      },
      "properties": {
        "name": "Brunnen",
        "info": "Brunnentyp: Brunnen (Trinkwasserversorgung)",
        "category": "Straßenbrunnen",
        "source": "Öffentlicher Datensatz Berlins"
      }
    },
    {
      "type": "Feature",
      "geometry": {
        "type": "Point",
        "coordinates": [
          13.69178658,
          52.45071664
        ]
      },
      "properties": {
        "name": "Brunnen",
        "info": "Brunnentyp: Brunnen (Trinkwasserversorgung)",
        "category": "Straßenbrunnen",
        "source": "Öffentlicher Datensatz Berlins"
      }
    },
    {
      "type": "Feature",
      "geometry": {
        "type": "Point",
        "coordinates": [
          13.69551782,
          52.45064093
        ]
      },
      "properties": {
        "name": "Brunnen",
        "info": "Brunnentyp: Brunnen (Trinkwasserversorgung)",
        "category": "Straßenbrunnen",
        "source": "Öffentlicher Datensatz Berlins"
      }
    },
    {
      "type": "Feature",
      "geometry": {
        "type": "Point",
        "coordinates": [
          13.68533927,
          52.4513013
        ]
      },
      "properties": {
        "name": "Brunnen",
        "info": "Brunnentyp: Brunnen (Trinkwasserversorgung)",
        "category": "Straßenbrunnen",
        "source": "Öffentlicher Datensatz Berlins"
      }
    },
    {
      "type": "Feature",
      "geometry": {
        "type": "Point",
        "coordinates": [
          13.67280743,
          52.45303526
        ]
      },
      "properties": {
        "name": "Brunnen",
        "info": "Brunnentyp: Brunnen (Trinkwasserversorgung)",
        "category": "Straßenbrunnen",
        "source": "Öffentlicher Datensatz Berlins"
      }
    },
    {
      "type": "Feature",
      "geometry": {
        "type": "Point",
        "coordinates": [
          13.6781601,
          52.45248997
        ]
      },
      "properties": {
        "name": "Brunnen",
        "info": "Brunnentyp: Brunnen (Trinkwasserversorgung)",
        "category": "Straßenbrunnen",
        "source": "Öffentlicher Datensatz Berlins"
      }
    },
    {
      "type": "Feature",
      "geometry": {
        "type": "Point",
        "coordinates": [
          13.67422068,
          52.45288921
        ]
      },
      "properties": {
        "name": "Brunnen",
        "info": "Brunnentyp: Brunnen (Trinkwasserversorgung)",
        "category": "Straßenbrunnen",
        "source": "Öffentlicher Datensatz Berlins"
      }
    },
    {
      "type": "Feature",
      "geometry": {
        "type": "Point",
        "coordinates": [
          13.67625123,
          52.45268647
        ]
      },
      "properties": {
        "name": "Brunnen",
        "info": "Brunnentyp: Brunnen (Trinkwasserversorgung)",
        "category": "Straßenbrunnen",
        "source": "Öffentlicher Datensatz Berlins"
      }
    },
    {
      "type": "Feature",
      "geometry": {
        "type": "Point",
        "coordinates": [
          13.66692685,
          52.44871306
        ]
      },
      "properties": {
        "name": "Brunnen",
        "info": "Brunnentyp: Brunnen (Trinkwasserversorgung)",
        "category": "Straßenbrunnen",
        "source": "Öffentlicher Datensatz Berlins"
      }
    },
    {
      "type": "Feature",
      "geometry": {
        "type": "Point",
        "coordinates": [
          13.68765825,
          52.45109203
        ]
      },
      "properties": {
        "name": "Brunnen",
        "info": "Brunnentyp: Brunnen (Trinkwasserversorgung)",
        "category": "Straßenbrunnen",
        "source": "Öffentlicher Datensatz Berlins"
      }
    },
    {
      "type": "Feature",
      "geometry": {
        "type": "Point",
        "coordinates": [
          13.6934962,
          52.45065552
        ]
      },
      "properties": {
        "name": "Brunnen",
        "info": "Brunnentyp: Brunnen (Trinkwasserversorgung)",
        "category": "Straßenbrunnen",
        "source": "Öffentlicher Datensatz Berlins"
      }
    },
    {
      "type": "Feature",
      "geometry": {
        "type": "Point",
        "coordinates": [
          13.69963826,
          52.45026104
        ]
      },
      "properties": {
        "name": "Brunnen",
        "info": "Brunnentyp: Brunnen (Trinkwasserversorgung)",
        "category": "Straßenbrunnen",
        "source": "Öffentlicher Datensatz Berlins"
      }
    },
    {
      "type": "Feature",
      "geometry": {
        "type": "Point",
        "coordinates": [
          13.68216445,
          52.45173872
        ]
      },
      "properties": {
        "name": "Brunnen",
        "info": "Brunnentyp: Brunnen (Trinkwasserversorgung)",
        "category": "Straßenbrunnen",
        "source": "Öffentlicher Datensatz Berlins"
      }
    },
    {
      "type": "Feature",
      "geometry": {
        "type": "Point",
        "coordinates": [
          13.69517247,
          52.45063565
        ]
      },
      "properties": {
        "name": "Brunnen",
        "info": "Brunnentyp: Brunnen (Trinkwasserversorgung)",
        "category": "Straßenbrunnen",
        "source": "Öffentlicher Datensatz Berlins"
      }
    },
    {
      "type": "Feature",
      "geometry": {
        "type": "Point",
        "coordinates": [
          13.6694645,
          52.45338943
        ]
      },
      "properties": {
        "name": "Brunnen",
        "info": "Brunnentyp: Brunnen (Trinkwasserversorgung)",
        "category": "Straßenbrunnen",
        "source": "Öffentlicher Datensatz Berlins"
      }
    },
    {
      "type": "Feature",
      "geometry": {
        "type": "Point",
        "coordinates": [
          13.67481097,
          52.45284363
        ]
      },
      "properties": {
        "name": "Brunnen",
        "info": "Brunnentyp: Brunnen (Trinkwasserversorgung)",
        "category": "Straßenbrunnen",
        "source": "Öffentlicher Datensatz Berlins"
      }
    },
    {
      "type": "Feature",
      "geometry": {
        "type": "Point",
        "coordinates": [
          13.67205827,
          52.45310522
        ]
      },
      "properties": {
        "name": "Brunnen",
        "info": "Brunnentyp: Brunnen (Trinkwasserversorgung)",
        "category": "Straßenbrunnen",
        "source": "Öffentlicher Datensatz Berlins"
      }
    },
    {
      "type": "Feature",
      "geometry": {
        "type": "Point",
        "coordinates": [
          13.67874873,
          52.45237221
        ]
      },
      "properties": {
        "name": "Brunnen",
        "info": "Brunnentyp: Brunnen (Trinkwasserversorgung)",
        "category": "Straßenbrunnen",
        "source": "Öffentlicher Datensatz Berlins"
      }
    },
    {
      "type": "Feature",
      "geometry": {
        "type": "Point",
        "coordinates": [
          13.66624348,
          52.44888728
        ]
      },
      "properties": {
        "name": "Brunnen",
        "info": "Brunnentyp: Brunnen (Trinkwasserversorgung)",
        "category": "Straßenbrunnen",
        "source": "Öffentlicher Datensatz Berlins"
      }
    },
    {
      "type": "Feature",
      "geometry": {
        "type": "Point",
        "coordinates": [
          13.69843889,
          52.45039875
        ]
      },
      "properties": {
        "name": "Brunnen",
        "info": "Brunnentyp: Brunnen (Trinkwasserversorgung)",
        "category": "Straßenbrunnen",
        "source": "Öffentlicher Datensatz Berlins"
      }
    },
    {
      "type": "Feature",
      "geometry": {
        "type": "Point",
        "coordinates": [
          13.68462615,
          52.45141407
        ]
      },
      "properties": {
        "name": "Brunnen",
        "info": "Brunnentyp: Brunnen (Trinkwasserversorgung)",
        "category": "Straßenbrunnen",
        "source": "Öffentlicher Datensatz Berlins"
      }
    },
    {
      "type": "Feature",
      "geometry": {
        "type": "Point",
        "coordinates": [
          13.67765299,
          52.45254079
        ]
      },
      "properties": {
        "name": "Brunnen",
        "info": "Brunnentyp: Brunnen (Trinkwasserversorgung)",
        "category": "Straßenbrunnen",
        "source": "Öffentlicher Datensatz Berlins"
      }
    },
    {
      "type": "Feature",
      "geometry": {
        "type": "Point",
        "coordinates": [
          13.67661357,
          52.44584474
        ]
      },
      "properties": {
        "name": "Brunnen",
        "info": "Brunnentyp: Brunnen (Trinkwasserversorgung)",
        "category": "Straßenbrunnen",
        "source": "Öffentlicher Datensatz Berlins"
      }
    },
    {
      "type": "Feature",
      "geometry": {
        "type": "Point",
        "coordinates": [
          13.71465358,
          52.4147288
        ]
      },
      "properties": {
        "name": "Brunnen",
        "info": "Brunnentyp: Brunnen (Trinkwasserversorgung)",
        "category": "Straßenbrunnen",
        "source": "Öffentlicher Datensatz Berlins"
      }
    },
    {
      "type": "Feature",
      "geometry": {
        "type": "Point",
        "coordinates": [
          13.67066219,
          52.44763988
        ]
      },
      "properties": {
        "name": "Brunnen",
        "info": "Brunnentyp: Brunnen (Trinkwasserversorgung)",
        "category": "Straßenbrunnen",
        "source": "Öffentlicher Datensatz Berlins"
      }
    },
    {
      "type": "Feature",
      "geometry": {
        "type": "Point",
        "coordinates": [
          13.68370063,
          52.44374581
        ]
      },
      "properties": {
        "name": "Brunnen",
        "info": "Brunnentyp: Brunnen (Trinkwasserversorgung)",
        "category": "Straßenbrunnen",
        "source": "Öffentlicher Datensatz Berlins"
      }
    },
    {
      "type": "Feature",
      "geometry": {
        "type": "Point",
        "coordinates": [
          13.71800917,
          52.41608849
        ]
      },
      "properties": {
        "name": "Brunnen",
        "info": "Brunnentyp: Brunnen (Trinkwasserversorgung)",
        "category": "Straßenbrunnen",
        "source": "Öffentlicher Datensatz Berlins"
      }
    },
    {
      "type": "Feature",
      "geometry": {
        "type": "Point",
        "coordinates": [
          13.68292119,
          52.44399725
        ]
      },
      "properties": {
        "name": "Brunnen",
        "info": "Brunnentyp: Brunnen (Trinkwasserversorgung)",
        "category": "Straßenbrunnen",
        "source": "Öffentlicher Datensatz Berlins"
      }
    },
    {
      "type": "Feature",
      "geometry": {
        "type": "Point",
        "coordinates": [
          13.66756151,
          52.44854641
        ]
      },
      "properties": {
        "name": "Brunnen",
        "info": "Brunnentyp: Brunnen (Trinkwasserversorgung)",
        "category": "Straßenbrunnen",
        "source": "Öffentlicher Datensatz Berlins"
      }
    },
    {
      "type": "Feature",
      "geometry": {
        "type": "Point",
        "coordinates": [
          13.70470511,
          52.4058972
        ]
      },
      "properties": {
        "name": "Brunnen",
        "info": "Brunnentyp: Brunnen (Trinkwasserversorgung)",
        "category": "Straßenbrunnen",
        "source": "Öffentlicher Datensatz Berlins"
      }
    },
    {
      "type": "Feature",
      "geometry": {
        "type": "Point",
        "coordinates": [
          13.66844166,
          52.4482859
        ]
      },
      "properties": {
        "name": "Brunnen",
        "info": "Brunnentyp: Brunnen (Trinkwasserversorgung)",
        "category": "Straßenbrunnen",
        "source": "Öffentlicher Datensatz Berlins"
      }
    },
    {
      "type": "Feature",
      "geometry": {
        "type": "Point",
        "coordinates": [
          13.70355438,
          52.40468673
        ]
      },
      "properties": {
        "name": "Brunnen",
        "info": "Brunnentyp: Brunnen (Trinkwasserversorgung)",
        "category": "Straßenbrunnen",
        "source": "Öffentlicher Datensatz Berlins"
      }
    },
    {
      "type": "Feature",
      "geometry": {
        "type": "Point",
        "coordinates": [
          13.66784439,
          52.43151791
        ]
      },
      "properties": {
        "name": "Brunnen",
        "info": "Brunnentyp: Brunnen (Trinkwasserversorgung)",
        "category": "Straßenbrunnen",
        "source": "Öffentlicher Datensatz Berlins"
      }
    },
    {
      "type": "Feature",
      "geometry": {
        "type": "Point",
        "coordinates": [
          13.67543666,
          52.4462082
        ]
      },
      "properties": {
        "name": "Brunnen",
        "info": "Brunnentyp: Brunnen (Trinkwasserversorgung)",
        "category": "Straßenbrunnen",
        "source": "Öffentlicher Datensatz Berlins"
      }
    },
    {
      "type": "Feature",
      "geometry": {
        "type": "Point",
        "coordinates": [
          13.67148827,
          52.44738274
        ]
      },
      "properties": {
        "name": "Brunnen",
        "info": "Brunnentyp: Brunnen (Trinkwasserversorgung)",
        "category": "Straßenbrunnen",
        "source": "Öffentlicher Datensatz Berlins"
      }
    },
    {
      "type": "Feature",
      "geometry": {
        "type": "Point",
        "coordinates": [
          13.67588111,
          52.44607841
        ]
      },
      "properties": {
        "name": "Brunnen",
        "info": "Brunnentyp: Brunnen (Trinkwasserversorgung)",
        "category": "Straßenbrunnen",
        "source": "Öffentlicher Datensatz Berlins"
      }
    },
    {
      "type": "Feature",
      "geometry": {
        "type": "Point",
        "coordinates": [
          13.68414242,
          52.44361961
        ]
      },
      "properties": {
        "name": "Brunnen",
        "info": "Brunnentyp: Brunnen (Trinkwasserversorgung)",
        "category": "Straßenbrunnen",
        "source": "Öffentlicher Datensatz Berlins"
      }
    },
    {
      "type": "Feature",
      "geometry": {
        "type": "Point",
        "coordinates": [
          13.66951053,
          52.43163644
        ]
      },
      "properties": {
        "name": "Brunnen",
        "info": "Brunnentyp: Brunnen (Trinkwasserversorgung)",
        "category": "Straßenbrunnen",
        "source": "Öffentlicher Datensatz Berlins"
      }
    },
    {
      "type": "Feature",
      "geometry": {
        "type": "Point",
        "coordinates": [
          13.70255488,
          52.40357954
        ]
      },
      "properties": {
        "name": "Brunnen",
        "info": "Brunnentyp: Brunnen (Trinkwasserversorgung)",
        "category": "Straßenbrunnen",
        "source": "Öffentlicher Datensatz Berlins"
      }
    },
    {
      "type": "Feature",
      "geometry": {
        "type": "Point",
        "coordinates": [
          13.67894078,
          52.44517814
        ]
      },
      "properties": {
        "name": "Brunnen",
        "info": "Brunnentyp: Brunnen (Trinkwasserversorgung)",
        "category": "Straßenbrunnen",
        "source": "Öffentlicher Datensatz Berlins"
      }
    },
    {
      "type": "Feature",
      "geometry": {
        "type": "Point",
        "coordinates": [
          13.67513939,
          52.4463006
        ]
      },
      "properties": {
        "name": "Brunnen",
        "info": "Brunnentyp: Brunnen (Trinkwasserversorgung)",
        "category": "Straßenbrunnen",
        "source": "Öffentlicher Datensatz Berlins"
      }
    },
    {
      "type": "Feature",
      "geometry": {
        "type": "Point",
        "coordinates": [
          13.70813071,
          52.40987721
        ]
      },
      "properties": {
        "name": "Brunnen",
        "info": "Brunnentyp: Brunnen (Trinkwasserversorgung)",
        "category": "Straßenbrunnen",
        "source": "Öffentlicher Datensatz Berlins"
      }
    },
    {
      "type": "Feature",
      "geometry": {
        "type": "Point",
        "coordinates": [
          13.67259999,
          52.44706959
        ]
      },
      "properties": {
        "name": "Brunnen",
        "info": "Brunnentyp: Brunnen (Trinkwasserversorgung)",
        "category": "Straßenbrunnen",
        "source": "Öffentlicher Datensatz Berlins"
      }
    },
    {
      "type": "Feature",
      "geometry": {
        "type": "Point",
        "coordinates": [
          13.70679346,
          52.408335
        ]
      },
      "properties": {
        "name": "Brunnen",
        "info": "Brunnentyp: Brunnen (Trinkwasserversorgung)",
        "category": "Straßenbrunnen",
        "source": "Öffentlicher Datensatz Berlins"
      }
    },
    {
      "type": "Feature",
      "geometry": {
        "type": "Point",
        "coordinates": [
          13.71686725,
          52.41564985
        ]
      },
      "properties": {
        "name": "Brunnen",
        "info": "Brunnentyp: Brunnen (Trinkwasserversorgung)",
        "category": "Straßenbrunnen",
        "source": "Öffentlicher Datensatz Berlins"
      }
    },
    {
      "type": "Feature",
      "geometry": {
        "type": "Point",
        "coordinates": [
          13.67350458,
          52.44677535
        ]
      },
      "properties": {
        "name": "Brunnen",
        "info": "Brunnentyp: Brunnen (Trinkwasserversorgung)",
        "category": "Straßenbrunnen",
        "source": "Öffentlicher Datensatz Berlins"
      }
    },
    {
      "type": "Feature",
      "geometry": {
        "type": "Point",
        "coordinates": [
          13.66971706,
          52.44791487
        ]
      },
      "properties": {
        "name": "Brunnen",
        "info": "Brunnentyp: Brunnen (Trinkwasserversorgung)",
        "category": "Straßenbrunnen",
        "source": "Öffentlicher Datensatz Berlins"
      }
    },
    {
      "type": "Feature",
      "geometry": {
        "type": "Point",
        "coordinates": [
          13.67957609,
          52.44493872
        ]
      },
      "properties": {
        "name": "Brunnen",
        "info": "Brunnentyp: Brunnen (Trinkwasserversorgung)",
        "category": "Straßenbrunnen",
        "source": "Öffentlicher Datensatz Berlins"
      }
    },
    {
      "type": "Feature",
      "geometry": {
        "type": "Point",
        "coordinates": [
          13.66909573,
          52.44807683
        ]
      },
      "properties": {
        "name": "Brunnen",
        "info": "Brunnentyp: Brunnen (Trinkwasserversorgung)",
        "category": "Straßenbrunnen",
        "source": "Öffentlicher Datensatz Berlins"
      }
    },
    {
      "type": "Feature",
      "geometry": {
        "type": "Point",
        "coordinates": [
          13.67417142,
          52.44657456
        ]
      },
      "properties": {
        "name": "Brunnen",
        "info": "Brunnentyp: Brunnen (Trinkwasserversorgung)",
        "category": "Straßenbrunnen",
        "source": "Öffentlicher Datensatz Berlins"
      }
    },
    {
      "type": "Feature",
      "geometry": {
        "type": "Point",
        "coordinates": [
          13.66582933,
          52.43100026
        ]
      },
      "properties": {
        "name": "Brunnen",
        "info": "Brunnentyp: Brunnen (Trinkwasserversorgung)",
        "category": "Straßenbrunnen",
        "source": "Öffentlicher Datensatz Berlins"
      }
    },
    {
      "type": "Feature",
      "geometry": {
        "type": "Point",
        "coordinates": [
          13.69940289,
          52.39994101
        ]
      },
      "properties": {
        "name": "Brunnen",
        "info": "Brunnentyp: Brunnen (Trinkwasserversorgung)",
        "category": "Straßenbrunnen",
        "source": "Öffentlicher Datensatz Berlins"
      }
    },
    {
      "type": "Feature",
      "geometry": {
        "type": "Point",
        "coordinates": [
          13.67045966,
          52.43170176
        ]
      },
      "properties": {
        "name": "Brunnen",
        "info": "Brunnentyp: Brunnen (Trinkwasserversorgung)",
        "category": "Straßenbrunnen",
        "source": "Öffentlicher Datensatz Berlins"
      }
    },
    {
      "type": "Feature",
      "geometry": {
        "type": "Point",
        "coordinates": [
          13.71575611,
          52.41517161
        ]
      },
      "properties": {
        "name": "Brunnen",
        "info": "Brunnentyp: Brunnen (Trinkwasserversorgung)",
        "category": "Straßenbrunnen",
        "source": "Öffentlicher Datensatz Berlins"
      }
    },
    {
      "type": "Feature",
      "geometry": {
        "type": "Point",
        "coordinates": [
          13.70969535,
          52.4115027
        ]
      },
      "properties": {
        "name": "Brunnen",
        "info": "Brunnentyp: Brunnen (Trinkwasserversorgung)",
        "category": "Straßenbrunnen",
        "source": "Öffentlicher Datensatz Berlins"
      }
    },
    {
      "type": "Feature",
      "geometry": {
        "type": "Point",
        "coordinates": [
          13.67213684,
          52.44720904
        ]
      },
      "properties": {
        "name": "Brunnen",
        "info": "Brunnentyp: Brunnen (Trinkwasserversorgung)",
        "category": "Straßenbrunnen",
        "source": "Öffentlicher Datensatz Berlins"
      }
    },
    {
      "type": "Feature",
      "geometry": {
        "type": "Point",
        "coordinates": [
          13.68040405,
          52.44473729
        ]
      },
      "properties": {
        "name": "Brunnen",
        "info": "Brunnentyp: Brunnen (Trinkwasserversorgung)",
        "category": "Straßenbrunnen",
        "source": "Öffentlicher Datensatz Berlins"
      }
    },
    {
      "type": "Feature",
      "geometry": {
        "type": "Point",
        "coordinates": [
          13.68091836,
          52.44458648
        ]
      },
      "properties": {
        "name": "Brunnen",
        "info": "Brunnentyp: Brunnen (Trinkwasserversorgung)",
        "category": "Straßenbrunnen",
        "source": "Öffentlicher Datensatz Berlins"
      }
    },
    {
      "type": "Feature",
      "geometry": {
        "type": "Point",
        "coordinates": [
          13.68166446,
          52.44437866
        ]
      },
      "properties": {
        "name": "Brunnen",
        "info": "Brunnentyp: Brunnen (Trinkwasserversorgung)",
        "category": "Straßenbrunnen",
        "source": "Öffentlicher Datensatz Berlins"
      }
    },
    {
      "type": "Feature",
      "geometry": {
        "type": "Point",
        "coordinates": [
          13.66501031,
          52.43080129
        ]
      },
      "properties": {
        "name": "Brunnen",
        "info": "Brunnentyp: Brunnen (Trinkwasserversorgung)",
        "category": "Straßenbrunnen",
        "source": "Öffentlicher Datensatz Berlins"
      }
    },
    {
      "type": "Feature",
      "geometry": {
        "type": "Point",
        "coordinates": [
          13.68061555,
          52.44465994
        ]
      },
      "properties": {
        "name": "Brunnen",
        "info": "Brunnentyp: Brunnen (Trinkwasserversorgung)",
        "category": "Straßenbrunnen",
        "source": "Öffentlicher Datensatz Berlins"
      }
    },
    {
      "type": "Feature",
      "geometry": {
        "type": "Point",
        "coordinates": [
          13.70885417,
          52.41067045
        ]
      },
      "properties": {
        "name": "Brunnen",
        "info": "Brunnentyp: Brunnen (Trinkwasserversorgung)",
        "category": "Straßenbrunnen",
        "source": "Öffentlicher Datensatz Berlins"
      }
    },
    {
      "type": "Feature",
      "geometry": {
        "type": "Point",
        "coordinates": [
          13.713677,
          52.41421176
        ]
      },
      "properties": {
        "name": "Brunnen",
        "info": "Brunnentyp: Brunnen (Trinkwasserversorgung)",
        "category": "Straßenbrunnen",
        "source": "Öffentlicher Datensatz Berlins"
      }
    },
    {
      "type": "Feature",
      "geometry": {
        "type": "Point",
        "coordinates": [
          13.66714099,
          52.43138316
        ]
      },
      "properties": {
        "name": "Brunnen",
        "info": "Brunnentyp: Brunnen (Trinkwasserversorgung)",
        "category": "Straßenbrunnen",
        "source": "Öffentlicher Datensatz Berlins"
      }
    },
    {
      "type": "Feature",
      "geometry": {
        "type": "Point",
        "coordinates": [
          13.70585562,
          52.40710874
        ]
      },
      "properties": {
        "name": "Brunnen",
        "info": "Brunnentyp: Brunnen (Trinkwasserversorgung)",
        "category": "Straßenbrunnen",
        "source": "Öffentlicher Datensatz Berlins"
      }
    },
    {
      "type": "Feature",
      "geometry": {
        "type": "Point",
        "coordinates": [
          13.68478845,
          52.44343942
        ]
      },
      "properties": {
        "name": "Brunnen",
        "info": "Brunnentyp: Brunnen (Trinkwasserversorgung)",
        "category": "Straßenbrunnen",
        "source": "Öffentlicher Datensatz Berlins"
      }
    },
    {
      "type": "Feature",
      "geometry": {
        "type": "Point",
        "coordinates": [
          13.67460387,
          52.4464386
        ]
      },
      "properties": {
        "name": "Brunnen",
        "info": "Brunnentyp: Brunnen (Trinkwasserversorgung)",
        "category": "Straßenbrunnen",
        "source": "Öffentlicher Datensatz Berlins"
      }
    },
    {
      "type": "Feature",
      "geometry": {
        "type": "Point",
        "coordinates": [
          13.67742087,
          52.44561043
        ]
      },
      "properties": {
        "name": "Brunnen",
        "info": "Brunnentyp: Brunnen (Trinkwasserversorgung)",
        "category": "Straßenbrunnen",
        "source": "Öffentlicher Datensatz Berlins"
      }
    },
    {
      "type": "Feature",
      "geometry": {
        "type": "Point",
        "coordinates": [
          13.7074722,
          52.40912787
        ]
      },
      "properties": {
        "name": "Brunnen",
        "info": "Brunnentyp: Brunnen (Trinkwasserversorgung)",
        "category": "Straßenbrunnen",
        "source": "Öffentlicher Datensatz Berlins"
      }
    },
    {
      "type": "Feature",
      "geometry": {
        "type": "Point",
        "coordinates": [
          13.67311761,
          52.44689515
        ]
      },
      "properties": {
        "name": "Brunnen",
        "info": "Brunnentyp: Brunnen (Trinkwasserversorgung)",
        "category": "Straßenbrunnen",
        "source": "Öffentlicher Datensatz Berlins"
      }
    },
    {
      "type": "Feature",
      "geometry": {
        "type": "Point",
        "coordinates": [
          13.71913925,
          52.41647021
        ]
      },
      "properties": {
        "name": "Brunnen",
        "info": "Brunnentyp: Brunnen (Trinkwasserversorgung)",
        "category": "Straßenbrunnen",
        "source": "Öffentlicher Datensatz Berlins"
      }
    },
    {
      "type": "Feature",
      "geometry": {
        "type": "Point",
        "coordinates": [
          13.68209482,
          52.44423833
        ]
      },
      "properties": {
        "name": "Brunnen",
        "info": "Brunnentyp: Brunnen (Trinkwasserversorgung)",
        "category": "Straßenbrunnen",
        "source": "Öffentlicher Datensatz Berlins"
      }
    },
    {
      "type": "Feature",
      "geometry": {
        "type": "Point",
        "coordinates": [
          13.67823513,
          52.44533864
        ]
      },
      "properties": {
        "name": "Brunnen",
        "info": "Brunnentyp: Brunnen (Trinkwasserversorgung)",
        "category": "Straßenbrunnen",
        "source": "Öffentlicher Datensatz Berlins"
      }
    },
    {
      "type": "Feature",
      "geometry": {
        "type": "Point",
        "coordinates": [
          13.70039926,
          52.40115984
        ]
      },
      "properties": {
        "name": "Brunnen",
        "info": "Brunnentyp: Brunnen (Trinkwasserversorgung)",
        "category": "Straßenbrunnen",
        "source": "Öffentlicher Datensatz Berlins"
      }
    },
    {
      "type": "Feature",
      "geometry": {
        "type": "Point",
        "coordinates": [
          13.70142934,
          52.40232601
        ]
      },
      "properties": {
        "name": "Brunnen",
        "info": "Brunnentyp: Brunnen (Trinkwasserversorgung)",
        "category": "Straßenbrunnen",
        "source": "Öffentlicher Datensatz Berlins"
      }
    },
    {
      "type": "Feature",
      "geometry": {
        "type": "Point",
        "coordinates": [
          13.6687783,
          52.43158796
        ]
      },
      "properties": {
        "name": "Brunnen",
        "info": "Brunnentyp: Brunnen (Trinkwasserversorgung)",
        "category": "Straßenbrunnen",
        "source": "Öffentlicher Datensatz Berlins"
      }
    },
    {
      "type": "Feature",
      "geometry": {
        "type": "Point",
        "coordinates": [
          13.67552865,
          52.39181453
        ]
      },
      "properties": {
        "name": "Brunnen",
        "info": "Brunnentyp: Brunnen (Trinkwasserversorgung)",
        "category": "Straßenbrunnen",
        "source": "Öffentlicher Datensatz Berlins"
      }
    },
    {
      "type": "Feature",
      "geometry": {
        "type": "Point",
        "coordinates": [
          13.68788801,
          52.39647524
        ]
      },
      "properties": {
        "name": "Brunnen",
        "info": "Brunnentyp: Brunnen (Trinkwasserversorgung)",
        "category": "Straßenbrunnen",
        "source": "Öffentlicher Datensatz Berlins"
      }
    },
    {
      "type": "Feature",
      "geometry": {
        "type": "Point",
        "coordinates": [
          13.68599137,
          52.39589655
        ]
      },
      "properties": {
        "name": "Brunnen",
        "info": "Brunnentyp: Brunnen (Trinkwasserversorgung)",
        "category": "Straßenbrunnen",
        "source": "Öffentlicher Datensatz Berlins"
      }
    },
    {
      "type": "Feature",
      "geometry": {
        "type": "Point",
        "coordinates": [
          13.68723338,
          52.39625527
        ]
      },
      "properties": {
        "name": "Brunnen",
        "info": "Brunnentyp: Brunnen (Trinkwasserversorgung)",
        "category": "Straßenbrunnen",
        "source": "Öffentlicher Datensatz Berlins"
      }
    },
    {
      "type": "Feature",
      "geometry": {
        "type": "Point",
        "coordinates": [
          13.68655482,
          52.39608694
        ]
      },
      "properties": {
        "name": "Brunnen",
        "info": "Brunnentyp: Brunnen (Trinkwasserversorgung)",
        "category": "Straßenbrunnen",
        "source": "Öffentlicher Datensatz Berlins"
      }
    },
    {
      "type": "Feature",
      "geometry": {
        "type": "Point",
        "coordinates": [
          13.68455351,
          52.39552595
        ]
      },
      "properties": {
        "name": "Brunnen",
        "info": "Brunnentyp: Brunnen (Trinkwasserversorgung)",
        "category": "Straßenbrunnen",
        "source": "Öffentlicher Datensatz Berlins"
      }
    },
    {
      "type": "Feature",
      "geometry": {
        "type": "Point",
        "coordinates": [
          13.68232481,
          52.39577582
        ]
      },
      "properties": {
        "name": "Brunnen",
        "info": "Brunnentyp: Brunnen (Trinkwasserversorgung)",
        "category": "Straßenbrunnen",
        "source": "Öffentlicher Datensatz Berlins"
      }
    },
    {
      "type": "Feature",
      "geometry": {
        "type": "Point",
        "coordinates": [
          13.67758817,
          52.39309931
        ]
      },
      "properties": {
        "name": "Brunnen",
        "info": "Brunnentyp: Brunnen (Trinkwasserversorgung)",
        "category": "Straßenbrunnen",
        "source": "Öffentlicher Datensatz Berlins"
      }
    },
    {
      "type": "Feature",
      "geometry": {
        "type": "Point",
        "coordinates": [
          13.67634978,
          52.39231812
        ]
      },
      "properties": {
        "name": "Brunnen",
        "info": "Brunnentyp: Brunnen (Trinkwasserversorgung)",
        "category": "Straßenbrunnen",
        "source": "Öffentlicher Datensatz Berlins"
      }
    },
    {
      "type": "Feature",
      "geometry": {
        "type": "Point",
        "coordinates": [
          13.6785867,
          52.39438594
        ]
      },
      "properties": {
        "name": "Brunnen",
        "info": "Brunnentyp: Brunnen (Trinkwasserversorgung)",
        "category": "Straßenbrunnen",
        "source": "Öffentlicher Datensatz Berlins"
      }
    },
    {
      "type": "Feature",
      "geometry": {
        "type": "Point",
        "coordinates": [
          13.67372957,
          52.39070199
        ]
      },
      "properties": {
        "name": "Brunnen",
        "info": "Brunnentyp: Brunnen (Trinkwasserversorgung)",
        "category": "Straßenbrunnen",
        "source": "Öffentlicher Datensatz Berlins"
      }
    },
    {
      "type": "Feature",
      "geometry": {
        "type": "Point",
        "coordinates": [
          13.6803887,
          52.39529595
        ]
      },
      "properties": {
        "name": "Brunnen",
        "info": "Brunnentyp: Brunnen (Trinkwasserversorgung)",
        "category": "Straßenbrunnen",
        "source": "Öffentlicher Datensatz Berlins"
      }
    },
    {
      "type": "Feature",
      "geometry": {
        "type": "Point",
        "coordinates": [
          13.67286912,
          52.39009028
        ]
      },
      "properties": {
        "name": "Brunnen",
        "info": "Brunnentyp: Brunnen (Trinkwasserversorgung)",
        "category": "Straßenbrunnen",
        "source": "Öffentlicher Datensatz Berlins"
      }
    },
    {
      "type": "Feature",
      "geometry": {
        "type": "Point",
        "coordinates": [
          13.64850893,
          52.39525782
        ]
      },
      "properties": {
        "name": "Brunnen",
        "info": "Brunnentyp: Brunnen (Trinkwasserversorgung)",
        "category": "Straßenbrunnen",
        "source": "Öffentlicher Datensatz Berlins"
      }
    },
    {
      "type": "Feature",
      "geometry": {
        "type": "Point",
        "coordinates": [
          13.63663566,
          52.37761933
        ]
      },
      "properties": {
        "name": "Brunnen",
        "info": "Brunnentyp: Brunnen (Trinkwasserversorgung)",
        "category": "Straßenbrunnen",
        "source": "Öffentlicher Datensatz Berlins"
      }
    },
    {
      "type": "Feature",
      "geometry": {
        "type": "Point",
        "coordinates": [
          13.63853853,
          52.37773931
        ]
      },
      "properties": {
        "name": "Brunnen",
        "info": "Brunnentyp: Brunnen (Trinkwasserversorgung)",
        "category": "Straßenbrunnen",
        "source": "Öffentlicher Datensatz Berlins"
      }
    },
    {
      "type": "Feature",
      "geometry": {
        "type": "Point",
        "coordinates": [
          13.62607798,
          52.39816024
        ]
      },
      "properties": {
        "name": "Brunnen",
        "info": "Brunnentyp: Brunnen (Trinkwasserversorgung)",
        "category": "Straßenbrunnen",
        "source": "Öffentlicher Datensatz Berlins"
      }
    },
    {
      "type": "Feature",
      "geometry": {
        "type": "Point",
        "coordinates": [
          13.64982026,
          52.39319872
        ]
      },
      "properties": {
        "name": "Brunnen",
        "info": "Brunnentyp: Brunnen (Trinkwasserversorgung)",
        "category": "Straßenbrunnen",
        "source": "Öffentlicher Datensatz Berlins"
      }
    },
    {
      "type": "Feature",
      "geometry": {
        "type": "Point",
        "coordinates": [
          13.63955895,
          52.3776577
        ]
      },
      "properties": {
        "name": "Brunnen",
        "info": "Brunnentyp: Brunnen (Trinkwasserversorgung)",
        "category": "Straßenbrunnen",
        "source": "Öffentlicher Datensatz Berlins"
      }
    },
    {
      "type": "Feature",
      "geometry": {
        "type": "Point",
        "coordinates": [
          13.63772543,
          52.37703555
        ]
      },
      "properties": {
        "name": "Brunnen",
        "info": "Brunnentyp: Brunnen (Trinkwasserversorgung)",
        "category": "Straßenbrunnen",
        "source": "Öffentlicher Datensatz Berlins"
      }
    },
    {
      "type": "Feature",
      "geometry": {
        "type": "Point",
        "coordinates": [
          13.64772922,
          52.39584014
        ]
      },
      "properties": {
        "name": "Brunnen",
        "info": "Brunnentyp: Brunnen (Trinkwasserversorgung)",
        "category": "Straßenbrunnen",
        "source": "Öffentlicher Datensatz Berlins"
      }
    },
    {
      "type": "Feature",
      "geometry": {
        "type": "Point",
        "coordinates": [
          13.64997273,
          52.39273332
        ]
      },
      "properties": {
        "name": "Brunnen",
        "info": "Brunnentyp: Brunnen (Trinkwasserversorgung)",
        "category": "Straßenbrunnen",
        "source": "Öffentlicher Datensatz Berlins"
      }
    },
    {
      "type": "Feature",
      "geometry": {
        "type": "Point",
        "coordinates": [
          13.6416664,
          52.37773404
        ]
      },
      "properties": {
        "name": "Brunnen",
        "info": "Brunnentyp: Brunnen (Trinkwasserversorgung)",
        "category": "Straßenbrunnen",
        "source": "Öffentlicher Datensatz Berlins"
      }
    },
    {
      "type": "Feature",
      "geometry": {
        "type": "Point",
        "coordinates": [
          13.6467061,
          52.39647205
        ]
      },
      "properties": {
        "name": "Brunnen",
        "info": "Brunnentyp: Brunnen (Trinkwasserversorgung)",
        "category": "Straßenbrunnen",
        "source": "Öffentlicher Datensatz Berlins"
      }
    },
    {
      "type": "Feature",
      "geometry": {
        "type": "Point",
        "coordinates": [
          13.645763,
          52.39714616
        ]
      },
      "properties": {
        "name": "Brunnen",
        "info": "Brunnentyp: Brunnen (Trinkwasserversorgung)",
        "category": "Straßenbrunnen",
        "source": "Öffentlicher Datensatz Berlins"
      }
    },
    {
      "type": "Feature",
      "geometry": {
        "type": "Point",
        "coordinates": [
          13.6407864,
          52.37769808
        ]
      },
      "properties": {
        "name": "Brunnen",
        "info": "Brunnentyp: Brunnen (Trinkwasserversorgung)",
        "category": "Straßenbrunnen",
        "source": "Öffentlicher Datensatz Berlins"
      }
    },
    {
      "type": "Feature",
      "geometry": {
        "type": "Point",
        "coordinates": [
          13.62693339,
          52.39758373
        ]
      },
      "properties": {
        "name": "Brunnen",
        "info": "Brunnentyp: Brunnen (Trinkwasserversorgung)",
        "category": "Straßenbrunnen",
        "source": "Öffentlicher Datensatz Berlins"
      }
    },
    {
      "type": "Feature",
      "geometry": {
        "type": "Point",
        "coordinates": [
          13.63560051,
          52.37738936
        ]
      },
      "properties": {
        "name": "Brunnen",
        "info": "Brunnentyp: Brunnen (Trinkwasserversorgung)",
        "category": "Straßenbrunnen",
        "source": "Öffentlicher Datensatz Berlins"
      }
    },
    {
      "type": "Feature",
      "geometry": {
        "type": "Point",
        "coordinates": [
          13.64951853,
          52.39370515
        ]
      },
      "properties": {
        "name": "Brunnen",
        "info": "Brunnentyp: Brunnen (Trinkwasserversorgung)",
        "category": "Straßenbrunnen",
        "source": "Öffentlicher Datensatz Berlins"
      }
    },
    {
      "type": "Feature",
      "geometry": {
        "type": "Point",
        "coordinates": [
          13.64384354,
          52.3984819
        ]
      },
      "properties": {
        "name": "Brunnen",
        "info": "Brunnentyp: Brunnen (Trinkwasserversorgung)",
        "category": "Straßenbrunnen",
        "source": "Öffentlicher Datensatz Berlins"
      }
    },
    {
      "type": "Feature",
      "geometry": {
        "type": "Point",
        "coordinates": [
          13.63462531,
          52.3772479
        ]
      },
      "properties": {
        "name": "Brunnen",
        "info": "Brunnentyp: Brunnen (Trinkwasserversorgung)",
        "category": "Straßenbrunnen",
        "source": "Öffentlicher Datensatz Berlins"
      }
    },
    {
      "type": "Feature",
      "geometry": {
        "type": "Point",
        "coordinates": [
          13.64917486,
          52.39418327
        ]
      },
      "properties": {
        "name": "Brunnen",
        "info": "Brunnentyp: Brunnen (Trinkwasserversorgung)",
        "category": "Straßenbrunnen",
        "source": "Öffentlicher Datensatz Berlins"
      }
    },
    {
      "type": "Feature",
      "geometry": {
        "type": "Point",
        "coordinates": [
          13.65049101,
          52.3918987
        ]
      },
      "properties": {
        "name": "Brunnen",
        "info": "Brunnentyp: Brunnen (Trinkwasserversorgung)",
        "category": "Straßenbrunnen",
        "source": "Öffentlicher Datensatz Berlins"
      }
    },
    {
      "type": "Feature",
      "geometry": {
        "type": "Point",
        "coordinates": [
          13.63513937,
          52.37695525
        ]
      },
      "properties": {
        "name": "Brunnen",
        "info": "Brunnentyp: Brunnen (Trinkwasserversorgung)",
        "category": "Straßenbrunnen",
        "source": "Öffentlicher Datensatz Berlins"
      }
    },
    {
      "type": "Feature",
      "geometry": {
        "type": "Point",
        "coordinates": [
          13.64483714,
          52.39778108
        ]
      },
      "properties": {
        "name": "Brunnen",
        "info": "Brunnentyp: Brunnen (Trinkwasserversorgung)",
        "category": "Straßenbrunnen",
        "source": "Öffentlicher Datensatz Berlins"
      }
    },
    {
      "type": "Feature",
      "geometry": {
        "type": "Point",
        "coordinates": [
          13.63711917,
          52.37734818
        ]
      },
      "properties": {
        "name": "Brunnen",
        "info": "Brunnentyp: Brunnen (Trinkwasserversorgung)",
        "category": "Straßenbrunnen",
        "source": "Öffentlicher Datensatz Berlins"
      }
    },
    {
      "type": "Feature",
      "geometry": {
        "type": "Point",
        "coordinates": [
          13.63736872,
          52.37773464
        ]
      },
      "properties": {
        "name": "Brunnen",
        "info": "Brunnentyp: Brunnen (Trinkwasserversorgung)",
        "category": "Straßenbrunnen",
        "source": "Öffentlicher Datensatz Berlins"
      }
    },
    {
      "type": "Feature",
      "geometry": {
        "type": "Point",
        "coordinates": [
          13.63663305,
          52.37709239
        ]
      },
      "properties": {
        "name": "Brunnen",
        "info": "Brunnentyp: Brunnen (Trinkwasserversorgung)",
        "category": "Straßenbrunnen",
        "source": "Öffentlicher Datensatz Berlins"
      }
    },
    {
      "type": "Feature",
      "geometry": {
        "type": "Point",
        "coordinates": [
          13.64874441,
          52.39467718
        ]
      },
      "properties": {
        "name": "Brunnen",
        "info": "Brunnentyp: Brunnen (Trinkwasserversorgung)",
        "category": "Straßenbrunnen",
        "source": "Öffentlicher Datensatz Berlins"
      }
    },
    {
      "type": "Feature",
      "geometry": {
        "type": "Point",
        "coordinates": [
          13.63819623,
          52.37736841
        ]
      },
      "properties": {
        "name": "Brunnen",
        "info": "Brunnentyp: Brunnen (Trinkwasserversorgung)",
        "category": "Straßenbrunnen",
        "source": "Öffentlicher Datensatz Berlins"
      }
    },
    {
      "type": "Feature",
      "geometry": {
        "type": "Point",
        "coordinates": [
          13.63475112,
          52.37712756
        ]
      },
      "properties": {
        "name": "Brunnen",
        "info": "Brunnentyp: Brunnen (Trinkwasserversorgung)",
        "category": "Straßenbrunnen",
        "source": "Öffentlicher Datensatz Berlins"
      }
    },
    {
      "type": "Feature",
      "geometry": {
        "type": "Point",
        "coordinates": [
          13.63615285,
          52.37744907
        ]
      },
      "properties": {
        "name": "Brunnen",
        "info": "Brunnentyp: Brunnen (Trinkwasserversorgung)",
        "category": "Straßenbrunnen",
        "source": "Öffentlicher Datensatz Berlins"
      }
    },
    {
      "type": "Feature",
      "geometry": {
        "type": "Point",
        "coordinates": [
          13.63852333,
          52.37737938
        ]
      },
      "properties": {
        "name": "Brunnen",
        "info": "Brunnentyp: Brunnen (Trinkwasserversorgung)",
        "category": "Straßenbrunnen",
        "source": "Öffentlicher Datensatz Berlins"
      }
    },
    {
      "type": "Feature",
      "geometry": {
        "type": "Point",
        "coordinates": [
          13.65012973,
          52.39236737
        ]
      },
      "properties": {
        "name": "Brunnen",
        "info": "Brunnentyp: Brunnen (Trinkwasserversorgung)",
        "category": "Straßenbrunnen",
        "source": "Öffentlicher Datensatz Berlins"
      }
    },
    {
      "type": "Feature",
      "geometry": {
        "type": "Point",
        "coordinates": [
          13.42020406,
          52.5427327
        ]
      },
      "properties": {
        "name": "Brunnen",
        "info": "Brunnentyp: Brunnen",
        "category": "Straßenbrunnen",
        "source": "Öffentlicher Datensatz Berlins"
      }
    },
    {
      "type": "Feature",
      "geometry": {
        "type": "Point",
        "coordinates": [
          13.44011212,
          52.51857738
        ]
      },
      "properties": {
        "name": "Brunnen",
        "info": "Brunnentyp: Brunnen",
        "category": "Straßenbrunnen",
        "source": "Öffentlicher Datensatz Berlins"
      }
    },
    {
      "type": "Feature",
      "geometry": {
        "type": "Point",
        "coordinates": [
          13.46510289,
          52.50763358
        ]
      },
      "properties": {
        "name": "Brunnen",
        "info": "Brunnentyp: Brunnen",
        "category": "Straßenbrunnen",
        "source": "Öffentlicher Datensatz Berlins"
      }
    },
    {
      "type": "Feature",
      "geometry": {
        "type": "Point",
        "coordinates": [
          13.43250291,
          52.49887063
        ]
      },
      "properties": {
        "name": "Brunnen",
        "info": "Brunnentyp: Brunnen",
        "category": "Straßenbrunnen",
        "source": "Öffentlicher Datensatz Berlins"
      }
    },
    {
      "type": "Feature",
      "geometry": {
        "type": "Point",
        "coordinates": [
          13.45729189,
          52.515698
        ]
      },
      "properties": {
        "name": "Brunnen",
        "info": "Brunnentyp: Brunnen",
        "category": "Straßenbrunnen",
        "source": "Öffentlicher Datensatz Berlins"
      }
    },
    {
      "type": "Feature",
      "geometry": {
        "type": "Point",
        "coordinates": [
          13.44443391,
          52.54245138
        ]
      },
      "properties": {
        "name": "Brunnen",
        "info": "Brunnentyp: Brunnen",
        "category": "Straßenbrunnen",
        "source": "Öffentlicher Datensatz Berlins"
      }
    },
    {
      "type": "Feature",
      "geometry": {
        "type": "Point",
        "coordinates": [
          13.48232656,
          52.5118651
        ]
      },
      "properties": {
        "name": "Brunnen",
        "info": "Brunnentyp: Brunnen",
        "category": "Straßenbrunnen",
        "source": "Öffentlicher Datensatz Berlins"
      }
    },
    {
      "type": "Feature",
      "geometry": {
        "type": "Point",
        "coordinates": [
          13.4438001,
          52.51540151
        ]
      },
      "properties": {
        "name": "Brunnen",
        "info": "Brunnentyp: Brunnen",
        "category": "Straßenbrunnen",
        "source": "Öffentlicher Datensatz Berlins"
      }
    },
    {
      "type": "Feature",
      "geometry": {
        "type": "Point",
        "coordinates": [
          13.42829397,
          52.51852774
        ]
      },
      "properties": {
        "name": "Brunnen",
        "info": "Brunnentyp: Brunnen",
        "category": "Straßenbrunnen",
        "source": "Öffentlicher Datensatz Berlins"
      }
    },
    {
      "type": "Feature",
      "geometry": {
        "type": "Point",
        "coordinates": [
          13.42433946,
          52.50205499
        ]
      },
      "properties": {
        "name": "Brunnen",
        "info": "Brunnentyp: Brunnen",
        "category": "Straßenbrunnen",
        "source": "Öffentlicher Datensatz Berlins"
      }
    },
    {
      "type": "Feature",
      "geometry": {
        "type": "Point",
        "coordinates": [
          13.46996181,
          52.51094469
        ]
      },
      "properties": {
        "name": "Brunnen",
        "info": "Brunnentyp: Brunnen",
        "category": "Straßenbrunnen",
        "source": "Öffentlicher Datensatz Berlins"
      }
    },
    {
      "type": "Feature",
      "geometry": {
        "type": "Point",
        "coordinates": [
          13.43288057,
          52.53687086
        ]
      },
      "properties": {
        "name": "Brunnen",
        "info": "Brunnentyp: Brunnen",
        "category": "Straßenbrunnen",
        "source": "Öffentlicher Datensatz Berlins"
      }
    },
    {
      "type": "Feature",
      "geometry": {
        "type": "Point",
        "coordinates": [
          13.49564864,
          52.53459157
        ]
      },
      "properties": {
        "name": "Brunnen",
        "info": "Brunnentyp: Brunnen",
        "category": "Straßenbrunnen",
        "source": "Öffentlicher Datensatz Berlins"
      }
    },
    {
      "type": "Feature",
      "geometry": {
        "type": "Point",
        "coordinates": [
          13.44475492,
          52.54240177
        ]
      },
      "properties": {
        "name": "Brunnen",
        "info": "Brunnentyp: Brunnen",
        "category": "Straßenbrunnen",
        "source": "Öffentlicher Datensatz Berlins"
      }
    },
    {
      "type": "Feature",
      "geometry": {
        "type": "Point",
        "coordinates": [
          13.47807756,
          52.51377428
        ]
      },
      "properties": {
        "name": "Brunnen",
        "info": "Brunnentyp: Brunnen",
        "category": "Straßenbrunnen",
        "source": "Öffentlicher Datensatz Berlins"
      }
    },
    {
      "type": "Feature",
      "geometry": {
        "type": "Point",
        "coordinates": [
          13.42489968,
          52.53938076
        ]
      },
      "properties": {
        "name": "Brunnen",
        "info": "Brunnentyp: Brunnen",
        "category": "Straßenbrunnen",
        "source": "Öffentlicher Datensatz Berlins"
      }
    },
    {
      "type": "Feature",
      "geometry": {
        "type": "Point",
        "coordinates": [
          13.43456231,
          52.52765255
        ]
      },
      "properties": {
        "name": "Brunnen",
        "info": "Brunnentyp: Brunnen",
        "category": "Straßenbrunnen",
        "source": "Öffentlicher Datensatz Berlins"
      }
    },
    {
      "type": "Feature",
      "geometry": {
        "type": "Point",
        "coordinates": [
          13.43680879,
          52.53883476
        ]
      },
      "properties": {
        "name": "Brunnen",
        "info": "Brunnentyp: Brunnen",
        "category": "Straßenbrunnen",
        "source": "Öffentlicher Datensatz Berlins"
      }
    },
    {
      "type": "Feature",
      "geometry": {
        "type": "Point",
        "coordinates": [
          13.41615455,
          52.50284842
        ]
      },
      "properties": {
        "name": "Brunnen",
        "info": "Brunnentyp: Brunnen",
        "category": "Straßenbrunnen",
        "source": "Öffentlicher Datensatz Berlins"
      }
    },
    {
      "type": "Feature",
      "geometry": {
        "type": "Point",
        "coordinates": [
          13.41898232,
          52.51573779
        ]
      },
      "properties": {
        "name": "Brunnen",
        "info": "Brunnentyp: Brunnen",
        "category": "Straßenbrunnen",
        "source": "Öffentlicher Datensatz Berlins"
      }
    },
    {
      "type": "Feature",
      "geometry": {
        "type": "Point",
        "coordinates": [
          13.48618891,
          52.53518416
        ]
      },
      "properties": {
        "name": "Brunnen",
        "info": "Brunnentyp: Brunnen",
        "category": "Straßenbrunnen",
        "source": "Öffentlicher Datensatz Berlins"
      }
    },
    {
      "type": "Feature",
      "geometry": {
        "type": "Point",
        "coordinates": [
          13.45921601,
          52.51106881
        ]
      },
      "properties": {
        "name": "Brunnen",
        "info": "Brunnentyp: Brunnen",
        "category": "Straßenbrunnen",
        "source": "Öffentlicher Datensatz Berlins"
      }
    },
    {
      "type": "Feature",
      "geometry": {
        "type": "Point",
        "coordinates": [
          13.41755555,
          52.50475585
        ]
      },
      "properties": {
        "name": "Brunnen",
        "info": "Brunnentyp: Brunnen",
        "category": "Straßenbrunnen",
        "source": "Öffentlicher Datensatz Berlins"
      }
    },
    {
      "type": "Feature",
      "geometry": {
        "type": "Point",
        "coordinates": [
          13.428357,
          52.52698426
        ]
      },
      "properties": {
        "name": "Brunnen",
        "info": "Brunnentyp: Brunnen",
        "category": "Straßenbrunnen",
        "source": "Öffentlicher Datensatz Berlins"
      }
    },
    {
      "type": "Feature",
      "geometry": {
        "type": "Point",
        "coordinates": [
          13.47151667,
          52.53016475
        ]
      },
      "properties": {
        "name": "Brunnen",
        "info": "Brunnentyp: Brunnen",
        "category": "Straßenbrunnen",
        "source": "Öffentlicher Datensatz Berlins"
      }
    },
    {
      "type": "Feature",
      "geometry": {
        "type": "Point",
        "coordinates": [
          13.43042458,
          52.52371115
        ]
      },
      "properties": {
        "name": "Brunnen",
        "info": "Brunnentyp: Brunnen",
        "category": "Straßenbrunnen",
        "source": "Öffentlicher Datensatz Berlins"
      }
    },
    {
      "type": "Feature",
      "geometry": {
        "type": "Point",
        "coordinates": [
          13.45749266,
          52.51567706
        ]
      },
      "properties": {
        "name": "Brunnen",
        "info": "Brunnentyp: Brunnen",
        "category": "Straßenbrunnen",
        "source": "Öffentlicher Datensatz Berlins"
      }
    },
    {
      "type": "Feature",
      "geometry": {
        "type": "Point",
        "coordinates": [
          13.43714476,
          52.5330238
        ]
      },
      "properties": {
        "name": "Brunnen",
        "info": "Brunnentyp: Brunnen",
        "category": "Straßenbrunnen",
        "source": "Öffentlicher Datensatz Berlins"
      }
    },
    {
      "type": "Feature",
      "geometry": {
        "type": "Point",
        "coordinates": [
          13.42674416,
          52.52794805
        ]
      },
      "properties": {
        "name": "Brunnen",
        "info": "Brunnentyp: Brunnen",
        "category": "Straßenbrunnen",
        "source": "Öffentlicher Datensatz Berlins"
      }
    },
    {
      "type": "Feature",
      "geometry": {
        "type": "Point",
        "coordinates": [
          13.46086951,
          52.51966739
        ]
      },
      "properties": {
        "name": "Brunnen",
        "info": "Brunnentyp: Brunnen",
        "category": "Straßenbrunnen",
        "source": "Öffentlicher Datensatz Berlins"
      }
    },
    {
      "type": "Feature",
      "geometry": {
        "type": "Point",
        "coordinates": [
          13.43237414,
          52.53928535
        ]
      },
      "properties": {
        "name": "Brunnen",
        "info": "Brunnentyp: Brunnen",
        "category": "Straßenbrunnen",
        "source": "Öffentlicher Datensatz Berlins"
      }
    },
    {
      "type": "Feature",
      "geometry": {
        "type": "Point",
        "coordinates": [
          13.43463297,
          52.51748374
        ]
      },
      "properties": {
        "name": "Brunnen",
        "info": "Brunnentyp: Brunnen",
        "category": "Straßenbrunnen",
        "source": "Öffentlicher Datensatz Berlins"
      }
    },
    {
      "type": "Feature",
      "geometry": {
        "type": "Point",
        "coordinates": [
          13.42770117,
          52.52785345
        ]
      },
      "properties": {
        "name": "Brunnen",
        "info": "Brunnentyp: Brunnen",
        "category": "Straßenbrunnen",
        "source": "Öffentlicher Datensatz Berlins"
      }
    },
    {
      "type": "Feature",
      "geometry": {
        "type": "Point",
        "coordinates": [
          13.44506987,
          52.54023686
        ]
      },
      "properties": {
        "name": "Brunnen",
        "info": "Brunnentyp: Brunnen",
        "category": "Straßenbrunnen",
        "source": "Öffentlicher Datensatz Berlins"
      }
    },
    {
      "type": "Feature",
      "geometry": {
        "type": "Point",
        "coordinates": [
          13.46934318,
          52.53317208
        ]
      },
      "properties": {
        "name": "Brunnen",
        "info": "Brunnentyp: Brunnen",
        "category": "Straßenbrunnen",
        "source": "Öffentlicher Datensatz Berlins"
      }
    },
    {
      "type": "Feature",
      "geometry": {
        "type": "Point",
        "coordinates": [
          13.45716399,
          52.51570917
        ]
      },
      "properties": {
        "name": "Brunnen",
        "info": "Brunnentyp: Brunnen",
        "category": "Straßenbrunnen",
        "source": "Öffentlicher Datensatz Berlins"
      }
    },
    {
      "type": "Feature",
      "geometry": {
        "type": "Point",
        "coordinates": [
          13.47179349,
          52.52936956
        ]
      },
      "properties": {
        "name": "Brunnen",
        "info": "Brunnentyp: Brunnen",
        "category": "Straßenbrunnen",
        "source": "Öffentlicher Datensatz Berlins"
      }
    },
    {
      "type": "Feature",
      "geometry": {
        "type": "Point",
        "coordinates": [
          13.45761947,
          52.51566372
        ]
      },
      "properties": {
        "name": "Brunnen",
        "info": "Brunnentyp: Brunnen",
        "category": "Straßenbrunnen",
        "source": "Öffentlicher Datensatz Berlins"
      }
    },
    {
      "type": "Feature",
      "geometry": {
        "type": "Point",
        "coordinates": [
          13.44408504,
          52.54252192
        ]
      },
      "properties": {
        "name": "Brunnen",
        "info": "Brunnentyp: Brunnen",
        "category": "Straßenbrunnen",
        "source": "Öffentlicher Datensatz Berlins"
      }
    },
    {
      "type": "Feature",
      "geometry": {
        "type": "Point",
        "coordinates": [
          13.45053281,
          52.52124423
        ]
      },
      "properties": {
        "name": "Brunnen",
        "info": "Brunnentyp: Brunnen",
        "category": "Straßenbrunnen",
        "source": "Öffentlicher Datensatz Berlins"
      }
    },
    {
      "type": "Feature",
      "geometry": {
        "type": "Point",
        "coordinates": [
          13.19865241,
          52.53396727
        ]
      },
      "properties": {
        "name": "Brunnen",
        "info": "Brunnentyp: Brunnen",
        "category": "Straßenbrunnen",
        "source": "Öffentlicher Datensatz Berlins"
      }
    },
    {
      "type": "Feature",
      "geometry": {
        "type": "Point",
        "coordinates": [
          13.29049449,
          52.42060014
        ]
      },
      "properties": {
        "name": "Brunnen",
        "info": "Brunnentyp: Brunnen",
        "category": "Straßenbrunnen",
        "source": "Öffentlicher Datensatz Berlins"
      }
    },
    {
      "type": "Feature",
      "geometry": {
        "type": "Point",
        "coordinates": [
          13.29406209,
          52.42208929
        ]
      },
      "properties": {
        "name": "Brunnen",
        "info": "Brunnentyp: Brunnen",
        "category": "Straßenbrunnen",
        "source": "Öffentlicher Datensatz Berlins"
      }
    },
    {
      "type": "Feature",
      "geometry": {
        "type": "Point",
        "coordinates": [
          13.33576327,
          52.60932764
        ]
      },
      "properties": {
        "name": "Brunnen",
        "info": "Brunnentyp: Brunnen",
        "category": "Straßenbrunnen",
        "source": "Öffentlicher Datensatz Berlins"
      }
    },
    {
      "type": "Feature",
      "geometry": {
        "type": "Point",
        "coordinates": [
          13.35922712,
          52.5170618
        ]
      },
      "properties": {
        "name": "Brunnen",
        "info": "Brunnentyp: Brunnen",
        "category": "Straßenbrunnen",
        "source": "Öffentlicher Datensatz Berlins"
      }
    },
    {
      "type": "Feature",
      "geometry": {
        "type": "Point",
        "coordinates": [
          13.3955093,
          52.5239527
        ]
      },
      "properties": {
        "name": "Brunnen",
        "info": "Brunnentyp: Brunnen",
        "category": "Straßenbrunnen",
        "source": "Öffentlicher Datensatz Berlins"
      }
    },
    {
      "type": "Feature",
      "geometry": {
        "type": "Point",
        "coordinates": [
          13.40101146,
          52.51198888
        ]
      },
      "properties": {
        "name": "Brunnen",
        "info": "Brunnentyp: Brunnen",
        "category": "Straßenbrunnen",
        "source": "Öffentlicher Datensatz Berlins"
      }
    },
    {
      "type": "Feature",
      "geometry": {
        "type": "Point",
        "coordinates": [
          13.3479361,
          52.51683527
        ]
      },
      "properties": {
        "name": "Brunnen",
        "info": "Brunnentyp: Brunnen",
        "category": "Straßenbrunnen",
        "source": "Öffentlicher Datensatz Berlins"
      }
    },
    {
      "type": "Feature",
      "geometry": {
        "type": "Point",
        "coordinates": [
          13.37772447,
          52.50568552
        ]
      },
      "properties": {
        "name": "Brunnen",
        "info": "Brunnentyp: Brunnen",
        "category": "Straßenbrunnen",
        "source": "Öffentlicher Datensatz Berlins"
      }
    },
    {
      "type": "Feature",
      "geometry": {
        "type": "Point",
        "coordinates": [
          13.3981361,
          52.51561389
        ]
      },
      "properties": {
        "name": "Brunnen",
        "info": "Brunnentyp: Brunnen",
        "category": "Straßenbrunnen",
        "source": "Öffentlicher Datensatz Berlins"
      }
    },
    {
      "type": "Feature",
      "geometry": {
        "type": "Point",
        "coordinates": [
          13.39266209,
          52.5136146
        ]
      },
      "properties": {
        "name": "Brunnen",
        "info": "Brunnentyp: Brunnen",
        "category": "Straßenbrunnen",
        "source": "Öffentlicher Datensatz Berlins"
      }
    },
    {
      "type": "Feature",
      "geometry": {
        "type": "Point",
        "coordinates": [
          13.38548133,
          52.51999201
        ]
      },
      "properties": {
        "name": "Brunnen",
        "info": "Brunnentyp: Brunnen",
        "category": "Straßenbrunnen",
        "source": "Öffentlicher Datensatz Berlins"
      }
    },
    {
      "type": "Feature",
      "geometry": {
        "type": "Point",
        "coordinates": [
          13.34809566,
          52.51671317
        ]
      },
      "properties": {
        "name": "Brunnen",
        "info": "Brunnentyp: Brunnen",
        "category": "Straßenbrunnen",
        "source": "Öffentlicher Datensatz Berlins"
      }
    },
    {
      "type": "Feature",
      "geometry": {
        "type": "Point",
        "coordinates": [
          13.34818264,
          52.51686963
        ]
      },
      "properties": {
        "name": "Brunnen",
        "info": "Brunnentyp: Brunnen",
        "category": "Straßenbrunnen",
        "source": "Öffentlicher Datensatz Berlins"
      }
    },
    {
      "type": "Feature",
      "geometry": {
        "type": "Point",
        "coordinates": [
          13.39513453,
          52.53256816
        ]
      },
      "properties": {
        "name": "Brunnen",
        "info": "Brunnentyp: Brunnen",
        "category": "Straßenbrunnen",
        "source": "Öffentlicher Datensatz Berlins"
      }
    },
    {
      "type": "Feature",
      "geometry": {
        "type": "Point",
        "coordinates": [
          13.40244445,
          52.53200465
        ]
      },
      "properties": {
        "name": "Brunnen",
        "info": "Brunnentyp: Brunnen",
        "category": "Straßenbrunnen",
        "source": "Öffentlicher Datensatz Berlins"
      }
    },
    {
      "type": "Feature",
      "geometry": {
        "type": "Point",
        "coordinates": [
          13.37893123,
          52.5159931
        ]
      },
      "properties": {
        "name": "Brunnen",
        "info": "Brunnentyp: Brunnen",
        "category": "Straßenbrunnen",
        "source": "Öffentlicher Datensatz Berlins"
      }
    },
    {
      "type": "Feature",
      "geometry": {
        "type": "Point",
        "coordinates": [
          13.406829,
          52.51667938
        ]
      },
      "properties": {
        "name": "Brunnen",
        "info": "Brunnentyp: Brunnen",
        "category": "Straßenbrunnen",
        "source": "Öffentlicher Datensatz Berlins"
      }
    },
    {
      "type": "Feature",
      "geometry": {
        "type": "Point",
        "coordinates": [
          13.39711149,
          52.50184742
        ]
      },
      "properties": {
        "name": "Brunnen",
        "info": "Brunnentyp: Brunnen",
        "category": "Straßenbrunnen",
        "source": "Öffentlicher Datensatz Berlins"
      }
    },
    {
      "type": "Feature",
      "geometry": {
        "type": "Point",
        "coordinates": [
          13.37635024,
          52.52924555
        ]
      },
      "properties": {
        "name": "Brunnen",
        "info": "Brunnentyp: Brunnen",
        "category": "Straßenbrunnen",
        "source": "Öffentlicher Datensatz Berlins"
      }
    },
    {
      "type": "Feature",
      "geometry": {
        "type": "Point",
        "coordinates": [
          13.35728889,
          52.51359024
        ]
      },
      "properties": {
        "name": "Brunnen",
        "info": "Brunnentyp: Brunnen",
        "category": "Straßenbrunnen",
        "source": "Öffentlicher Datensatz Berlins"
      }
    },
    {
      "type": "Feature",
      "geometry": {
        "type": "Point",
        "coordinates": [
          13.3899324,
          52.50149992
        ]
      },
      "properties": {
        "name": "Brunnen",
        "info": "Brunnentyp: Brunnen",
        "category": "Straßenbrunnen",
        "source": "Öffentlicher Datensatz Berlins"
      }
    },
    {
      "type": "Feature",
      "geometry": {
        "type": "Point",
        "coordinates": [
          13.39177264,
          52.49896485
        ]
      },
      "properties": {
        "name": "Brunnen",
        "info": "Brunnentyp: Brunnen",
        "category": "Straßenbrunnen",
        "source": "Öffentlicher Datensatz Berlins"
      }
    },
    {
      "type": "Feature",
      "geometry": {
        "type": "Point",
        "coordinates": [
          13.34071503,
          52.50559407
        ]
      },
      "properties": {
        "name": "Brunnen",
        "info": "Brunnentyp: Brunnen",
        "category": "Straßenbrunnen",
        "source": "Öffentlicher Datensatz Berlins"
      }
    },
    {
      "type": "Feature",
      "geometry": {
        "type": "Point",
        "coordinates": [
          13.39785992,
          52.51934817
        ]
      },
      "properties": {
        "name": "Brunnen",
        "info": "Brunnentyp: Brunnen",
        "category": "Straßenbrunnen",
        "source": "Öffentlicher Datensatz Berlins"
      }
    },
    {
      "type": "Feature",
      "geometry": {
        "type": "Point",
        "coordinates": [
          13.40443692,
          52.54619312
        ]
      },
      "properties": {
        "name": "Brunnen",
        "info": "Brunnentyp: Brunnen",
        "category": "Straßenbrunnen",
        "source": "Öffentlicher Datensatz Berlins"
      }
    },
    {
      "type": "Feature",
      "geometry": {
        "type": "Point",
        "coordinates": [
          13.34789285,
          52.51675541
        ]
      },
      "properties": {
        "name": "Brunnen",
        "info": "Brunnentyp: Brunnen",
        "category": "Straßenbrunnen",
        "source": "Öffentlicher Datensatz Berlins"
      }
    },
    {
      "type": "Feature",
      "geometry": {
        "type": "Point",
        "coordinates": [
          13.37494519,
          52.51202793
        ]
      },
      "properties": {
        "name": "Brunnen",
        "info": "Brunnentyp: Brunnen",
        "category": "Straßenbrunnen",
        "source": "Öffentlicher Datensatz Berlins"
      }
    },
    {
      "type": "Feature",
      "geometry": {
        "type": "Point",
        "coordinates": [
          13.34798074,
          52.51691327
        ]
      },
      "properties": {
        "name": "Brunnen",
        "info": "Brunnentyp: Brunnen",
        "category": "Straßenbrunnen",
        "source": "Öffentlicher Datensatz Berlins"
      }
    },
    {
      "type": "Feature",
      "geometry": {
        "type": "Point",
        "coordinates": [
          13.40599411,
          52.50351292
        ]
      },
      "properties": {
        "name": "Brunnen",
        "info": "Brunnentyp: Brunnen",
        "category": "Straßenbrunnen",
        "source": "Öffentlicher Datensatz Berlins"
      }
    },
    {
      "type": "Feature",
      "geometry": {
        "type": "Point",
        "coordinates": [
          13.33650715,
          52.50468978
        ]
      },
      "properties": {
        "name": "Brunnen",
        "info": "Brunnentyp: Brunnen",
        "category": "Straßenbrunnen",
        "source": "Öffentlicher Datensatz Berlins"
      }
    },
    {
      "type": "Feature",
      "geometry": {
        "type": "Point",
        "coordinates": [
          13.40803765,
          52.52037712
        ]
      },
      "properties": {
        "name": "Brunnen",
        "info": "Brunnentyp: Brunnen",
        "category": "Straßenbrunnen",
        "source": "Öffentlicher Datensatz Berlins"
      }
    },
    {
      "type": "Feature",
      "geometry": {
        "type": "Point",
        "coordinates": [
          13.3525909,
          52.50504977
        ]
      },
      "properties": {
        "name": "Brunnen",
        "info": "Brunnentyp: Brunnen",
        "category": "Straßenbrunnen",
        "source": "Öffentlicher Datensatz Berlins"
      }
    },
    {
      "type": "Feature",
      "geometry": {
        "type": "Point",
        "coordinates": [
          13.39867606,
          52.51812113
        ]
      },
      "properties": {
        "name": "Brunnen",
        "info": "Brunnentyp: Brunnen",
        "category": "Straßenbrunnen",
        "source": "Öffentlicher Datensatz Berlins"
      }
    },
    {
      "type": "Feature",
      "geometry": {
        "type": "Point",
        "coordinates": [
          13.34323942,
          52.50227071
        ]
      },
      "properties": {
        "name": "Brunnen",
        "info": "Brunnentyp: Brunnen",
        "category": "Straßenbrunnen",
        "source": "Öffentlicher Datensatz Berlins"
      }
    },
    {
      "type": "Feature",
      "geometry": {
        "type": "Point",
        "coordinates": [
          13.40835713,
          52.52012824
        ]
      },
      "properties": {
        "name": "Brunnen",
        "info": "Brunnentyp: Brunnen",
        "category": "Straßenbrunnen",
        "source": "Öffentlicher Datensatz Berlins"
      }
    },
    {
      "type": "Feature",
      "geometry": {
        "type": "Point",
        "coordinates": [
          13.37880672,
          52.51670142
        ]
      },
      "properties": {
        "name": "Brunnen",
        "info": "Brunnentyp: Brunnen",
        "category": "Straßenbrunnen",
        "source": "Öffentlicher Datensatz Berlins"
      }
    },
    {
      "type": "Feature",
      "geometry": {
        "type": "Point",
        "coordinates": [
          13.39653575,
          52.51306451
        ]
      },
      "properties": {
        "name": "Brunnen",
        "info": "Brunnentyp: Brunnen",
        "category": "Straßenbrunnen",
        "source": "Öffentlicher Datensatz Berlins"
      }
    },
    {
      "type": "Feature",
      "geometry": {
        "type": "Point",
        "coordinates": [
          13.39967749,
          52.51858408
        ]
      },
      "properties": {
        "name": "Brunnen",
        "info": "Brunnentyp: Brunnen",
        "category": "Straßenbrunnen",
        "source": "Öffentlicher Datensatz Berlins"
      }
    },
    {
      "type": "Feature",
      "geometry": {
        "type": "Point",
        "coordinates": [
          13.3528045,
          52.50494582
        ]
      },
      "properties": {
        "name": "Brunnen",
        "info": "Brunnentyp: Brunnen",
        "category": "Straßenbrunnen",
        "source": "Öffentlicher Datensatz Berlins"
      }
    },
    {
      "type": "Feature",
      "geometry": {
        "type": "Point",
        "coordinates": [
          13.36057366,
          52.50366414
        ]
      },
      "properties": {
        "name": "Brunnen",
        "info": "Brunnentyp: Brunnen",
        "category": "Straßenbrunnen",
        "source": "Öffentlicher Datensatz Berlins"
      }
    },
    {
      "type": "Feature",
      "geometry": {
        "type": "Point",
        "coordinates": [
          13.4019802,
          52.5372855
        ]
      },
      "properties": {
        "name": "Brunnen",
        "info": "Brunnentyp: Brunnen",
        "category": "Straßenbrunnen",
        "source": "Öffentlicher Datensatz Berlins"
      }
    },
    {
      "type": "Feature",
      "geometry": {
        "type": "Point",
        "coordinates": [
          13.36941348,
          52.54466962
        ]
      },
      "properties": {
        "name": "Brunnen",
        "info": "Brunnentyp: Brunnen",
        "category": "Straßenbrunnen",
        "source": "Öffentlicher Datensatz Berlins"
      }
    },
    {
      "type": "Feature",
      "geometry": {
        "type": "Point",
        "coordinates": [
          13.35270262,
          52.50500245
        ]
      },
      "properties": {
        "name": "Brunnen",
        "info": "Brunnentyp: Brunnen",
        "category": "Straßenbrunnen",
        "source": "Öffentlicher Datensatz Berlins"
      }
    },
    {
      "type": "Feature",
      "geometry": {
        "type": "Point",
        "coordinates": [
          13.40567389,
          52.5035934
        ]
      },
      "properties": {
        "name": "Brunnen",
        "info": "Brunnentyp: Brunnen",
        "category": "Straßenbrunnen",
        "source": "Öffentlicher Datensatz Berlins"
      }
    },
    {
      "type": "Feature",
      "geometry": {
        "type": "Point",
        "coordinates": [
          13.37155387,
          52.52015218
        ]
      },
      "properties": {
        "name": "Brunnen",
        "info": "Brunnentyp: Brunnen",
        "category": "Straßenbrunnen",
        "source": "Öffentlicher Datensatz Berlins"
      }
    },
    {
      "type": "Feature",
      "geometry": {
        "type": "Point",
        "coordinates": [
          13.40683481,
          52.51959936
        ]
      },
      "properties": {
        "name": "Brunnen",
        "info": "Brunnentyp: Brunnen",
        "category": "Straßenbrunnen",
        "source": "Öffentlicher Datensatz Berlins"
      }
    },
    {
      "type": "Feature",
      "geometry": {
        "type": "Point",
        "coordinates": [
          13.34384332,
          52.53190559
        ]
      },
      "properties": {
        "name": "Brunnen",
        "info": "Brunnentyp: Brunnen",
        "category": "Straßenbrunnen",
        "source": "Öffentlicher Datensatz Berlins"
      }
    },
    {
      "type": "Feature",
      "geometry": {
        "type": "Point",
        "coordinates": [
          13.34813995,
          52.51679366
        ]
      },
      "properties": {
        "name": "Brunnen",
        "info": "Brunnentyp: Brunnen",
        "category": "Straßenbrunnen",
        "source": "Öffentlicher Datensatz Berlins"
      }
    },
    {
      "type": "Feature",
      "geometry": {
        "type": "Point",
        "coordinates": [
          13.34271428,
          52.50135996
        ]
      },
      "properties": {
        "name": "Brunnen",
        "info": "Brunnentyp: Brunnen",
        "category": "Straßenbrunnen",
        "source": "Öffentlicher Datensatz Berlins"
      }
    },
    {
      "type": "Feature",
      "geometry": {
        "type": "Point",
        "coordinates": [
          13.40888939,
          52.53182586
        ]
      },
      "properties": {
        "name": "Brunnen",
        "info": "Brunnentyp: Brunnen",
        "category": "Straßenbrunnen",
        "source": "Öffentlicher Datensatz Berlins"
      }
    },
    {
      "type": "Feature",
      "geometry": {
        "type": "Point",
        "coordinates": [
          13.41277628,
          52.52201807
        ]
      },
      "properties": {
        "name": "Brunnen",
        "info": "Brunnentyp: Brunnen",
        "category": "Straßenbrunnen",
        "source": "Öffentlicher Datensatz Berlins"
      }
    },
    {
      "type": "Feature",
      "geometry": {
        "type": "Point",
        "coordinates": [
          13.39843448,
          52.54107689
        ]
      },
      "properties": {
        "name": "Brunnen",
        "info": "Brunnentyp: Brunnen",
        "category": "Straßenbrunnen",
        "source": "Öffentlicher Datensatz Berlins"
      }
    },
    {
      "type": "Feature",
      "geometry": {
        "type": "Point",
        "coordinates": [
          13.40822404,
          52.5225262
        ]
      },
      "properties": {
        "name": "Brunnen",
        "info": "Brunnentyp: Brunnen",
        "category": "Straßenbrunnen",
        "source": "Öffentlicher Datensatz Berlins"
      }
    },
    {
      "type": "Feature",
      "geometry": {
        "type": "Point",
        "coordinates": [
          13.40825949,
          52.51683973
        ]
      },
      "properties": {
        "name": "Brunnen",
        "info": "Brunnentyp: Brunnen",
        "category": "Straßenbrunnen",
        "source": "Öffentlicher Datensatz Berlins"
      }
    },
    {
      "type": "Feature",
      "geometry": {
        "type": "Point",
        "coordinates": [
          13.35929413,
          52.54715702
        ]
      },
      "properties": {
        "name": "Brunnen",
        "info": "Brunnentyp: Brunnen",
        "category": "Straßenbrunnen",
        "source": "Öffentlicher Datensatz Berlins"
      }
    },
    {
      "type": "Feature",
      "geometry": {
        "type": "Point",
        "coordinates": [
          13.3987769,
          52.54131311
        ]
      },
      "properties": {
        "name": "Brunnen",
        "info": "Brunnentyp: Brunnen",
        "category": "Straßenbrunnen",
        "source": "Öffentlicher Datensatz Berlins"
      }
    },
    {
      "type": "Feature",
      "geometry": {
        "type": "Point",
        "coordinates": [
          13.38698469,
          52.54729393
        ]
      },
      "properties": {
        "name": "Brunnen",
        "info": "Brunnentyp: Brunnen",
        "category": "Straßenbrunnen",
        "source": "Öffentlicher Datensatz Berlins"
      }
    },
    {
      "type": "Feature",
      "geometry": {
        "type": "Point",
        "coordinates": [
          13.25647303,
          52.51883682
        ]
      },
      "properties": {
        "name": "Brunnen",
        "info": "Brunnentyp: Brunnen",
        "category": "Straßenbrunnen",
        "source": "Öffentlicher Datensatz Berlins"
      }
    },
    {
      "type": "Feature",
      "geometry": {
        "type": "Point",
        "coordinates": [
          13.26186193,
          52.54653655
        ]
      },
      "properties": {
        "name": "Brunnen",
        "info": "Brunnentyp: Brunnen",
        "category": "Straßenbrunnen",
        "source": "Öffentlicher Datensatz Berlins"
      }
    },
    {
      "type": "Feature",
      "geometry": {
        "type": "Point",
        "coordinates": [
          13.32231125,
          52.51258217
        ]
      },
      "properties": {
        "name": "Brunnen",
        "info": "Brunnentyp: Brunnen",
        "category": "Straßenbrunnen",
        "source": "Öffentlicher Datensatz Berlins"
      }
    },
    {
      "type": "Feature",
      "geometry": {
        "type": "Point",
        "coordinates": [
          13.32165438,
          52.51268766
        ]
      },
      "properties": {
        "name": "Brunnen",
        "info": "Brunnentyp: Brunnen",
        "category": "Straßenbrunnen",
        "source": "Öffentlicher Datensatz Berlins"
      }
    },
    {
      "type": "Feature",
      "geometry": {
        "type": "Point",
        "coordinates": [
          13.30634001,
          52.50775665
        ]
      },
      "properties": {
        "name": "Brunnen",
        "info": "Brunnentyp: Brunnen",
        "category": "Straßenbrunnen",
        "source": "Öffentlicher Datensatz Berlins"
      }
    },
    {
      "type": "Feature",
      "geometry": {
        "type": "Point",
        "coordinates": [
          13.28974365,
          52.509102
        ]
      },
      "properties": {
        "name": "Brunnen",
        "info": "Brunnentyp: Brunnen",
        "category": "Straßenbrunnen",
        "source": "Öffentlicher Datensatz Berlins"
      }
    },
    {
      "type": "Feature",
      "geometry": {
        "type": "Point",
        "coordinates": [
          13.30720551,
          52.5151203
        ]
      },
      "properties": {
        "name": "Brunnen",
        "info": "Brunnentyp: Brunnen",
        "category": "Straßenbrunnen",
        "source": "Öffentlicher Datensatz Berlins"
      }
    },
    {
      "type": "Feature",
      "geometry": {
        "type": "Point",
        "coordinates": [
          13.19485072,
          52.56970187
        ]
      },
      "properties": {
        "name": "Brunnen",
        "info": "Brunnentyp: Brunnen",
        "category": "Straßenbrunnen",
        "source": "Öffentlicher Datensatz Berlins"
      }
    },
    {
      "type": "Feature",
      "geometry": {
        "type": "Point",
        "coordinates": [
          13.67695489,
          52.40652563
        ]
      },
      "properties": {
        "name": "Brunnen",
        "info": "Brunnentyp: Brunnen",
        "category": "Straßenbrunnen",
        "source": "Öffentlicher Datensatz Berlins"
      }
    },
    {
      "type": "Feature",
      "geometry": {
        "type": "Point",
        "coordinates": [
          13.56239242,
          52.55932717
        ]
      },
      "properties": {
        "name": "Brunnen",
        "info": "Brunnentyp: Brunnen",
        "category": "Straßenbrunnen",
        "source": "Öffentlicher Datensatz Berlins"
      }
    },
    {
      "type": "Feature",
      "geometry": {
        "type": "Point",
        "coordinates": [
          13.57705483,
          52.54918053
        ]
      },
      "properties": {
        "name": "Brunnen",
        "info": "Brunnentyp: Brunnen",
        "category": "Straßenbrunnen",
        "source": "Öffentlicher Datensatz Berlins"
      }
    },
    {
      "type": "Feature",
      "geometry": {
        "type": "Point",
        "coordinates": [
          13.56914748,
          52.55315624
        ]
      },
      "properties": {
        "name": "Brunnen",
        "info": "Brunnentyp: Brunnen",
        "category": "Straßenbrunnen",
        "source": "Öffentlicher Datensatz Berlins"
      }
    },
    {
      "type": "Feature",
      "geometry": {
        "type": "Point",
        "coordinates": [
          13.56285386,
          52.55462411
        ]
      },
      "properties": {
        "name": "Brunnen",
        "info": "Brunnentyp: Brunnen",
        "category": "Straßenbrunnen",
        "source": "Öffentlicher Datensatz Berlins"
      }
    },
    {
      "type": "Feature",
      "geometry": {
        "type": "Point",
        "coordinates": [
          13.5607506,
          52.5676972
        ]
      },
      "properties": {
        "name": "Brunnen",
        "info": "Brunnentyp: Brunnen",
        "category": "Straßenbrunnen",
        "source": "Öffentlicher Datensatz Berlins"
      }
    },
    {
      "type": "Feature",
      "geometry": {
        "type": "Point",
        "coordinates": [
          13.50942593,
          52.5609324
        ]
      },
      "properties": {
        "name": "Brunnen",
        "info": "Brunnentyp: Brunnen",
        "category": "Straßenbrunnen",
        "source": "Öffentlicher Datensatz Berlins"
      }
    },
    {
      "type": "Feature",
      "geometry": {
        "type": "Point",
        "coordinates": [
          13.57318177,
          52.56488637
        ]
      },
      "properties": {
        "name": "Brunnen",
        "info": "Brunnentyp: Brunnen",
        "category": "Straßenbrunnen",
        "source": "Öffentlicher Datensatz Berlins"
      }
    },
    {
      "type": "Feature",
      "geometry": {
        "type": "Point",
        "coordinates": [
          13.50838188,
          52.56576714
        ]
      },
      "properties": {
        "name": "Brunnen",
        "info": "Brunnentyp: Brunnen",
        "category": "Straßenbrunnen",
        "source": "Öffentlicher Datensatz Berlins"
      }
    },
    {
      "type": "Feature",
      "geometry": {
        "type": "Point",
        "coordinates": [
          13.58069968,
          52.55296214
        ]
      },
      "properties": {
        "name": "Brunnen",
        "info": "Brunnentyp: Brunnen",
        "category": "Straßenbrunnen",
        "source": "Öffentlicher Datensatz Berlins"
      }
    },
    {
      "type": "Feature",
      "geometry": {
        "type": "Point",
        "coordinates": [
          13.50254691,
          52.56614158
        ]
      },
      "properties": {
        "name": "Brunnen",
        "info": "Brunnentyp: Brunnen",
        "category": "Straßenbrunnen",
        "source": "Öffentlicher Datensatz Berlins"
      }
    },
    {
      "type": "Feature",
      "geometry": {
        "type": "Point",
        "coordinates": [
          13.4510606,
          52.54772402
        ]
      },
      "properties": {
        "name": "Brunnen",
        "info": "Brunnentyp: Brunnen",
        "category": "Straßenbrunnen",
        "source": "Öffentlicher Datensatz Berlins"
      }
    },
    {
      "type": "Feature",
      "geometry": {
        "type": "Point",
        "coordinates": [
          13.42274297,
          52.51950269
        ]
      },
      "properties": {
        "name": "Brunnen",
        "info": "Brunnentyp: Brunnen",
        "category": "Straßenbrunnen",
        "source": "Öffentlicher Datensatz Berlins"
      }
    },
    {
      "type": "Feature",
      "geometry": {
        "type": "Point",
        "coordinates": [
          13.42340806,
          52.49947061
        ]
      },
      "properties": {
        "name": "Brunnen",
        "info": "Brunnentyp: Brunnen",
        "category": "Straßenbrunnen",
        "source": "Öffentlicher Datensatz Berlins"
      }
    },
    {
      "type": "Feature",
      "geometry": {
        "type": "Point",
        "coordinates": [
          13.4182962,
          52.53392487
        ]
      },
      "properties": {
        "name": "Brunnen",
        "info": "Brunnentyp: Brunnen",
        "category": "Straßenbrunnen",
        "source": "Öffentlicher Datensatz Berlins"
      }
    },
    {
      "type": "Feature",
      "geometry": {
        "type": "Point",
        "coordinates": [
          13.19135251,
          52.48901721
        ]
      },
      "properties": {
        "name": "Brunnen",
        "info": "Brunnentyp: Brunnen (Trinkwasserversorgung)",
        "category": "Straßenbrunnen",
        "source": "Öffentlicher Datensatz Berlins"
      }
    },
    {
      "type": "Feature",
      "geometry": {
        "type": "Point",
        "coordinates": [
          13.55604795,
          52.54636148
        ]
      },
      "properties": {
        "name": "Brunnen",
        "info": "Brunnentyp: Brunnen",
        "category": "Straßenbrunnen",
        "source": "Öffentlicher Datensatz Berlins"
      }
    },
    {
      "type": "Feature",
      "geometry": {
        "type": "Point",
        "coordinates": [
          13.5394275,
          52.52755026
        ]
      },
      "properties": {
        "name": "Brunnen",
        "info": "Brunnentyp: Brunnen",
        "category": "Straßenbrunnen",
        "source": "Öffentlicher Datensatz Berlins"
      }
    },
    {
      "type": "Feature",
      "geometry": {
        "type": "Point",
        "coordinates": [
          13.5640727,
          52.5406982
        ]
      },
      "properties": {
        "name": "Brunnen",
        "info": "Brunnentyp: Brunnen",
        "category": "Straßenbrunnen",
        "source": "Öffentlicher Datensatz Berlins"
      }
    },
    {
      "type": "Feature",
      "geometry": {
        "type": "Point",
        "coordinates": [
          13.5277156,
          52.5114543
        ]
      },
      "properties": {
        "name": "Brunnen",
        "info": "Brunnentyp: Brunnen",
        "category": "Straßenbrunnen",
        "source": "Öffentlicher Datensatz Berlins"
      }
    },
    {
      "type": "Feature",
      "geometry": {
        "type": "Point",
        "coordinates": [
          13.5453542,
          52.54294543
        ]
      },
      "properties": {
        "name": "Brunnen",
        "info": "Brunnentyp: Brunnen",
        "category": "Straßenbrunnen",
        "source": "Öffentlicher Datensatz Berlins"
      }
    },
    {
      "type": "Feature",
      "geometry": {
        "type": "Point",
        "coordinates": [
          13.5434845,
          52.52191594
        ]
      },
      "properties": {
        "name": "Brunnen",
        "info": "Brunnentyp: Brunnen",
        "category": "Straßenbrunnen",
        "source": "Öffentlicher Datensatz Berlins"
      }
    },
    {
      "type": "Feature",
      "geometry": {
        "type": "Point",
        "coordinates": [
          13.55410578,
          52.53797021
        ]
      },
      "properties": {
        "name": "Brunnen",
        "info": "Brunnentyp: Brunnen",
        "category": "Straßenbrunnen",
        "source": "Öffentlicher Datensatz Berlins"
      }
    },
    {
      "type": "Feature",
      "geometry": {
        "type": "Point",
        "coordinates": [
          13.54456736,
          52.52191047
        ]
      },
      "properties": {
        "name": "Brunnen",
        "info": "Brunnentyp: Brunnen",
        "category": "Straßenbrunnen",
        "source": "Öffentlicher Datensatz Berlins"
      }
    },
    {
      "type": "Feature",
      "geometry": {
        "type": "Point",
        "coordinates": [
          13.52766549,
          52.40447097
        ]
      },
      "properties": {
        "name": "Brunnen",
        "info": "Brunnentyp: Brunnen",
        "category": "Straßenbrunnen",
        "source": "Öffentlicher Datensatz Berlins"
      }
    },
    {
      "type": "Feature",
      "geometry": {
        "type": "Point",
        "coordinates": [
          13.15583687,
          52.45452394
        ]
      },
      "properties": {
        "name": "Brunnen",
        "info": "Brunnentyp: Brunnen (Trinkwasserversorgung)",
        "category": "Straßenbrunnen",
        "source": "Öffentlicher Datensatz Berlins"
      }
    },
    {
      "type": "Feature",
      "geometry": {
        "type": "Point",
        "coordinates": [
          13.16201869,
          52.45811504
        ]
      },
      "properties": {
        "name": "Brunnen",
        "info": "Brunnentyp: Brunnen (Trinkwasserversorgung)",
        "category": "Straßenbrunnen",
        "source": "Öffentlicher Datensatz Berlins"
      }
    },
    {
      "type": "Feature",
      "geometry": {
        "type": "Point",
        "coordinates": [
          13.16010241,
          52.45628096
        ]
      },
      "properties": {
        "name": "Brunnen",
        "info": "Brunnentyp: Brunnen (Trinkwasserversorgung)",
        "category": "Straßenbrunnen",
        "source": "Öffentlicher Datensatz Berlins"
      }
    },
    {
      "type": "Feature",
      "geometry": {
        "type": "Point",
        "coordinates": [
          13.15712794,
          52.45477144
        ]
      },
      "properties": {
        "name": "Brunnen",
        "info": "Brunnentyp: Brunnen (Trinkwasserversorgung)",
        "category": "Straßenbrunnen",
        "source": "Öffentlicher Datensatz Berlins"
      }
    },
    {
      "type": "Feature",
      "geometry": {
        "type": "Point",
        "coordinates": [
          13.15926643,
          52.45579492
        ]
      },
      "properties": {
        "name": "Brunnen",
        "info": "Brunnentyp: Brunnen (Trinkwasserversorgung)",
        "category": "Straßenbrunnen",
        "source": "Öffentlicher Datensatz Berlins"
      }
    },
    {
      "type": "Feature",
      "geometry": {
        "type": "Point",
        "coordinates": [
          13.15646384,
          52.45467718
        ]
      },
      "properties": {
        "name": "Brunnen",
        "info": "Brunnentyp: Brunnen (Trinkwasserversorgung)",
        "category": "Straßenbrunnen",
        "source": "Öffentlicher Datensatz Berlins"
      }
    },
    {
      "type": "Feature",
      "geometry": {
        "type": "Point",
        "coordinates": [
          13.58420983,
          52.52074077
        ]
      },
      "properties": {
        "name": "Brunnen",
        "info": "Brunnentyp: Brunnen",
        "category": "Straßenbrunnen",
        "source": "Öffentlicher Datensatz Berlins"
      }
    },
    {
      "type": "Feature",
      "geometry": {
        "type": "Point",
        "coordinates": [
          13.15776321,
          52.45526663
        ]
      },
      "properties": {
        "name": "Brunnen",
        "info": "Brunnentyp: Brunnen (Trinkwasserversorgung)",
        "category": "Straßenbrunnen",
        "source": "Öffentlicher Datensatz Berlins"
      }
    },
    {
      "type": "Feature",
      "geometry": {
        "type": "Point",
        "coordinates": [
          13.15880683,
          52.45557859
        ]
      },
      "properties": {
        "name": "Brunnen",
        "info": "Brunnentyp: Brunnen (Trinkwasserversorgung)",
        "category": "Straßenbrunnen",
        "source": "Öffentlicher Datensatz Berlins"
      }
    },
    {
      "type": "Feature",
      "geometry": {
        "type": "Point",
        "coordinates": [
          13.16087046,
          52.45684266
        ]
      },
      "properties": {
        "name": "Brunnen",
        "info": "Brunnentyp: Brunnen (Trinkwasserversorgung)",
        "category": "Straßenbrunnen",
        "source": "Öffentlicher Datensatz Berlins"
      }
    },
    {
      "type": "Feature",
      "geometry": {
        "type": "Point",
        "coordinates": [
          13.60515824,
          52.53739841
        ]
      },
      "properties": {
        "name": "Brunnen",
        "info": "Brunnentyp: Brunnen",
        "category": "Straßenbrunnen",
        "source": "Öffentlicher Datensatz Berlins"
      }
    },
    {
      "type": "Feature",
      "geometry": {
        "type": "Point",
        "coordinates": [
          13.16145736,
          52.45749196
        ]
      },
      "properties": {
        "name": "Brunnen",
        "info": "Brunnentyp: Brunnen (Trinkwasserversorgung)",
        "category": "Straßenbrunnen",
        "source": "Öffentlicher Datensatz Berlins"
      }
    },
    {
      "type": "Feature",
      "geometry": {
        "type": "Point",
        "coordinates": [
          13.16261184,
          52.45875941
        ]
      },
      "properties": {
        "name": "Brunnen",
        "info": "Brunnentyp: Brunnen (Trinkwasserversorgung)",
        "category": "Straßenbrunnen",
        "source": "Öffentlicher Datensatz Berlins"
      }
    },
    {
      "type": "Feature",
      "geometry": {
        "type": "Point",
        "coordinates": [
          13.15846988,
          52.45535384
        ]
      },
      "properties": {
        "name": "Brunnen",
        "info": "Brunnentyp: Brunnen (Trinkwasserversorgung)",
        "category": "Straßenbrunnen",
        "source": "Öffentlicher Datensatz Berlins"
      }
    },
    {
      "type": "Feature",
      "geometry": {
        "type": "Point",
        "coordinates": [
          13.09563146,
          52.41349379
        ]
      },
      "properties": {
        "name": "Brunnen",
        "info": "Brunnentyp: Brunnen",
        "category": "Straßenbrunnen",
        "source": "Öffentlicher Datensatz Berlins"
      }
    },
    {
      "type": "Feature",
      "geometry": {
        "type": "Point",
        "coordinates": [
          13.12651432,
          52.43213105
        ]
      },
      "properties": {
        "name": "Brunnen",
        "info": "Brunnentyp: Brunnen",
        "category": "Straßenbrunnen",
        "source": "Öffentlicher Datensatz Berlins"
      }
    },
    {
      "type": "Feature",
      "geometry": {
        "type": "Point",
        "coordinates": [
          13.57451725,
          52.44407938
        ]
      },
      "properties": {
        "name": "Brunnen",
        "info": "Brunnentyp: Brunnen",
        "category": "Straßenbrunnen",
        "source": "Öffentlicher Datensatz Berlins"
      }
    },
    {
      "type": "Feature",
      "geometry": {
        "type": "Point",
        "coordinates": [
          13.60017276,
          52.4397756
        ]
      },
      "properties": {
        "name": "Brunnen",
        "info": "Brunnentyp: Brunnen",
        "category": "Straßenbrunnen",
        "source": "Öffentlicher Datensatz Berlins"
      }
    },
    {
      "type": "Feature",
      "geometry": {
        "type": "Point",
        "coordinates": [
          13.32441151,
          52.46136121
        ]
      },
      "properties": {
        "name": "Brunnen",
        "info": "Brunnentyp: Brunnen",
        "category": "Straßenbrunnen",
        "source": "Öffentlicher Datensatz Berlins"
      }
    },
    {
      "type": "Feature",
      "geometry": {
        "type": "Point",
        "coordinates": [
          13.32061192,
          52.49777841
        ]
      },
      "properties": {
        "name": "Brunnen",
        "info": "Brunnentyp: Brunnen",
        "category": "Straßenbrunnen",
        "source": "Öffentlicher Datensatz Berlins"
      }
    },
    {
      "type": "Feature",
      "geometry": {
        "type": "Point",
        "coordinates": [
          13.29113607,
          52.49668564
        ]
      },
      "properties": {
        "name": "Brunnen",
        "info": "Brunnentyp: Brunnen",
        "category": "Straßenbrunnen",
        "source": "Öffentlicher Datensatz Berlins"
      }
    },
    {
      "type": "Feature",
      "geometry": {
        "type": "Point",
        "coordinates": [
          13.32036781,
          52.47244017
        ]
      },
      "properties": {
        "name": "Brunnen",
        "info": "Brunnentyp: Brunnen",
        "category": "Straßenbrunnen",
        "source": "Öffentlicher Datensatz Berlins"
      }
    },
    {
      "type": "Feature",
      "geometry": {
        "type": "Point",
        "coordinates": [
          13.26332319,
          52.48411179
        ]
      },
      "properties": {
        "name": "Brunnen",
        "info": "Brunnentyp: Brunnen",
        "category": "Straßenbrunnen",
        "source": "Öffentlicher Datensatz Berlins"
      }
    },
    {
      "type": "Feature",
      "geometry": {
        "type": "Point",
        "coordinates": [
          13.32650092,
          52.49429423
        ]
      },
      "properties": {
        "name": "Brunnen",
        "info": "Brunnentyp: Brunnen",
        "category": "Straßenbrunnen",
        "source": "Öffentlicher Datensatz Berlins"
      }
    },
    {
      "type": "Feature",
      "geometry": {
        "type": "Point",
        "coordinates": [
          13.3215438,
          52.45699762
        ]
      },
      "properties": {
        "name": "Brunnen",
        "info": "Brunnentyp: Brunnen",
        "category": "Straßenbrunnen",
        "source": "Öffentlicher Datensatz Berlins"
      }
    },
    {
      "type": "Feature",
      "geometry": {
        "type": "Point",
        "coordinates": [
          13.29514625,
          52.47930128
        ]
      },
      "properties": {
        "name": "Brunnen",
        "info": "Brunnentyp: Brunnen",
        "category": "Straßenbrunnen",
        "source": "Öffentlicher Datensatz Berlins"
      }
    },
    {
      "type": "Feature",
      "geometry": {
        "type": "Point",
        "coordinates": [
          13.31520696,
          52.47311107
        ]
      },
      "properties": {
        "name": "Brunnen",
        "info": "Brunnentyp: Brunnen",
        "category": "Straßenbrunnen",
        "source": "Öffentlicher Datensatz Berlins"
      }
    },
    {
      "type": "Feature",
      "geometry": {
        "type": "Point",
        "coordinates": [
          13.32863512,
          52.49314103
        ]
      },
      "properties": {
        "name": "Brunnen",
        "info": "Brunnentyp: Brunnen",
        "category": "Straßenbrunnen",
        "source": "Öffentlicher Datensatz Berlins"
      }
    },
    {
      "type": "Feature",
      "geometry": {
        "type": "Point",
        "coordinates": [
          13.31962792,
          52.48933304
        ]
      },
      "properties": {
        "name": "Brunnen",
        "info": "Brunnentyp: Brunnen",
        "category": "Straßenbrunnen",
        "source": "Öffentlicher Datensatz Berlins"
      }
    },
    {
      "type": "Feature",
      "geometry": {
        "type": "Point",
        "coordinates": [
          13.32706691,
          52.49850457
        ]
      },
      "properties": {
        "name": "Brunnen",
        "info": "Brunnentyp: Brunnen",
        "category": "Straßenbrunnen",
        "source": "Öffentlicher Datensatz Berlins"
      }
    },
    {
      "type": "Feature",
      "geometry": {
        "type": "Point",
        "coordinates": [
          13.2636636,
          52.48396381
        ]
      },
      "properties": {
        "name": "Brunnen",
        "info": "Brunnentyp: Brunnen",
        "category": "Straßenbrunnen",
        "source": "Öffentlicher Datensatz Berlins"
      }
    },
    {
      "type": "Feature",
      "geometry": {
        "type": "Point",
        "coordinates": [
          13.45800976,
          52.47314075
        ]
      },
      "properties": {
        "name": "Brunnen",
        "info": "Brunnentyp: Brunnen",
        "category": "Straßenbrunnen",
        "source": "Öffentlicher Datensatz Berlins"
      }
    },
    {
      "type": "Feature",
      "geometry": {
        "type": "Point",
        "coordinates": [
          13.19189756,
          52.4778496
        ]
      },
      "properties": {
        "name": "Brunnen",
        "info": "Brunnentyp: Brunnen (Trinkwasserversorgung)",
        "category": "Straßenbrunnen",
        "source": "Öffentlicher Datensatz Berlins"
      }
    },
    {
      "type": "Feature",
      "geometry": {
        "type": "Point",
        "coordinates": [
          13.19488834,
          52.48245475
        ]
      },
      "properties": {
        "name": "Brunnen",
        "info": "Brunnentyp: Brunnen (Trinkwasserversorgung)",
        "category": "Straßenbrunnen",
        "source": "Öffentlicher Datensatz Berlins"
      }
    },
    {
      "type": "Feature",
      "geometry": {
        "type": "Point",
        "coordinates": [
          13.19335585,
          52.47156661
        ]
      },
      "properties": {
        "name": "Brunnen",
        "info": "Brunnentyp: Brunnen (Trinkwasserversorgung)",
        "category": "Straßenbrunnen",
        "source": "Öffentlicher Datensatz Berlins"
      }
    },
    {
      "type": "Feature",
      "geometry": {
        "type": "Point",
        "coordinates": [
          13.19536486,
          52.46504406
        ]
      },
      "properties": {
        "name": "Brunnen",
        "info": "Brunnentyp: Brunnen (Trinkwasserversorgung)",
        "category": "Straßenbrunnen",
        "source": "Öffentlicher Datensatz Berlins"
      }
    },
    {
      "type": "Feature",
      "geometry": {
        "type": "Point",
        "coordinates": [
          13.19314959,
          52.49186415
        ]
      },
      "properties": {
        "name": "Brunnen",
        "info": "Brunnentyp: Brunnen (Trinkwasserversorgung)",
        "category": "Straßenbrunnen",
        "source": "Öffentlicher Datensatz Berlins"
      }
    },
    {
      "type": "Feature",
      "geometry": {
        "type": "Point",
        "coordinates": [
          13.1887832,
          52.45543464
        ]
      },
      "properties": {
        "name": "Brunnen",
        "info": "Brunnentyp: Brunnen (Trinkwasserversorgung)",
        "category": "Straßenbrunnen",
        "source": "Öffentlicher Datensatz Berlins"
      }
    },
    {
      "type": "Feature",
      "geometry": {
        "type": "Point",
        "coordinates": [
          13.19436879,
          52.46453348
        ]
      },
      "properties": {
        "name": "Brunnen",
        "info": "Brunnentyp: Brunnen (Trinkwasserversorgung)",
        "category": "Straßenbrunnen",
        "source": "Öffentlicher Datensatz Berlins"
      }
    },
    {
      "type": "Feature",
      "geometry": {
        "type": "Point",
        "coordinates": [
          13.20476643,
          52.49845034
        ]
      },
      "properties": {
        "name": "Brunnen",
        "info": "Brunnentyp: Brunnen (Trinkwasserversorgung)",
        "category": "Straßenbrunnen",
        "source": "Öffentlicher Datensatz Berlins"
      }
    },
    {
      "type": "Feature",
      "geometry": {
        "type": "Point",
        "coordinates": [
          13.19087167,
          52.46243937
        ]
      },
      "properties": {
        "name": "Brunnen",
        "info": "Brunnentyp: Brunnen (Trinkwasserversorgung)",
        "category": "Straßenbrunnen",
        "source": "Öffentlicher Datensatz Berlins"
      }
    },
    {
      "type": "Feature",
      "geometry": {
        "type": "Point",
        "coordinates": [
          13.18615982,
          52.44874082
        ]
      },
      "properties": {
        "name": "Brunnen",
        "info": "Brunnentyp: Brunnen (Trinkwasserversorgung)",
        "category": "Straßenbrunnen",
        "source": "Öffentlicher Datensatz Berlins"
      }
    },
    {
      "type": "Feature",
      "geometry": {
        "type": "Point",
        "coordinates": [
          13.19060963,
          52.46121706
        ]
      },
      "properties": {
        "name": "Brunnen",
        "info": "Brunnentyp: Brunnen (Trinkwasserversorgung)",
        "category": "Straßenbrunnen",
        "source": "Öffentlicher Datensatz Berlins"
      }
    },
    {
      "type": "Feature",
      "geometry": {
        "type": "Point",
        "coordinates": [
          13.19090666,
          52.45179848
        ]
      },
      "properties": {
        "name": "Brunnen",
        "info": "Brunnentyp: Brunnen (Trinkwasserversorgung)",
        "category": "Straßenbrunnen",
        "source": "Öffentlicher Datensatz Berlins"
      }
    },
    {
      "type": "Feature",
      "geometry": {
        "type": "Point",
        "coordinates": [
          13.20303302,
          52.49741522
        ]
      },
      "properties": {
        "name": "Brunnen",
        "info": "Brunnentyp: Brunnen (Trinkwasserversorgung)",
        "category": "Straßenbrunnen",
        "source": "Öffentlicher Datensatz Berlins"
      }
    },
    {
      "type": "Feature",
      "geometry": {
        "type": "Point",
        "coordinates": [
          13.19665414,
          52.46861805
        ]
      },
      "properties": {
        "name": "Brunnen",
        "info": "Brunnentyp: Brunnen (Trinkwasserversorgung)",
        "category": "Straßenbrunnen",
        "source": "Öffentlicher Datensatz Berlins"
      }
    },
    {
      "type": "Feature",
      "geometry": {
        "type": "Point",
        "coordinates": [
          13.18919709,
          52.45413984
        ]
      },
      "properties": {
        "name": "Brunnen",
        "info": "Brunnentyp: Brunnen (Trinkwasserversorgung)",
        "category": "Straßenbrunnen",
        "source": "Öffentlicher Datensatz Berlins"
      }
    },
    {
      "type": "Feature",
      "geometry": {
        "type": "Point",
        "coordinates": [
          13.19031861,
          52.459951
        ]
      },
      "properties": {
        "name": "Brunnen",
        "info": "Brunnentyp: Brunnen (Trinkwasserversorgung)",
        "category": "Straßenbrunnen",
        "source": "Öffentlicher Datensatz Berlins"
      }
    },
    {
      "type": "Feature",
      "geometry": {
        "type": "Point",
        "coordinates": [
          13.18941482,
          52.45763288
        ]
      },
      "properties": {
        "name": "Brunnen",
        "info": "Brunnentyp: Brunnen (Trinkwasserversorgung)",
        "category": "Straßenbrunnen",
        "source": "Öffentlicher Datensatz Berlins"
      }
    },
    {
      "type": "Feature",
      "geometry": {
        "type": "Point",
        "coordinates": [
          13.18971104,
          52.45300298
        ]
      },
      "properties": {
        "name": "Brunnen",
        "info": "Brunnentyp: Brunnen (Trinkwasserversorgung)",
        "category": "Straßenbrunnen",
        "source": "Öffentlicher Datensatz Berlins"
      }
    },
    {
      "type": "Feature",
      "geometry": {
        "type": "Point",
        "coordinates": [
          13.19231741,
          52.47423966
        ]
      },
      "properties": {
        "name": "Brunnen",
        "info": "Brunnentyp: Brunnen (Trinkwasserversorgung)",
        "category": "Straßenbrunnen",
        "source": "Öffentlicher Datensatz Berlins"
      }
    },
    {
      "type": "Feature",
      "geometry": {
        "type": "Point",
        "coordinates": [
          13.20182937,
          52.49700101
        ]
      },
      "properties": {
        "name": "Brunnen",
        "info": "Brunnentyp: Brunnen (Trinkwasserversorgung)",
        "category": "Straßenbrunnen",
        "source": "Öffentlicher Datensatz Berlins"
      }
    },
    {
      "type": "Feature",
      "geometry": {
        "type": "Point",
        "coordinates": [
          13.19466235,
          52.48197819
        ]
      },
      "properties": {
        "name": "Brunnen",
        "info": "Brunnentyp: Brunnen (Trinkwasserversorgung)",
        "category": "Straßenbrunnen",
        "source": "Öffentlicher Datensatz Berlins"
      }
    },
    {
      "type": "Feature",
      "geometry": {
        "type": "Point",
        "coordinates": [
          13.19477726,
          52.48318672
        ]
      },
      "properties": {
        "name": "Brunnen",
        "info": "Brunnentyp: Brunnen (Trinkwasserversorgung)",
        "category": "Straßenbrunnen",
        "source": "Öffentlicher Datensatz Berlins"
      }
    },
    {
      "type": "Feature",
      "geometry": {
        "type": "Point",
        "coordinates": [
          13.18909832,
          52.45669933
        ]
      },
      "properties": {
        "name": "Brunnen",
        "info": "Brunnentyp: Brunnen (Trinkwasserversorgung)",
        "category": "Straßenbrunnen",
        "source": "Öffentlicher Datensatz Berlins"
      }
    },
    {
      "type": "Feature",
      "geometry": {
        "type": "Point",
        "coordinates": [
          13.19134342,
          52.49029781
        ]
      },
      "properties": {
        "name": "Brunnen",
        "info": "Brunnentyp: Brunnen (Trinkwasserversorgung)",
        "category": "Straßenbrunnen",
        "source": "Öffentlicher Datensatz Berlins"
      }
    },
    {
      "type": "Feature",
      "geometry": {
        "type": "Point",
        "coordinates": [
          13.18322453,
          52.44890834
        ]
      },
      "properties": {
        "name": "Brunnen",
        "info": "Brunnentyp: Brunnen (Trinkwasserversorgung)",
        "category": "Straßenbrunnen",
        "source": "Öffentlicher Datensatz Berlins"
      }
    },
    {
      "type": "Feature",
      "geometry": {
        "type": "Point",
        "coordinates": [
          13.19351906,
          52.46416096
        ]
      },
      "properties": {
        "name": "Brunnen",
        "info": "Brunnentyp: Brunnen (Trinkwasserversorgung)",
        "category": "Straßenbrunnen",
        "source": "Öffentlicher Datensatz Berlins"
      }
    },
    {
      "type": "Feature",
      "geometry": {
        "type": "Point",
        "coordinates": [
          13.18700028,
          52.44871621
        ]
      },
      "properties": {
        "name": "Brunnen",
        "info": "Brunnentyp: Brunnen (Trinkwasserversorgung)",
        "category": "Straßenbrunnen",
        "source": "Öffentlicher Datensatz Berlins"
      }
    },
    {
      "type": "Feature",
      "geometry": {
        "type": "Point",
        "coordinates": [
          13.19409824,
          52.48115784
        ]
      },
      "properties": {
        "name": "Brunnen",
        "info": "Brunnentyp: Brunnen (Trinkwasserversorgung)",
        "category": "Straßenbrunnen",
        "source": "Öffentlicher Datensatz Berlins"
      }
    },
    {
      "type": "Feature",
      "geometry": {
        "type": "Point",
        "coordinates": [
          13.1808882,
          52.44904361
        ]
      },
      "properties": {
        "name": "Brunnen",
        "info": "Brunnentyp: Brunnen (Trinkwasserversorgung)",
        "category": "Straßenbrunnen",
        "source": "Öffentlicher Datensatz Berlins"
      }
    },
    {
      "type": "Feature",
      "geometry": {
        "type": "Point",
        "coordinates": [
          13.19278086,
          52.48618641
        ]
      },
      "properties": {
        "name": "Brunnen",
        "info": "Brunnentyp: Brunnen (Trinkwasserversorgung)",
        "category": "Straßenbrunnen",
        "source": "Öffentlicher Datensatz Berlins"
      }
    },
    {
      "type": "Feature",
      "geometry": {
        "type": "Point",
        "coordinates": [
          13.19120992,
          52.48839674
        ]
      },
      "properties": {
        "name": "Brunnen",
        "info": "Brunnentyp: Brunnen (Trinkwasserversorgung)",
        "category": "Straßenbrunnen",
        "source": "Öffentlicher Datensatz Berlins"
      }
    },
    {
      "type": "Feature",
      "geometry": {
        "type": "Point",
        "coordinates": [
          13.1930263,
          52.47225772
        ]
      },
      "properties": {
        "name": "Brunnen",
        "info": "Brunnentyp: Brunnen (Trinkwasserversorgung)",
        "category": "Straßenbrunnen",
        "source": "Öffentlicher Datensatz Berlins"
      }
    },
    {
      "type": "Feature",
      "geometry": {
        "type": "Point",
        "coordinates": [
          13.1801546,
          52.44895611
        ]
      },
      "properties": {
        "name": "Brunnen",
        "info": "Brunnentyp: Brunnen (Trinkwasserversorgung)",
        "category": "Straßenbrunnen",
        "source": "Öffentlicher Datensatz Berlins"
      }
    },
    {
      "type": "Feature",
      "geometry": {
        "type": "Point",
        "coordinates": [
          13.18770495,
          52.44872339
        ]
      },
      "properties": {
        "name": "Brunnen",
        "info": "Brunnentyp: Brunnen (Trinkwasserversorgung)",
        "category": "Straßenbrunnen",
        "source": "Öffentlicher Datensatz Berlins"
      }
    },
    {
      "type": "Feature",
      "geometry": {
        "type": "Point",
        "coordinates": [
          13.19078814,
          52.45127488
        ]
      },
      "properties": {
        "name": "Brunnen",
        "info": "Brunnentyp: Brunnen (Trinkwasserversorgung)",
        "category": "Straßenbrunnen",
        "source": "Öffentlicher Datensatz Berlins"
      }
    },
    {
      "type": "Feature",
      "geometry": {
        "type": "Point",
        "coordinates": [
          13.20033566,
          52.49622643
        ]
      },
      "properties": {
        "name": "Brunnen",
        "info": "Brunnentyp: Brunnen (Trinkwasserversorgung)",
        "category": "Straßenbrunnen",
        "source": "Öffentlicher Datensatz Berlins"
      }
    },
    {
      "type": "Feature",
      "geometry": {
        "type": "Point",
        "coordinates": [
          13.19603541,
          52.47144815
        ]
      },
      "properties": {
        "name": "Brunnen",
        "info": "Brunnentyp: Brunnen (Trinkwasserversorgung)",
        "category": "Straßenbrunnen",
        "source": "Öffentlicher Datensatz Berlins"
      }
    },
    {
      "type": "Feature",
      "geometry": {
        "type": "Point",
        "coordinates": [
          13.19216131,
          52.48670423
        ]
      },
      "properties": {
        "name": "Brunnen",
        "info": "Brunnentyp: Brunnen (Trinkwasserversorgung)",
        "category": "Straßenbrunnen",
        "source": "Öffentlicher Datensatz Berlins"
      }
    },
    {
      "type": "Feature",
      "geometry": {
        "type": "Point",
        "coordinates": [
          13.19166936,
          52.48721105
        ]
      },
      "properties": {
        "name": "Brunnen",
        "info": "Brunnentyp: Brunnen (Trinkwasserversorgung)",
        "category": "Straßenbrunnen",
        "source": "Öffentlicher Datensatz Berlins"
      }
    },
    {
      "type": "Feature",
      "geometry": {
        "type": "Point",
        "coordinates": [
          13.19282912,
          52.46385525
        ]
      },
      "properties": {
        "name": "Brunnen",
        "info": "Brunnentyp: Brunnen (Trinkwasserversorgung)",
        "category": "Straßenbrunnen",
        "source": "Öffentlicher Datensatz Berlins"
      }
    },
    {
      "type": "Feature",
      "geometry": {
        "type": "Point",
        "coordinates": [
          13.18992313,
          52.45850289
        ]
      },
      "properties": {
        "name": "Brunnen",
        "info": "Brunnentyp: Brunnen (Trinkwasserversorgung)",
        "category": "Straßenbrunnen",
        "source": "Öffentlicher Datensatz Berlins"
      }
    },
    {
      "type": "Feature",
      "geometry": {
        "type": "Point",
        "coordinates": [
          13.189613,
          52.45362318
        ]
      },
      "properties": {
        "name": "Brunnen",
        "info": "Brunnentyp: Brunnen (Trinkwasserversorgung)",
        "category": "Straßenbrunnen",
        "source": "Öffentlicher Datensatz Berlins"
      }
    },
    {
      "type": "Feature",
      "geometry": {
        "type": "Point",
        "coordinates": [
          13.19076668,
          52.46190663
        ]
      },
      "properties": {
        "name": "Brunnen",
        "info": "Brunnentyp: Brunnen (Trinkwasserversorgung)",
        "category": "Straßenbrunnen",
        "source": "Öffentlicher Datensatz Berlins"
      }
    },
    {
      "type": "Feature",
      "geometry": {
        "type": "Point",
        "coordinates": [
          13.1896687,
          52.45806366
        ]
      },
      "properties": {
        "name": "Brunnen",
        "info": "Brunnentyp: Brunnen (Trinkwasserversorgung)",
        "category": "Straßenbrunnen",
        "source": "Öffentlicher Datensatz Berlins"
      }
    },
    {
      "type": "Feature",
      "geometry": {
        "type": "Point",
        "coordinates": [
          13.19594424,
          52.46546658
        ]
      },
      "properties": {
        "name": "Brunnen",
        "info": "Brunnentyp: Brunnen (Trinkwasserversorgung)",
        "category": "Straßenbrunnen",
        "source": "Öffentlicher Datensatz Berlins"
      }
    },
    {
      "type": "Feature",
      "geometry": {
        "type": "Point",
        "coordinates": [
          13.19054837,
          52.4525726
        ]
      },
      "properties": {
        "name": "Brunnen",
        "info": "Brunnentyp: Brunnen (Trinkwasserversorgung)",
        "category": "Straßenbrunnen",
        "source": "Öffentlicher Datensatz Berlins"
      }
    },
    {
      "type": "Feature",
      "geometry": {
        "type": "Point",
        "coordinates": [
          13.19175883,
          52.49093164
        ]
      },
      "properties": {
        "name": "Brunnen",
        "info": "Brunnentyp: Brunnen (Trinkwasserversorgung)",
        "category": "Straßenbrunnen",
        "source": "Öffentlicher Datensatz Berlins"
      }
    },
    {
      "type": "Feature",
      "geometry": {
        "type": "Point",
        "coordinates": [
          13.19628066,
          52.46622596
        ]
      },
      "properties": {
        "name": "Brunnen",
        "info": "Brunnentyp: Brunnen (Trinkwasserversorgung)",
        "category": "Straßenbrunnen",
        "source": "Öffentlicher Datensatz Berlins"
      }
    },
    {
      "type": "Feature",
      "geometry": {
        "type": "Point",
        "coordinates": [
          13.18224481,
          52.44896541
        ]
      },
      "properties": {
        "name": "Brunnen",
        "info": "Brunnentyp: Brunnen (Trinkwasserversorgung)",
        "category": "Straßenbrunnen",
        "source": "Öffentlicher Datensatz Berlins"
      }
    },
    {
      "type": "Feature",
      "geometry": {
        "type": "Point",
        "coordinates": [
          13.19448661,
          52.49280332
        ]
      },
      "properties": {
        "name": "Brunnen",
        "info": "Brunnentyp: Brunnen (Trinkwasserversorgung)",
        "category": "Straßenbrunnen",
        "source": "Öffentlicher Datensatz Berlins"
      }
    },
    {
      "type": "Feature",
      "geometry": {
        "type": "Point",
        "coordinates": [
          13.19120909,
          52.4629442
        ]
      },
      "properties": {
        "name": "Brunnen",
        "info": "Brunnentyp: Brunnen (Trinkwasserversorgung)",
        "category": "Straßenbrunnen",
        "source": "Öffentlicher Datensatz Berlins"
      }
    },
    {
      "type": "Feature",
      "geometry": {
        "type": "Point",
        "coordinates": [
          13.19412076,
          52.48454545
        ]
      },
      "properties": {
        "name": "Brunnen",
        "info": "Brunnentyp: Brunnen (Trinkwasserversorgung)",
        "category": "Straßenbrunnen",
        "source": "Öffentlicher Datensatz Berlins"
      }
    },
    {
      "type": "Feature",
      "geometry": {
        "type": "Point",
        "coordinates": [
          13.19474432,
          52.48398291
        ]
      },
      "properties": {
        "name": "Brunnen",
        "info": "Brunnentyp: Brunnen (Trinkwasserversorgung)",
        "category": "Straßenbrunnen",
        "source": "Öffentlicher Datensatz Berlins"
      }
    },
    {
      "type": "Feature",
      "geometry": {
        "type": "Point",
        "coordinates": [
          13.17955355,
          52.44874099
        ]
      },
      "properties": {
        "name": "Brunnen",
        "info": "Brunnentyp: Brunnen (Trinkwasserversorgung)",
        "category": "Straßenbrunnen",
        "source": "Öffentlicher Datensatz Berlins"
      }
    },
    {
      "type": "Feature",
      "geometry": {
        "type": "Point",
        "coordinates": [
          13.18921602,
          52.45705885
        ]
      },
      "properties": {
        "name": "Brunnen",
        "info": "Brunnentyp: Brunnen (Trinkwasserversorgung)",
        "category": "Straßenbrunnen",
        "source": "Öffentlicher Datensatz Berlins"
      }
    },
    {
      "type": "Feature",
      "geometry": {
        "type": "Point",
        "coordinates": [
          13.18895331,
          52.45606595
        ]
      },
      "properties": {
        "name": "Brunnen",
        "info": "Brunnentyp: Brunnen (Trinkwasserversorgung)",
        "category": "Straßenbrunnen",
        "source": "Öffentlicher Datensatz Berlins"
      }
    },
    {
      "type": "Feature",
      "geometry": {
        "type": "Point",
        "coordinates": [
          13.18900206,
          52.45494085
        ]
      },
      "properties": {
        "name": "Brunnen",
        "info": "Brunnentyp: Brunnen (Trinkwasserversorgung)",
        "category": "Straßenbrunnen",
        "source": "Öffentlicher Datensatz Berlins"
      }
    },
    {
      "type": "Feature",
      "geometry": {
        "type": "Point",
        "coordinates": [
          13.1976115,
          52.47083171
        ]
      },
      "properties": {
        "name": "Brunnen",
        "info": "Brunnentyp: Brunnen (Trinkwasserversorgung)",
        "category": "Straßenbrunnen",
        "source": "Öffentlicher Datensatz Berlins"
      }
    },
    {
      "type": "Feature",
      "geometry": {
        "type": "Point",
        "coordinates": [
          13.19414037,
          52.47128902
        ]
      },
      "properties": {
        "name": "Brunnen",
        "info": "Brunnentyp: Brunnen (Trinkwasserversorgung)",
        "category": "Straßenbrunnen",
        "source": "Öffentlicher Datensatz Berlins"
      }
    },
    {
      "type": "Feature",
      "geometry": {
        "type": "Point",
        "coordinates": [
          13.19226899,
          52.47486076
        ]
      },
      "properties": {
        "name": "Brunnen",
        "info": "Brunnentyp: Brunnen (Trinkwasserversorgung)",
        "category": "Straßenbrunnen",
        "source": "Öffentlicher Datensatz Berlins"
      }
    },
    {
      "type": "Feature",
      "geometry": {
        "type": "Point",
        "coordinates": [
          13.19145568,
          52.47705336
        ]
      },
      "properties": {
        "name": "Brunnen",
        "info": "Brunnentyp: Brunnen (Trinkwasserversorgung)",
        "category": "Straßenbrunnen",
        "source": "Öffentlicher Datensatz Berlins"
      }
    },
    {
      "type": "Feature",
      "geometry": {
        "type": "Point",
        "coordinates": [
          13.18165864,
          52.44899262
        ]
      },
      "properties": {
        "name": "Brunnen",
        "info": "Brunnentyp: Brunnen (Trinkwasserversorgung)",
        "category": "Straßenbrunnen",
        "source": "Öffentlicher Datensatz Berlins"
      }
    },
    {
      "type": "Feature",
      "geometry": {
        "type": "Point",
        "coordinates": [
          13.19134617,
          52.48967602
        ]
      },
      "properties": {
        "name": "Brunnen",
        "info": "Brunnentyp: Brunnen (Trinkwasserversorgung)",
        "category": "Straßenbrunnen",
        "source": "Öffentlicher Datensatz Berlins"
      }
    },
    {
      "type": "Feature",
      "geometry": {
        "type": "Point",
        "coordinates": [
          13.19001668,
          52.45038519
        ]
      },
      "properties": {
        "name": "Brunnen",
        "info": "Brunnentyp: Brunnen (Trinkwasserversorgung)",
        "category": "Straßenbrunnen",
        "source": "Öffentlicher Datensatz Berlins"
      }
    },
    {
      "type": "Feature",
      "geometry": {
        "type": "Point",
        "coordinates": [
          13.19397891,
          52.48507967
        ]
      },
      "properties": {
        "name": "Brunnen",
        "info": "Brunnentyp: Brunnen (Trinkwasserversorgung)",
        "category": "Straßenbrunnen",
        "source": "Öffentlicher Datensatz Berlins"
      }
    },
    {
      "type": "Feature",
      "geometry": {
        "type": "Point",
        "coordinates": [
          13.19177641,
          52.4635291
        ]
      },
      "properties": {
        "name": "Brunnen",
        "info": "Brunnentyp: Brunnen (Trinkwasserversorgung)",
        "category": "Straßenbrunnen",
        "source": "Öffentlicher Datensatz Berlins"
      }
    },
    {
      "type": "Feature",
      "geometry": {
        "type": "Point",
        "coordinates": [
          13.19116095,
          52.48776743
        ]
      },
      "properties": {
        "name": "Brunnen",
        "info": "Brunnentyp: Brunnen (Trinkwasserversorgung)",
        "category": "Straßenbrunnen",
        "source": "Öffentlicher Datensatz Berlins"
      }
    },
    {
      "type": "Feature",
      "geometry": {
        "type": "Point",
        "coordinates": [
          13.20400105,
          52.49794302
        ]
      },
      "properties": {
        "name": "Brunnen",
        "info": "Brunnentyp: Brunnen (Trinkwasserversorgung)",
        "category": "Straßenbrunnen",
        "source": "Öffentlicher Datensatz Berlins"
      }
    },
    {
      "type": "Feature",
      "geometry": {
        "type": "Point",
        "coordinates": [
          13.19233201,
          52.4786309
        ]
      },
      "properties": {
        "name": "Brunnen",
        "info": "Brunnentyp: Brunnen (Trinkwasserversorgung)",
        "category": "Straßenbrunnen",
        "source": "Öffentlicher Datensatz Berlins"
      }
    },
    {
      "type": "Feature",
      "geometry": {
        "type": "Point",
        "coordinates": [
          13.19327345,
          52.47990207
        ]
      },
      "properties": {
        "name": "Brunnen",
        "info": "Brunnentyp: Brunnen (Trinkwasserversorgung)",
        "category": "Straßenbrunnen",
        "source": "Öffentlicher Datensatz Berlins"
      }
    },
    {
      "type": "Feature",
      "geometry": {
        "type": "Point",
        "coordinates": [
          13.19253777,
          52.47358629
        ]
      },
      "properties": {
        "name": "Brunnen",
        "info": "Brunnentyp: Brunnen (Trinkwasserversorgung)",
        "category": "Straßenbrunnen",
        "source": "Öffentlicher Datensatz Berlins"
      }
    },
    {
      "type": "Feature",
      "geometry": {
        "type": "Point",
        "coordinates": [
          13.1913181,
          52.47630649
        ]
      },
      "properties": {
        "name": "Brunnen",
        "info": "Brunnentyp: Brunnen (Trinkwasserversorgung)",
        "category": "Straßenbrunnen",
        "source": "Öffentlicher Datensatz Berlins"
      }
    },
    {
      "type": "Feature",
      "geometry": {
        "type": "Point",
        "coordinates": [
          13.19276011,
          52.47295421
        ]
      },
      "properties": {
        "name": "Brunnen",
        "info": "Brunnentyp: Brunnen (Trinkwasserversorgung)",
        "category": "Straßenbrunnen",
        "source": "Öffentlicher Datensatz Berlins"
      }
    },
    {
      "type": "Feature",
      "geometry": {
        "type": "Point",
        "coordinates": [
          13.19937942,
          52.49562059
        ]
      },
      "properties": {
        "name": "Brunnen",
        "info": "Brunnentyp: Brunnen (Trinkwasserversorgung)",
        "category": "Straßenbrunnen",
        "source": "Öffentlicher Datensatz Berlins"
      }
    },
    {
      "type": "Feature",
      "geometry": {
        "type": "Point",
        "coordinates": [
          13.1962518,
          52.46789765
        ]
      },
      "properties": {
        "name": "Brunnen",
        "info": "Brunnentyp: Brunnen (Trinkwasserversorgung)",
        "category": "Straßenbrunnen",
        "source": "Öffentlicher Datensatz Berlins"
      }
    },
    {
      "type": "Feature",
      "geometry": {
        "type": "Point",
        "coordinates": [
          13.19064052,
          52.4522016
        ]
      },
      "properties": {
        "name": "Brunnen",
        "info": "Brunnentyp: Brunnen (Trinkwasserversorgung)",
        "category": "Straßenbrunnen",
        "source": "Öffentlicher Datensatz Berlins"
      }
    },
    {
      "type": "Feature",
      "geometry": {
        "type": "Point",
        "coordinates": [
          13.19038108,
          52.45079967
        ]
      },
      "properties": {
        "name": "Brunnen",
        "info": "Brunnentyp: Brunnen (Trinkwasserversorgung)",
        "category": "Straßenbrunnen",
        "source": "Öffentlicher Datensatz Berlins"
      }
    },
    {
      "type": "Feature",
      "geometry": {
        "type": "Point",
        "coordinates": [
          13.19028918,
          52.4594867
        ]
      },
      "properties": {
        "name": "Brunnen",
        "info": "Brunnentyp: Brunnen (Trinkwasserversorgung)",
        "category": "Straßenbrunnen",
        "source": "Öffentlicher Datensatz Berlins"
      }
    },
    {
      "type": "Feature",
      "geometry": {
        "type": "Point",
        "coordinates": [
          13.19332877,
          52.4855762
        ]
      },
      "properties": {
        "name": "Brunnen",
        "info": "Brunnentyp: Brunnen (Trinkwasserversorgung)",
        "category": "Straßenbrunnen",
        "source": "Öffentlicher Datensatz Berlins"
      }
    },
    {
      "type": "Feature",
      "geometry": {
        "type": "Point",
        "coordinates": [
          13.19204587,
          52.47552187
        ]
      },
      "properties": {
        "name": "Brunnen",
        "info": "Brunnentyp: Brunnen (Trinkwasserversorgung)",
        "category": "Straßenbrunnen",
        "source": "Öffentlicher Datensatz Berlins"
      }
    },
    {
      "type": "Feature",
      "geometry": {
        "type": "Point",
        "coordinates": [
          13.19630123,
          52.46694291
        ]
      },
      "properties": {
        "name": "Brunnen",
        "info": "Brunnentyp: Brunnen (Trinkwasserversorgung)",
        "category": "Straßenbrunnen",
        "source": "Öffentlicher Datensatz Berlins"
      }
    },
    {
      "type": "Feature",
      "geometry": {
        "type": "Point",
        "coordinates": [
          13.19011275,
          52.45899048
        ]
      },
      "properties": {
        "name": "Brunnen",
        "info": "Brunnentyp: Brunnen (Trinkwasserversorgung)",
        "category": "Straßenbrunnen",
        "source": "Öffentlicher Datensatz Berlins"
      }
    },
    {
      "type": "Feature",
      "geometry": {
        "type": "Point",
        "coordinates": [
          13.26143298,
          52.42632686
        ]
      },
      "properties": {
        "name": "Brunnen",
        "info": "Brunnentyp: Brunnen",
        "category": "Straßenbrunnen",
        "source": "Öffentlicher Datensatz Berlins"
      }
    },
    {
      "type": "Feature",
      "geometry": {
        "type": "Point",
        "coordinates": [
          13.25705695,
          52.43344815
        ]
      },
      "properties": {
        "name": "Brunnen",
        "info": "Brunnentyp: Brunnen",
        "category": "Straßenbrunnen",
        "source": "Öffentlicher Datensatz Berlins"
      }
    },
    {
      "type": "Feature",
      "geometry": {
        "type": "Point",
        "coordinates": [
          13.25285967,
          52.43980421
        ]
      },
      "properties": {
        "name": "Brunnen",
        "info": "Brunnentyp: Brunnen",
        "category": "Straßenbrunnen",
        "source": "Öffentlicher Datensatz Berlins"
      }
    },
    {
      "type": "Feature",
      "geometry": {
        "type": "Point",
        "coordinates": [
          13.25772576,
          52.43535343
        ]
      },
      "properties": {
        "name": "Brunnen",
        "info": "Brunnentyp: Brunnen",
        "category": "Straßenbrunnen",
        "source": "Öffentlicher Datensatz Berlins"
      }
    },
    {
      "type": "Feature",
      "geometry": {
        "type": "Point",
        "coordinates": [
          13.31203539,
          52.44276757
        ]
      },
      "properties": {
        "name": "Brunnen",
        "info": "Brunnentyp: Brunnen",
        "category": "Straßenbrunnen",
        "source": "Öffentlicher Datensatz Berlins"
      }
    },
    {
      "type": "Feature",
      "geometry": {
        "type": "Point",
        "coordinates": [
          13.19342226,
          52.42246225
        ]
      },
      "properties": {
        "name": "Brunnen",
        "info": "Brunnentyp: Brunnen (Trinkwasserversorgung)",
        "category": "Straßenbrunnen",
        "source": "Öffentlicher Datensatz Berlins"
      }
    },
    {
      "type": "Feature",
      "geometry": {
        "type": "Point",
        "coordinates": [
          13.17691056,
          52.43888568
        ]
      },
      "properties": {
        "name": "Brunnen",
        "info": "Brunnentyp: Brunnen (Trinkwasserversorgung)",
        "category": "Straßenbrunnen",
        "source": "Öffentlicher Datensatz Berlins"
      }
    },
    {
      "type": "Feature",
      "geometry": {
        "type": "Point",
        "coordinates": [
          13.1944946,
          52.42233569
        ]
      },
      "properties": {
        "name": "Brunnen",
        "info": "Brunnentyp: Brunnen (Trinkwasserversorgung)",
        "category": "Straßenbrunnen",
        "source": "Öffentlicher Datensatz Berlins"
      }
    },
    {
      "type": "Feature",
      "geometry": {
        "type": "Point",
        "coordinates": [
          13.1784152,
          52.4477323
        ]
      },
      "properties": {
        "name": "Brunnen",
        "info": "Brunnentyp: Brunnen (Trinkwasserversorgung)",
        "category": "Straßenbrunnen",
        "source": "Öffentlicher Datensatz Berlins"
      }
    },
    {
      "type": "Feature",
      "geometry": {
        "type": "Point",
        "coordinates": [
          13.19113561,
          52.42373508
        ]
      },
      "properties": {
        "name": "Brunnen",
        "info": "Brunnentyp: Brunnen (Trinkwasserversorgung)",
        "category": "Straßenbrunnen",
        "source": "Öffentlicher Datensatz Berlins"
      }
    },
    {
      "type": "Feature",
      "geometry": {
        "type": "Point",
        "coordinates": [
          13.18614666,
          52.42950532
        ]
      },
      "properties": {
        "name": "Brunnen",
        "info": "Brunnentyp: Brunnen (Trinkwasserversorgung)",
        "category": "Straßenbrunnen",
        "source": "Öffentlicher Datensatz Berlins"
      }
    },
    {
      "type": "Feature",
      "geometry": {
        "type": "Point",
        "coordinates": [
          13.19961966,
          52.43045974
        ]
      },
      "properties": {
        "name": "Brunnen",
        "info": "Brunnentyp: Brunnen (Trinkwasserversorgung)",
        "category": "Straßenbrunnen",
        "source": "Öffentlicher Datensatz Berlins"
      }
    },
    {
      "type": "Feature",
      "geometry": {
        "type": "Point",
        "coordinates": [
          13.18158655,
          52.43327825
        ]
      },
      "properties": {
        "name": "Brunnen",
        "info": "Brunnentyp: Brunnen (Trinkwasserversorgung)",
        "category": "Straßenbrunnen",
        "source": "Öffentlicher Datensatz Berlins"
      }
    },
    {
      "type": "Feature",
      "geometry": {
        "type": "Point",
        "coordinates": [
          13.19044738,
          52.42395911
        ]
      },
      "properties": {
        "name": "Brunnen",
        "info": "Brunnentyp: Brunnen (Trinkwasserversorgung)",
        "category": "Straßenbrunnen",
        "source": "Öffentlicher Datensatz Berlins"
      }
    },
    {
      "type": "Feature",
      "geometry": {
        "type": "Point",
        "coordinates": [
          13.19204908,
          52.42324671
        ]
      },
      "properties": {
        "name": "Brunnen",
        "info": "Brunnentyp: Brunnen (Trinkwasserversorgung)",
        "category": "Straßenbrunnen",
        "source": "Öffentlicher Datensatz Berlins"
      }
    },
    {
      "type": "Feature",
      "geometry": {
        "type": "Point",
        "coordinates": [
          13.18928463,
          52.42461547
        ]
      },
      "properties": {
        "name": "Brunnen",
        "info": "Brunnentyp: Brunnen (Trinkwasserversorgung)",
        "category": "Straßenbrunnen",
        "source": "Öffentlicher Datensatz Berlins"
      }
    },
    {
      "type": "Feature",
      "geometry": {
        "type": "Point",
        "coordinates": [
          13.17720853,
          52.44144808
        ]
      },
      "properties": {
        "name": "Brunnen",
        "info": "Brunnentyp: Brunnen (Trinkwasserversorgung)",
        "category": "Straßenbrunnen",
        "source": "Öffentlicher Datensatz Berlins"
      }
    },
    {
      "type": "Feature",
      "geometry": {
        "type": "Point",
        "coordinates": [
          13.18320588,
          52.43228071
        ]
      },
      "properties": {
        "name": "Brunnen",
        "info": "Brunnentyp: Brunnen (Trinkwasserversorgung)",
        "category": "Straßenbrunnen",
        "source": "Öffentlicher Datensatz Berlins"
      }
    },
    {
      "type": "Feature",
      "geometry": {
        "type": "Point",
        "coordinates": [
          13.19979964,
          52.43134792
        ]
      },
      "properties": {
        "name": "Brunnen",
        "info": "Brunnentyp: Brunnen (Trinkwasserversorgung)",
        "category": "Straßenbrunnen",
        "source": "Öffentlicher Datensatz Berlins"
      }
    },
    {
      "type": "Feature",
      "geometry": {
        "type": "Point",
        "coordinates": [
          13.19177405,
          52.42343078
        ]
      },
      "properties": {
        "name": "Brunnen",
        "info": "Brunnentyp: Brunnen (Trinkwasserversorgung)",
        "category": "Straßenbrunnen",
        "source": "Öffentlicher Datensatz Berlins"
      }
    },
    {
      "type": "Feature",
      "geometry": {
        "type": "Point",
        "coordinates": [
          13.17698236,
          52.44082648
        ]
      },
      "properties": {
        "name": "Brunnen",
        "info": "Brunnentyp: Brunnen (Trinkwasserversorgung)",
        "category": "Straßenbrunnen",
        "source": "Öffentlicher Datensatz Berlins"
      }
    },
    {
      "type": "Feature",
      "geometry": {
        "type": "Point",
        "coordinates": [
          13.17796372,
          52.44673762
        ]
      },
      "properties": {
        "name": "Brunnen",
        "info": "Brunnentyp: Brunnen (Trinkwasserversorgung)",
        "category": "Straßenbrunnen",
        "source": "Öffentlicher Datensatz Berlins"
      }
    },
    {
      "type": "Feature",
      "geometry": {
        "type": "Point",
        "coordinates": [
          13.17693508,
          52.43951162
        ]
      },
      "properties": {
        "name": "Brunnen",
        "info": "Brunnentyp: Brunnen (Trinkwasserversorgung)",
        "category": "Straßenbrunnen",
        "source": "Öffentlicher Datensatz Berlins"
      }
    },
    {
      "type": "Feature",
      "geometry": {
        "type": "Point",
        "coordinates": [
          13.1782749,
          52.44748846
        ]
      },
      "properties": {
        "name": "Brunnen",
        "info": "Brunnentyp: Brunnen (Trinkwasserversorgung)",
        "category": "Straßenbrunnen",
        "source": "Öffentlicher Datensatz Berlins"
      }
    },
    {
      "type": "Feature",
      "geometry": {
        "type": "Point",
        "coordinates": [
          13.18381943,
          52.43194377
        ]
      },
      "properties": {
        "name": "Brunnen",
        "info": "Brunnentyp: Brunnen (Trinkwasserversorgung)",
        "category": "Straßenbrunnen",
        "source": "Öffentlicher Datensatz Berlins"
      }
    },
    {
      "type": "Feature",
      "geometry": {
        "type": "Point",
        "coordinates": [
          13.19145629,
          52.42360835
        ]
      },
      "properties": {
        "name": "Brunnen",
        "info": "Brunnentyp: Brunnen (Trinkwasserversorgung)",
        "category": "Straßenbrunnen",
        "source": "Öffentlicher Datensatz Berlins"
      }
    },
    {
      "type": "Feature",
      "geometry": {
        "type": "Point",
        "coordinates": [
          13.19415871,
          52.42232369
        ]
      },
      "properties": {
        "name": "Brunnen",
        "info": "Brunnentyp: Brunnen (Trinkwasserversorgung)",
        "category": "Straßenbrunnen",
        "source": "Öffentlicher Datensatz Berlins"
      }
    },
    {
      "type": "Feature",
      "geometry": {
        "type": "Point",
        "coordinates": [
          13.17686933,
          52.4382525
        ]
      },
      "properties": {
        "name": "Brunnen",
        "info": "Brunnentyp: Brunnen (Trinkwasserversorgung)",
        "category": "Straßenbrunnen",
        "source": "Öffentlicher Datensatz Berlins"
      }
    },
    {
      "type": "Feature",
      "geometry": {
        "type": "Point",
        "coordinates": [
          13.20119577,
          52.42737964
        ]
      },
      "properties": {
        "name": "Brunnen",
        "info": "Brunnentyp: Brunnen (Trinkwasserversorgung)",
        "category": "Straßenbrunnen",
        "source": "Öffentlicher Datensatz Berlins"
      }
    },
    {
      "type": "Feature",
      "geometry": {
        "type": "Point",
        "coordinates": [
          13.18863493,
          52.42777749
        ]
      },
      "properties": {
        "name": "Brunnen",
        "info": "Brunnentyp: Brunnen (Trinkwasserversorgung)",
        "category": "Straßenbrunnen",
        "source": "Öffentlicher Datensatz Berlins"
      }
    },
    {
      "type": "Feature",
      "geometry": {
        "type": "Point",
        "coordinates": [
          13.19080918,
          52.42383751
        ]
      },
      "properties": {
        "name": "Brunnen",
        "info": "Brunnentyp: Brunnen (Trinkwasserversorgung)",
        "category": "Straßenbrunnen",
        "source": "Öffentlicher Datensatz Berlins"
      }
    },
    {
      "type": "Feature",
      "geometry": {
        "type": "Point",
        "coordinates": [
          13.23226239,
          52.43804295
        ]
      },
      "properties": {
        "name": "Brunnen",
        "info": "Brunnentyp: Brunnen",
        "category": "Straßenbrunnen",
        "source": "Öffentlicher Datensatz Berlins"
      }
    },
    {
      "type": "Feature",
      "geometry": {
        "type": "Point",
        "coordinates": [
          13.19007388,
          52.42406716
        ]
      },
      "properties": {
        "name": "Brunnen",
        "info": "Brunnentyp: Brunnen (Trinkwasserversorgung)",
        "category": "Straßenbrunnen",
        "source": "Öffentlicher Datensatz Berlins"
      }
    },
    {
      "type": "Feature",
      "geometry": {
        "type": "Point",
        "coordinates": [
          13.18597085,
          52.43023822
        ]
      },
      "properties": {
        "name": "Brunnen",
        "info": "Brunnentyp: Brunnen (Trinkwasserversorgung)",
        "category": "Straßenbrunnen",
        "source": "Öffentlicher Datensatz Berlins"
      }
    },
    {
      "type": "Feature",
      "geometry": {
        "type": "Point",
        "coordinates": [
          13.23299178,
          52.43777274
        ]
      },
      "properties": {
        "name": "Brunnen",
        "info": "Brunnentyp: Brunnen",
        "category": "Straßenbrunnen",
        "source": "Öffentlicher Datensatz Berlins"
      }
    },
    {
      "type": "Feature",
      "geometry": {
        "type": "Point",
        "coordinates": [
          13.18576734,
          52.43072346
        ]
      },
      "properties": {
        "name": "Brunnen",
        "info": "Brunnentyp: Brunnen (Trinkwasserversorgung)",
        "category": "Straßenbrunnen",
        "source": "Öffentlicher Datensatz Berlins"
      }
    },
    {
      "type": "Feature",
      "geometry": {
        "type": "Point",
        "coordinates": [
          13.1923238,
          52.42309953
        ]
      },
      "properties": {
        "name": "Brunnen",
        "info": "Brunnentyp: Brunnen (Trinkwasserversorgung)",
        "category": "Straßenbrunnen",
        "source": "Öffentlicher Datensatz Berlins"
      }
    },
    {
      "type": "Feature",
      "geometry": {
        "type": "Point",
        "coordinates": [
          13.18976151,
          52.42423036
        ]
      },
      "properties": {
        "name": "Brunnen",
        "info": "Brunnentyp: Brunnen (Trinkwasserversorgung)",
        "category": "Straßenbrunnen",
        "source": "Öffentlicher Datensatz Berlins"
      }
    },
    {
      "type": "Feature",
      "geometry": {
        "type": "Point",
        "coordinates": [
          13.17889959,
          52.4346662
        ]
      },
      "properties": {
        "name": "Brunnen",
        "info": "Brunnentyp: Brunnen (Trinkwasserversorgung)",
        "category": "Straßenbrunnen",
        "source": "Öffentlicher Datensatz Berlins"
      }
    },
    {
      "type": "Feature",
      "geometry": {
        "type": "Point",
        "coordinates": [
          13.20021204,
          52.43315397
        ]
      },
      "properties": {
        "name": "Brunnen",
        "info": "Brunnentyp: Brunnen (Trinkwasserversorgung)",
        "category": "Straßenbrunnen",
        "source": "Öffentlicher Datensatz Berlins"
      }
    },
    {
      "type": "Feature",
      "geometry": {
        "type": "Point",
        "coordinates": [
          13.18815183,
          52.42837666
        ]
      },
      "properties": {
        "name": "Brunnen",
        "info": "Brunnentyp: Brunnen (Trinkwasserversorgung)",
        "category": "Straßenbrunnen",
        "source": "Öffentlicher Datensatz Berlins"
      }
    },
    {
      "type": "Feature",
      "geometry": {
        "type": "Point",
        "coordinates": [
          13.20003258,
          52.43234915
        ]
      },
      "properties": {
        "name": "Brunnen",
        "info": "Brunnentyp: Brunnen (Trinkwasserversorgung)",
        "category": "Straßenbrunnen",
        "source": "Öffentlicher Datensatz Berlins"
      }
    },
    {
      "type": "Feature",
      "geometry": {
        "type": "Point",
        "coordinates": [
          13.20067056,
          52.42439021
        ]
      },
      "properties": {
        "name": "Brunnen",
        "info": "Brunnentyp: Brunnen (Trinkwasserversorgung)",
        "category": "Straßenbrunnen",
        "source": "Öffentlicher Datensatz Berlins"
      }
    },
    {
      "type": "Feature",
      "geometry": {
        "type": "Point",
        "coordinates": [
          13.21971944,
          52.42411935
        ]
      },
      "properties": {
        "name": "Brunnen",
        "info": "Brunnentyp: Brunnen",
        "category": "Straßenbrunnen",
        "source": "Öffentlicher Datensatz Berlins"
      }
    },
    {
      "type": "Feature",
      "geometry": {
        "type": "Point",
        "coordinates": [
          13.18955615,
          52.42442464
        ]
      },
      "properties": {
        "name": "Brunnen",
        "info": "Brunnentyp: Brunnen (Trinkwasserversorgung)",
        "category": "Straßenbrunnen",
        "source": "Öffentlicher Datensatz Berlins"
      }
    },
    {
      "type": "Feature",
      "geometry": {
        "type": "Point",
        "coordinates": [
          13.1998677,
          52.42879796
        ]
      },
      "properties": {
        "name": "Brunnen",
        "info": "Brunnentyp: Brunnen (Trinkwasserversorgung)",
        "category": "Straßenbrunnen",
        "source": "Öffentlicher Datensatz Berlins"
      }
    },
    {
      "type": "Feature",
      "geometry": {
        "type": "Point",
        "coordinates": [
          13.19377137,
          52.42239656
        ]
      },
      "properties": {
        "name": "Brunnen",
        "info": "Brunnentyp: Brunnen (Trinkwasserversorgung)",
        "category": "Straßenbrunnen",
        "source": "Öffentlicher Datensatz Berlins"
      }
    },
    {
      "type": "Feature",
      "geometry": {
        "type": "Point",
        "coordinates": [
          13.18903963,
          52.4248028
        ]
      },
      "properties": {
        "name": "Brunnen",
        "info": "Brunnentyp: Brunnen (Trinkwasserversorgung)",
        "category": "Straßenbrunnen",
        "source": "Öffentlicher Datensatz Berlins"
      }
    },
    {
      "type": "Feature",
      "geometry": {
        "type": "Point",
        "coordinates": [
          13.20160134,
          52.42495873
        ]
      },
      "properties": {
        "name": "Brunnen",
        "info": "Brunnentyp: Brunnen (Trinkwasserversorgung)",
        "category": "Straßenbrunnen",
        "source": "Öffentlicher Datensatz Berlins"
      }
    },
    {
      "type": "Feature",
      "geometry": {
        "type": "Point",
        "coordinates": [
          13.17886022,
          52.44833009
        ]
      },
      "properties": {
        "name": "Brunnen",
        "info": "Brunnentyp: Brunnen (Trinkwasserversorgung)",
        "category": "Straßenbrunnen",
        "source": "Öffentlicher Datensatz Berlins"
      }
    },
    {
      "type": "Feature",
      "geometry": {
        "type": "Point",
        "coordinates": [
          13.18239242,
          52.43270713
        ]
      },
      "properties": {
        "name": "Brunnen",
        "info": "Brunnentyp: Brunnen (Trinkwasserversorgung)",
        "category": "Straßenbrunnen",
        "source": "Öffentlicher Datensatz Berlins"
      }
    },
    {
      "type": "Feature",
      "geometry": {
        "type": "Point",
        "coordinates": [
          13.20220137,
          52.42566678
        ]
      },
      "properties": {
        "name": "Brunnen",
        "info": "Brunnentyp: Brunnen (Trinkwasserversorgung)",
        "category": "Straßenbrunnen",
        "source": "Öffentlicher Datensatz Berlins"
      }
    },
    {
      "type": "Feature",
      "geometry": {
        "type": "Point",
        "coordinates": [
          13.19305667,
          52.42248769
        ]
      },
      "properties": {
        "name": "Brunnen",
        "info": "Brunnentyp: Brunnen (Trinkwasserversorgung)",
        "category": "Straßenbrunnen",
        "source": "Öffentlicher Datensatz Berlins"
      }
    },
    {
      "type": "Feature",
      "geometry": {
        "type": "Point",
        "coordinates": [
          13.18690998,
          52.42883092
        ]
      },
      "properties": {
        "name": "Brunnen",
        "info": "Brunnentyp: Brunnen (Trinkwasserversorgung)",
        "category": "Straßenbrunnen",
        "source": "Öffentlicher Datensatz Berlins"
      }
    },
    {
      "type": "Feature",
      "geometry": {
        "type": "Point",
        "coordinates": [
          13.19252027,
          52.42283894
        ]
      },
      "properties": {
        "name": "Brunnen",
        "info": "Brunnentyp: Brunnen (Trinkwasserversorgung)",
        "category": "Straßenbrunnen",
        "source": "Öffentlicher Datensatz Berlins"
      }
    },
    {
      "type": "Feature",
      "geometry": {
        "type": "Point",
        "coordinates": [
          13.17954004,
          52.43431957
        ]
      },
      "properties": {
        "name": "Brunnen",
        "info": "Brunnentyp: Brunnen (Trinkwasserversorgung)",
        "category": "Straßenbrunnen",
        "source": "Öffentlicher Datensatz Berlins"
      }
    },
    {
      "type": "Feature",
      "geometry": {
        "type": "Point",
        "coordinates": [
          13.19953891,
          52.4295448
        ]
      },
      "properties": {
        "name": "Brunnen",
        "info": "Brunnentyp: Brunnen (Trinkwasserversorgung)",
        "category": "Straßenbrunnen",
        "source": "Öffentlicher Datensatz Berlins"
      }
    },
    {
      "type": "Feature",
      "geometry": {
        "type": "Point",
        "coordinates": [
          13.19264864,
          52.42261869
        ]
      },
      "properties": {
        "name": "Brunnen",
        "info": "Brunnentyp: Brunnen (Trinkwasserversorgung)",
        "category": "Straßenbrunnen",
        "source": "Öffentlicher Datensatz Berlins"
      }
    },
    {
      "type": "Feature",
      "geometry": {
        "type": "Point",
        "coordinates": [
          13.17694285,
          52.44018417
        ]
      },
      "properties": {
        "name": "Brunnen",
        "info": "Brunnentyp: Brunnen (Trinkwasserversorgung)",
        "category": "Straßenbrunnen",
        "source": "Öffentlicher Datensatz Berlins"
      }
    },
    {
      "type": "Feature",
      "geometry": {
        "type": "Point",
        "coordinates": [
          13.17808895,
          52.43513343
        ]
      },
      "properties": {
        "name": "Brunnen",
        "info": "Brunnentyp: Brunnen (Trinkwasserversorgung)",
        "category": "Straßenbrunnen",
        "source": "Öffentlicher Datensatz Berlins"
      }
    },
    {
      "type": "Feature",
      "geometry": {
        "type": "Point",
        "coordinates": [
          13.20062883,
          52.42808445
        ]
      },
      "properties": {
        "name": "Brunnen",
        "info": "Brunnentyp: Brunnen (Trinkwasserversorgung)",
        "category": "Straßenbrunnen",
        "source": "Öffentlicher Datensatz Berlins"
      }
    },
    {
      "type": "Feature",
      "geometry": {
        "type": "Point",
        "coordinates": [
          13.20217232,
          52.42656379
        ]
      },
      "properties": {
        "name": "Brunnen",
        "info": "Brunnentyp: Brunnen (Trinkwasserversorgung)",
        "category": "Straßenbrunnen",
        "source": "Öffentlicher Datensatz Berlins"
      }
    },
    {
      "type": "Feature",
      "geometry": {
        "type": "Point",
        "coordinates": [
          13.18475862,
          52.4317817
        ]
      },
      "properties": {
        "name": "Brunnen",
        "info": "Brunnentyp: Brunnen (Trinkwasserversorgung)",
        "category": "Straßenbrunnen",
        "source": "Öffentlicher Datensatz Berlins"
      }
    },
    {
      "type": "Feature",
      "geometry": {
        "type": "Point",
        "coordinates": [
          13.18070015,
          52.43368717
        ]
      },
      "properties": {
        "name": "Brunnen",
        "info": "Brunnentyp: Brunnen (Trinkwasserversorgung)",
        "category": "Straßenbrunnen",
        "source": "Öffentlicher Datensatz Berlins"
      }
    },
    {
      "type": "Feature",
      "geometry": {
        "type": "Point",
        "coordinates": [
          13.1776177,
          52.43568999
        ]
      },
      "properties": {
        "name": "Brunnen",
        "info": "Brunnentyp: Brunnen (Trinkwasserversorgung)",
        "category": "Straßenbrunnen",
        "source": "Öffentlicher Datensatz Berlins"
      }
    },
    {
      "type": "Feature",
      "geometry": {
        "type": "Point",
        "coordinates": [
          13.4907669,
          52.45538937
        ]
      },
      "properties": {
        "name": "Brunnen",
        "info": "Brunnentyp: Brunnen (Trinkwasserversorgung)",
        "category": "Straßenbrunnen",
        "source": "Öffentlicher Datensatz Berlins"
      }
    },
    {
      "type": "Feature",
      "geometry": {
        "type": "Point",
        "coordinates": [
          13.4976748,
          52.45112476
        ]
      },
      "properties": {
        "name": "Brunnen",
        "info": "Brunnentyp: Brunnen (Trinkwasserversorgung)",
        "category": "Straßenbrunnen",
        "source": "Öffentlicher Datensatz Berlins"
      }
    },
    {
      "type": "Feature",
      "geometry": {
        "type": "Point",
        "coordinates": [
          13.44412633,
          52.48430771
        ]
      },
      "properties": {
        "name": "Brunnen",
        "info": "Brunnentyp: Brunnen",
        "category": "Straßenbrunnen",
        "source": "Öffentlicher Datensatz Berlins"
      }
    },
    {
      "type": "Feature",
      "geometry": {
        "type": "Point",
        "coordinates": [
          13.47098365,
          52.4673592
        ]
      },
      "properties": {
        "name": "Brunnen",
        "info": "Brunnentyp: Brunnen",
        "category": "Straßenbrunnen",
        "source": "Öffentlicher Datensatz Berlins"
      }
    },
    {
      "type": "Feature",
      "geometry": {
        "type": "Point",
        "coordinates": [
          13.46904309,
          52.4912811
        ]
      },
      "properties": {
        "name": "Brunnen",
        "info": "Brunnentyp: Brunnen",
        "category": "Straßenbrunnen",
        "source": "Öffentlicher Datensatz Berlins"
      }
    },
    {
      "type": "Feature",
      "geometry": {
        "type": "Point",
        "coordinates": [
          13.48936766,
          52.45456051
        ]
      },
      "properties": {
        "name": "Brunnen",
        "info": "Brunnentyp: Brunnen (Trinkwasserversorgung)",
        "category": "Straßenbrunnen",
        "source": "Öffentlicher Datensatz Berlins"
      }
    },
    {
      "type": "Feature",
      "geometry": {
        "type": "Point",
        "coordinates": [
          13.43949652,
          52.49824986
        ]
      },
      "properties": {
        "name": "Brunnen",
        "info": "Brunnentyp: Brunnen",
        "category": "Straßenbrunnen",
        "source": "Öffentlicher Datensatz Berlins"
      }
    },
    {
      "type": "Feature",
      "geometry": {
        "type": "Point",
        "coordinates": [
          13.43789643,
          52.46628783
        ]
      },
      "properties": {
        "name": "Brunnen",
        "info": "Brunnentyp: Brunnen",
        "category": "Straßenbrunnen",
        "source": "Öffentlicher Datensatz Berlins"
      }
    },
    {
      "type": "Feature",
      "geometry": {
        "type": "Point",
        "coordinates": [
          13.49001719,
          52.45493294
        ]
      },
      "properties": {
        "name": "Brunnen",
        "info": "Brunnentyp: Brunnen (Trinkwasserversorgung)",
        "category": "Straßenbrunnen",
        "source": "Öffentlicher Datensatz Berlins"
      }
    },
    {
      "type": "Feature",
      "geometry": {
        "type": "Point",
        "coordinates": [
          13.41639936,
          52.48312521
        ]
      },
      "properties": {
        "name": "Brunnen",
        "info": "Brunnentyp: Brunnen",
        "category": "Straßenbrunnen",
        "source": "Öffentlicher Datensatz Berlins"
      }
    },
    {
      "type": "Feature",
      "geometry": {
        "type": "Point",
        "coordinates": [
          13.44064558,
          52.49631286
        ]
      },
      "properties": {
        "name": "Brunnen",
        "info": "Brunnentyp: Brunnen",
        "category": "Straßenbrunnen",
        "source": "Öffentlicher Datensatz Berlins"
      }
    },
    {
      "type": "Feature",
      "geometry": {
        "type": "Point",
        "coordinates": [
          13.49162772,
          52.45281003
        ]
      },
      "properties": {
        "name": "Brunnen",
        "info": "Brunnentyp: Brunnen (Trinkwasserversorgung)",
        "category": "Straßenbrunnen",
        "source": "Öffentlicher Datensatz Berlins"
      }
    },
    {
      "type": "Feature",
      "geometry": {
        "type": "Point",
        "coordinates": [
          13.48728873,
          52.45398368
        ]
      },
      "properties": {
        "name": "Brunnen",
        "info": "Brunnentyp: Brunnen (Trinkwasserversorgung)",
        "category": "Straßenbrunnen",
        "source": "Öffentlicher Datensatz Berlins"
      }
    },
    {
      "type": "Feature",
      "geometry": {
        "type": "Point",
        "coordinates": [
          13.43537432,
          52.4811493
        ]
      },
      "properties": {
        "name": "Brunnen",
        "info": "Brunnentyp: Brunnen",
        "category": "Straßenbrunnen",
        "source": "Öffentlicher Datensatz Berlins"
      }
    },
    {
      "type": "Feature",
      "geometry": {
        "type": "Point",
        "coordinates": [
          13.49097855,
          52.45298696
        ]
      },
      "properties": {
        "name": "Brunnen",
        "info": "Brunnentyp: Brunnen (Trinkwasserversorgung)",
        "category": "Straßenbrunnen",
        "source": "Öffentlicher Datensatz Berlins"
      }
    },
    {
      "type": "Feature",
      "geometry": {
        "type": "Point",
        "coordinates": [
          13.49221829,
          52.45620089
        ]
      },
      "properties": {
        "name": "Brunnen",
        "info": "Brunnentyp: Brunnen (Trinkwasserversorgung)",
        "category": "Straßenbrunnen",
        "source": "Öffentlicher Datensatz Berlins"
      }
    },
    {
      "type": "Feature",
      "geometry": {
        "type": "Point",
        "coordinates": [
          13.43900217,
          52.47148404
        ]
      },
      "properties": {
        "name": "Brunnen",
        "info": "Brunnentyp: Brunnen",
        "category": "Straßenbrunnen",
        "source": "Öffentlicher Datensatz Berlins"
      }
    },
    {
      "type": "Feature",
      "geometry": {
        "type": "Point",
        "coordinates": [
          13.4914658,
          52.45578221
        ]
      },
      "properties": {
        "name": "Brunnen",
        "info": "Brunnentyp: Brunnen (Trinkwasserversorgung)",
        "category": "Straßenbrunnen",
        "source": "Öffentlicher Datensatz Berlins"
      }
    },
    {
      "type": "Feature",
      "geometry": {
        "type": "Point",
        "coordinates": [
          13.48872291,
          52.45417735
        ]
      },
      "properties": {
        "name": "Brunnen",
        "info": "Brunnentyp: Brunnen (Trinkwasserversorgung)",
        "category": "Straßenbrunnen",
        "source": "Öffentlicher Datensatz Berlins"
      }
    },
    {
      "type": "Feature",
      "geometry": {
        "type": "Point",
        "coordinates": [
          13.49809937,
          52.45080018
        ]
      },
      "properties": {
        "name": "Brunnen",
        "info": "Brunnentyp: Brunnen (Trinkwasserversorgung)",
        "category": "Straßenbrunnen",
        "source": "Öffentlicher Datensatz Berlins"
      }
    },
    {
      "type": "Feature",
      "geometry": {
        "type": "Point",
        "coordinates": [
          13.44110848,
          52.47364879
        ]
      },
      "properties": {
        "name": "Brunnen",
        "info": "Brunnentyp: Brunnen",
        "category": "Straßenbrunnen",
        "source": "Öffentlicher Datensatz Berlins"
      }
    },
    {
      "type": "Feature",
      "geometry": {
        "type": "Point",
        "coordinates": [
          13.49468518,
          52.45196696
        ]
      },
      "properties": {
        "name": "Brunnen",
        "info": "Brunnentyp: Brunnen (Trinkwasserversorgung)",
        "category": "Straßenbrunnen",
        "source": "Öffentlicher Datensatz Berlins"
      }
    },
    {
      "type": "Feature",
      "geometry": {
        "type": "Point",
        "coordinates": [
          13.48662717,
          52.45417752
        ]
      },
      "properties": {
        "name": "Brunnen",
        "info": "Brunnentyp: Brunnen (Trinkwasserversorgung)",
        "category": "Straßenbrunnen",
        "source": "Öffentlicher Datensatz Berlins"
      }
    },
    {
      "type": "Feature",
      "geometry": {
        "type": "Point",
        "coordinates": [
          13.48822391,
          52.45375019
        ]
      },
      "properties": {
        "name": "Brunnen",
        "info": "Brunnentyp: Brunnen (Trinkwasserversorgung)",
        "category": "Straßenbrunnen",
        "source": "Öffentlicher Datensatz Berlins"
      }
    },
    {
      "type": "Feature",
      "geometry": {
        "type": "Point",
        "coordinates": [
          13.49342559,
          52.45230787
        ]
      },
      "properties": {
        "name": "Brunnen",
        "info": "Brunnentyp: Brunnen (Trinkwasserversorgung)",
        "category": "Straßenbrunnen",
        "source": "Öffentlicher Datensatz Berlins"
      }
    },
    {
      "type": "Feature",
      "geometry": {
        "type": "Point",
        "coordinates": [
          13.48536843,
          52.46463139
        ]
      },
      "properties": {
        "name": "Brunnen",
        "info": "Brunnentyp: Brunnen",
        "category": "Straßenbrunnen",
        "source": "Öffentlicher Datensatz Berlins"
      }
    },
    {
      "type": "Feature",
      "geometry": {
        "type": "Point",
        "coordinates": [
          13.49079859,
          52.45231034
        ]
      },
      "properties": {
        "name": "Brunnen",
        "info": "Brunnentyp: Brunnen (Trinkwasserversorgung)",
        "category": "Straßenbrunnen",
        "source": "Öffentlicher Datensatz Berlins"
      }
    },
    {
      "type": "Feature",
      "geometry": {
        "type": "Point",
        "coordinates": [
          13.48922182,
          52.45344645
        ]
      },
      "properties": {
        "name": "Brunnen",
        "info": "Brunnentyp: Brunnen (Trinkwasserversorgung)",
        "category": "Straßenbrunnen",
        "source": "Öffentlicher Datensatz Berlins"
      }
    },
    {
      "type": "Feature",
      "geometry": {
        "type": "Point",
        "coordinates": [
          13.46885116,
          52.49057266
        ]
      },
      "properties": {
        "name": "Brunnen",
        "info": "Brunnentyp: Brunnen",
        "category": "Straßenbrunnen",
        "source": "Öffentlicher Datensatz Berlins"
      }
    },
    {
      "type": "Feature",
      "geometry": {
        "type": "Point",
        "coordinates": [
          13.43853337,
          52.47142591
        ]
      },
      "properties": {
        "name": "Brunnen",
        "info": "Brunnentyp: Brunnen",
        "category": "Straßenbrunnen",
        "source": "Öffentlicher Datensatz Berlins"
      }
    },
    {
      "type": "Feature",
      "geometry": {
        "type": "Point",
        "coordinates": [
          13.49707943,
          52.45132219
        ]
      },
      "properties": {
        "name": "Brunnen",
        "info": "Brunnentyp: Brunnen (Trinkwasserversorgung)",
        "category": "Straßenbrunnen",
        "source": "Öffentlicher Datensatz Berlins"
      }
    },
    {
      "type": "Feature",
      "geometry": {
        "type": "Point",
        "coordinates": [
          13.47937907,
          52.4839184
        ]
      },
      "properties": {
        "name": "Brunnen",
        "info": "Brunnentyp: Brunnen",
        "category": "Straßenbrunnen",
        "source": "Öffentlicher Datensatz Berlins"
      }
    },
    {
      "type": "Feature",
      "geometry": {
        "type": "Point",
        "coordinates": [
          13.49020961,
          52.45197554
        ]
      },
      "properties": {
        "name": "Brunnen",
        "info": "Brunnentyp: Brunnen (Trinkwasserversorgung)",
        "category": "Straßenbrunnen",
        "source": "Öffentlicher Datensatz Berlins"
      }
    },
    {
      "type": "Feature",
      "geometry": {
        "type": "Point",
        "coordinates": [
          13.48971335,
          52.45172645
        ]
      },
      "properties": {
        "name": "Brunnen",
        "info": "Brunnentyp: Brunnen (Trinkwasserversorgung)",
        "category": "Straßenbrunnen",
        "source": "Öffentlicher Datensatz Berlins"
      }
    },
    {
      "type": "Feature",
      "geometry": {
        "type": "Point",
        "coordinates": [
          13.44005102,
          52.49621971
        ]
      },
      "properties": {
        "name": "Brunnen",
        "info": "Brunnentyp: Brunnen",
        "category": "Straßenbrunnen",
        "source": "Öffentlicher Datensatz Berlins"
      }
    },
    {
      "type": "Feature",
      "geometry": {
        "type": "Point",
        "coordinates": [
          13.49553178,
          52.45173947
        ]
      },
      "properties": {
        "name": "Brunnen",
        "info": "Brunnentyp: Brunnen (Trinkwasserversorgung)",
        "category": "Straßenbrunnen",
        "source": "Öffentlicher Datensatz Berlins"
      }
    },
    {
      "type": "Feature",
      "geometry": {
        "type": "Point",
        "coordinates": [
          13.47509024,
          52.4794372
        ]
      },
      "properties": {
        "name": "Brunnen",
        "info": "Brunnentyp: Brunnen",
        "category": "Straßenbrunnen",
        "source": "Öffentlicher Datensatz Berlins"
      }
    },
    {
      "type": "Feature",
      "geometry": {
        "type": "Point",
        "coordinates": [
          13.49644079,
          52.45149389
        ]
      },
      "properties": {
        "name": "Brunnen",
        "info": "Brunnentyp: Brunnen (Trinkwasserversorgung)",
        "category": "Straßenbrunnen",
        "source": "Öffentlicher Datensatz Berlins"
      }
    },
    {
      "type": "Feature",
      "geometry": {
        "type": "Point",
        "coordinates": [
          13.4925045,
          52.45256137
        ]
      },
      "properties": {
        "name": "Brunnen",
        "info": "Brunnentyp: Brunnen (Trinkwasserversorgung)",
        "category": "Straßenbrunnen",
        "source": "Öffentlicher Datensatz Berlins"
      }
    },
    {
      "type": "Feature",
      "geometry": {
        "type": "Point",
        "coordinates": [
          13.48568433,
          52.45446215
        ]
      },
      "properties": {
        "name": "Brunnen",
        "info": "Brunnentyp: Brunnen (Trinkwasserversorgung)",
        "category": "Straßenbrunnen",
        "source": "Öffentlicher Datensatz Berlins"
      }
    },
    {
      "type": "Feature",
      "geometry": {
        "type": "Point",
        "coordinates": [
          13.49401213,
          52.4521544
        ]
      },
      "properties": {
        "name": "Brunnen",
        "info": "Brunnentyp: Brunnen (Trinkwasserversorgung)",
        "category": "Straßenbrunnen",
        "source": "Öffentlicher Datensatz Berlins"
      }
    },
    {
      "type": "Feature",
      "geometry": {
        "type": "Point",
        "coordinates": [
          13.42988816,
          52.48927094
        ]
      },
      "properties": {
        "name": "Brunnen",
        "info": "Brunnentyp: Brunnen",
        "category": "Straßenbrunnen",
        "source": "Öffentlicher Datensatz Berlins"
      }
    },
    {
      "type": "Feature",
      "geometry": {
        "type": "Point",
        "coordinates": [
          13.36078167,
          52.48810998
        ]
      },
      "properties": {
        "name": "Brunnen",
        "info": "Brunnentyp: Brunnen",
        "category": "Straßenbrunnen",
        "source": "Öffentlicher Datensatz Berlins"
      }
    },
    {
      "type": "Feature",
      "geometry": {
        "type": "Point",
        "coordinates": [
          13.335149,
          52.47565167
        ]
      },
      "properties": {
        "name": "Brunnen",
        "info": "Brunnentyp: Brunnen",
        "category": "Straßenbrunnen",
        "source": "Öffentlicher Datensatz Berlins"
      }
    },
    {
      "type": "Feature",
      "geometry": {
        "type": "Point",
        "coordinates": [
          13.38177431,
          52.48830116
        ]
      },
      "properties": {
        "name": "Brunnen",
        "info": "Brunnentyp: Brunnen",
        "category": "Straßenbrunnen",
        "source": "Öffentlicher Datensatz Berlins"
      }
    },
    {
      "type": "Feature",
      "geometry": {
        "type": "Point",
        "coordinates": [
          13.34000779,
          52.48904731
        ]
      },
      "properties": {
        "name": "Brunnen",
        "info": "Brunnentyp: Brunnen",
        "category": "Straßenbrunnen",
        "source": "Öffentlicher Datensatz Berlins"
      }
    },
    {
      "type": "Feature",
      "geometry": {
        "type": "Point",
        "coordinates": [
          13.34931085,
          52.49211863
        ]
      },
      "properties": {
        "name": "Brunnen",
        "info": "Brunnentyp: Brunnen",
        "category": "Straßenbrunnen",
        "source": "Öffentlicher Datensatz Berlins"
      }
    },
    {
      "type": "Feature",
      "geometry": {
        "type": "Point",
        "coordinates": [
          13.40047948,
          52.49671346
        ]
      },
      "properties": {
        "name": "Brunnen",
        "info": "Brunnentyp: Brunnen",
        "category": "Straßenbrunnen",
        "source": "Öffentlicher Datensatz Berlins"
      }
    },
    {
      "type": "Feature",
      "geometry": {
        "type": "Point",
        "coordinates": [
          13.38357007,
          52.46582175
        ]
      },
      "properties": {
        "name": "Brunnen",
        "info": "Brunnentyp: Brunnen",
        "category": "Straßenbrunnen",
        "source": "Öffentlicher Datensatz Berlins"
      }
    },
    {
      "type": "Feature",
      "geometry": {
        "type": "Point",
        "coordinates": [
          13.35779932,
          52.49758337
        ]
      },
      "properties": {
        "name": "Brunnen",
        "info": "Brunnentyp: Brunnen",
        "category": "Straßenbrunnen",
        "source": "Öffentlicher Datensatz Berlins"
      }
    },
    {
      "type": "Feature",
      "geometry": {
        "type": "Point",
        "coordinates": [
          13.35650466,
          52.49785375
        ]
      },
      "properties": {
        "name": "Brunnen",
        "info": "Brunnentyp: Brunnen",
        "category": "Straßenbrunnen",
        "source": "Öffentlicher Datensatz Berlins"
      }
    },
    {
      "type": "Feature",
      "geometry": {
        "type": "Point",
        "coordinates": [
          13.34182894,
          52.47474519
        ]
      },
      "properties": {
        "name": "Brunnen",
        "info": "Brunnentyp: Brunnen",
        "category": "Straßenbrunnen",
        "source": "Öffentlicher Datensatz Berlins"
      }
    },
    {
      "type": "Feature",
      "geometry": {
        "type": "Point",
        "coordinates": [
          13.34186122,
          52.49574261
        ]
      },
      "properties": {
        "name": "Brunnen",
        "info": "Brunnentyp: Brunnen",
        "category": "Straßenbrunnen",
        "source": "Öffentlicher Datensatz Berlins"
      }
    },
    {
      "type": "Feature",
      "geometry": {
        "type": "Point",
        "coordinates": [
          13.34399992,
          52.48335488
        ]
      },
      "properties": {
        "name": "Brunnen",
        "info": "Brunnentyp: Brunnen",
        "category": "Straßenbrunnen",
        "source": "Öffentlicher Datensatz Berlins"
      }
    },
    {
      "type": "Feature",
      "geometry": {
        "type": "Point",
        "coordinates": [
          13.39572939,
          52.48919137
        ]
      },
      "properties": {
        "name": "Brunnen",
        "info": "Brunnentyp: Brunnen",
        "category": "Straßenbrunnen",
        "source": "Öffentlicher Datensatz Berlins"
      }
    },
    {
      "type": "Feature",
      "geometry": {
        "type": "Point",
        "coordinates": [
          13.34430202,
          52.47768309
        ]
      },
      "properties": {
        "name": "Brunnen",
        "info": "Brunnentyp: Brunnen",
        "category": "Straßenbrunnen",
        "source": "Öffentlicher Datensatz Berlins"
      }
    },
    {
      "type": "Feature",
      "geometry": {
        "type": "Point",
        "coordinates": [
          13.33304744,
          52.49318406
        ]
      },
      "properties": {
        "name": "Brunnen",
        "info": "Brunnentyp: Brunnen",
        "category": "Straßenbrunnen",
        "source": "Öffentlicher Datensatz Berlins"
      }
    },
    {
      "type": "Feature",
      "geometry": {
        "type": "Point",
        "coordinates": [
          13.34190101,
          52.47348049
        ]
      },
      "properties": {
        "name": "Brunnen",
        "info": "Brunnentyp: Brunnen",
        "category": "Straßenbrunnen",
        "source": "Öffentlicher Datensatz Berlins"
      }
    },
    {
      "type": "Feature",
      "geometry": {
        "type": "Point",
        "coordinates": [
          13.37788071,
          52.4637804
        ]
      },
      "properties": {
        "name": "Brunnen",
        "info": "Brunnentyp: Brunnen",
        "category": "Straßenbrunnen",
        "source": "Öffentlicher Datensatz Berlins"
      }
    },
    {
      "type": "Feature",
      "geometry": {
        "type": "Point",
        "coordinates": [
          13.38237089,
          52.46405275
        ]
      },
      "properties": {
        "name": "Brunnen",
        "info": "Brunnentyp: Brunnen",
        "category": "Straßenbrunnen",
        "source": "Öffentlicher Datensatz Berlins"
      }
    },
    {
      "type": "Feature",
      "geometry": {
        "type": "Point",
        "coordinates": [
          13.35940607,
          52.4972591
        ]
      },
      "properties": {
        "name": "Brunnen",
        "info": "Brunnentyp: Brunnen",
        "category": "Straßenbrunnen",
        "source": "Öffentlicher Datensatz Berlins"
      }
    },
    {
      "type": "Feature",
      "geometry": {
        "type": "Point",
        "coordinates": [
          13.37878432,
          52.47819754
        ]
      },
      "properties": {
        "name": "Brunnen",
        "info": "Brunnentyp: Brunnen",
        "category": "Straßenbrunnen",
        "source": "Öffentlicher Datensatz Berlins"
      }
    },
    {
      "type": "Feature",
      "geometry": {
        "type": "Point",
        "coordinates": [
          13.34363417,
          52.47910384
        ]
      },
      "properties": {
        "name": "Brunnen",
        "info": "Brunnentyp: Brunnen",
        "category": "Straßenbrunnen",
        "source": "Öffentlicher Datensatz Berlins"
      }
    },
    {
      "type": "Feature",
      "geometry": {
        "type": "Point",
        "coordinates": [
          13.39118414,
          52.48829785
        ]
      },
      "properties": {
        "name": "Brunnen",
        "info": "Brunnentyp: Brunnen",
        "category": "Straßenbrunnen",
        "source": "Öffentlicher Datensatz Berlins"
      }
    },
    {
      "type": "Feature",
      "geometry": {
        "type": "Point",
        "coordinates": [
          13.4131068,
          52.49209065
        ]
      },
      "properties": {
        "name": "Brunnen",
        "info": "Brunnentyp: Brunnen",
        "category": "Straßenbrunnen",
        "source": "Öffentlicher Datensatz Berlins"
      }
    },
    {
      "type": "Feature",
      "geometry": {
        "type": "Point",
        "coordinates": [
          13.38472514,
          52.46590968
        ]
      },
      "properties": {
        "name": "Brunnen",
        "info": "Brunnentyp: Brunnen",
        "category": "Straßenbrunnen",
        "source": "Öffentlicher Datensatz Berlins"
      }
    },
    {
      "type": "Feature",
      "geometry": {
        "type": "Point",
        "coordinates": [
          13.43406214,
          52.42833631
        ]
      },
      "properties": {
        "name": "Brunnen",
        "info": "Brunnentyp: Brunnen",
        "category": "Straßenbrunnen",
        "source": "Öffentlicher Datensatz Berlins"
      }
    },
    {
      "type": "Feature",
      "geometry": {
        "type": "Point",
        "coordinates": [
          13.49162811,
          52.44010129
        ]
      },
      "properties": {
        "name": "Brunnen",
        "info": "Brunnentyp: Brunnen (Trinkwasserversorgung)",
        "category": "Straßenbrunnen",
        "source": "Öffentlicher Datensatz Berlins"
      }
    },
    {
      "type": "Feature",
      "geometry": {
        "type": "Point",
        "coordinates": [
          13.49346313,
          52.44434426
        ]
      },
      "properties": {
        "name": "Brunnen",
        "info": "Brunnentyp: Brunnen (Trinkwasserversorgung)",
        "category": "Straßenbrunnen",
        "source": "Öffentlicher Datensatz Berlins"
      }
    },
    {
      "type": "Feature",
      "geometry": {
        "type": "Point",
        "coordinates": [
          13.46363597,
          52.42435996
        ]
      },
      "properties": {
        "name": "Brunnen",
        "info": "Brunnentyp: Brunnen",
        "category": "Straßenbrunnen",
        "source": "Öffentlicher Datensatz Berlins"
      }
    },
    {
      "type": "Feature",
      "geometry": {
        "type": "Point",
        "coordinates": [
          13.43144055,
          52.43044154
        ]
      },
      "properties": {
        "name": "Brunnen",
        "info": "Brunnentyp: Brunnen",
        "category": "Straßenbrunnen",
        "source": "Öffentlicher Datensatz Berlins"
      }
    },
    {
      "type": "Feature",
      "geometry": {
        "type": "Point",
        "coordinates": [
          13.43993277,
          52.44642296
        ]
      },
      "properties": {
        "name": "Brunnen",
        "info": "Brunnentyp: Brunnen",
        "category": "Straßenbrunnen",
        "source": "Öffentlicher Datensatz Berlins"
      }
    },
    {
      "type": "Feature",
      "geometry": {
        "type": "Point",
        "coordinates": [
          13.48892476,
          52.44178876
        ]
      },
      "properties": {
        "name": "Brunnen",
        "info": "Brunnentyp: Brunnen (Trinkwasserversorgung)",
        "category": "Straßenbrunnen",
        "source": "Öffentlicher Datensatz Berlins"
      }
    },
    {
      "type": "Feature",
      "geometry": {
        "type": "Point",
        "coordinates": [
          13.49054215,
          52.44162574
        ]
      },
      "properties": {
        "name": "Brunnen",
        "info": "Brunnentyp: Brunnen (Trinkwasserversorgung)",
        "category": "Straßenbrunnen",
        "source": "Öffentlicher Datensatz Berlins"
      }
    },
    {
      "type": "Feature",
      "geometry": {
        "type": "Point",
        "coordinates": [
          13.4471612,
          52.43713722
        ]
      },
      "properties": {
        "name": "Brunnen",
        "info": "Brunnentyp: Brunnen",
        "category": "Straßenbrunnen",
        "source": "Öffentlicher Datensatz Berlins"
      }
    },
    {
      "type": "Feature",
      "geometry": {
        "type": "Point",
        "coordinates": [
          13.49182185,
          52.43986122
        ]
      },
      "properties": {
        "name": "Brunnen",
        "info": "Brunnentyp: Brunnen (Trinkwasserversorgung)",
        "category": "Straßenbrunnen",
        "source": "Öffentlicher Datensatz Berlins"
      }
    },
    {
      "type": "Feature",
      "geometry": {
        "type": "Point",
        "coordinates": [
          13.49011059,
          52.44343161
        ]
      },
      "properties": {
        "name": "Brunnen",
        "info": "Brunnentyp: Brunnen (Trinkwasserversorgung)",
        "category": "Straßenbrunnen",
        "source": "Öffentlicher Datensatz Berlins"
      }
    },
    {
      "type": "Feature",
      "geometry": {
        "type": "Point",
        "coordinates": [
          13.49210327,
          52.43961596
        ]
      },
      "properties": {
        "name": "Brunnen",
        "info": "Brunnentyp: Brunnen (Trinkwasserversorgung)",
        "category": "Straßenbrunnen",
        "source": "Öffentlicher Datensatz Berlins"
      }
    },
    {
      "type": "Feature",
      "geometry": {
        "type": "Point",
        "coordinates": [
          13.48957678,
          52.44295406
        ]
      },
      "properties": {
        "name": "Brunnen",
        "info": "Brunnentyp: Brunnen (Trinkwasserversorgung)",
        "category": "Straßenbrunnen",
        "source": "Öffentlicher Datensatz Berlins"
      }
    },
    {
      "type": "Feature",
      "geometry": {
        "type": "Point",
        "coordinates": [
          13.43928013,
          52.44674609
        ]
      },
      "properties": {
        "name": "Brunnen",
        "info": "Brunnentyp: Brunnen",
        "category": "Straßenbrunnen",
        "source": "Öffentlicher Datensatz Berlins"
      }
    },
    {
      "type": "Feature",
      "geometry": {
        "type": "Point",
        "coordinates": [
          13.43844672,
          52.44668726
        ]
      },
      "properties": {
        "name": "Brunnen",
        "info": "Brunnentyp: Brunnen",
        "category": "Straßenbrunnen",
        "source": "Öffentlicher Datensatz Berlins"
      }
    },
    {
      "type": "Feature",
      "geometry": {
        "type": "Point",
        "coordinates": [
          13.49029104,
          52.44182784
        ]
      },
      "properties": {
        "name": "Brunnen",
        "info": "Brunnentyp: Brunnen (Trinkwasserversorgung)",
        "category": "Straßenbrunnen",
        "source": "Öffentlicher Datensatz Berlins"
      }
    },
    {
      "type": "Feature",
      "geometry": {
        "type": "Point",
        "coordinates": [
          13.48893977,
          52.44250194
        ]
      },
      "properties": {
        "name": "Brunnen",
        "info": "Brunnentyp: Brunnen (Trinkwasserversorgung)",
        "category": "Straßenbrunnen",
        "source": "Öffentlicher Datensatz Berlins"
      }
    },
    {
      "type": "Feature",
      "geometry": {
        "type": "Point",
        "coordinates": [
          13.48918695,
          52.4415813
        ]
      },
      "properties": {
        "name": "Brunnen",
        "info": "Brunnentyp: Brunnen (Trinkwasserversorgung)",
        "category": "Straßenbrunnen",
        "source": "Öffentlicher Datensatz Berlins"
      }
    },
    {
      "type": "Feature",
      "geometry": {
        "type": "Point",
        "coordinates": [
          13.49459713,
          52.44389705
        ]
      },
      "properties": {
        "name": "Brunnen",
        "info": "Brunnentyp: Brunnen (Trinkwasserversorgung)",
        "category": "Straßenbrunnen",
        "source": "Öffentlicher Datensatz Berlins"
      }
    },
    {
      "type": "Feature",
      "geometry": {
        "type": "Point",
        "coordinates": [
          13.49114225,
          52.44128083
        ]
      },
      "properties": {
        "name": "Brunnen",
        "info": "Brunnentyp: Brunnen (Trinkwasserversorgung)",
        "category": "Straßenbrunnen",
        "source": "Öffentlicher Datensatz Berlins"
      }
    },
    {
      "type": "Feature",
      "geometry": {
        "type": "Point",
        "coordinates": [
          13.4931148,
          52.44507454
        ]
      },
      "properties": {
        "name": "Brunnen",
        "info": "Brunnentyp: Brunnen (Trinkwasserversorgung)",
        "category": "Straßenbrunnen",
        "source": "Öffentlicher Datensatz Berlins"
      }
    },
    {
      "type": "Feature",
      "geometry": {
        "type": "Point",
        "coordinates": [
          13.4929188,
          52.44477852
        ]
      },
      "properties": {
        "name": "Brunnen",
        "info": "Brunnentyp: Brunnen (Trinkwasserversorgung)",
        "category": "Straßenbrunnen",
        "source": "Öffentlicher Datensatz Berlins"
      }
    },
    {
      "type": "Feature",
      "geometry": {
        "type": "Point",
        "coordinates": [
          13.49123995,
          52.44057153
        ]
      },
      "properties": {
        "name": "Brunnen",
        "info": "Brunnentyp: Brunnen (Trinkwasserversorgung)",
        "category": "Straßenbrunnen",
        "source": "Öffentlicher Datensatz Berlins"
      }
    },
    {
      "type": "Feature",
      "geometry": {
        "type": "Point",
        "coordinates": [
          13.49087423,
          52.44146981
        ]
      },
      "properties": {
        "name": "Brunnen",
        "info": "Brunnentyp: Brunnen (Trinkwasserversorgung)",
        "category": "Straßenbrunnen",
        "source": "Öffentlicher Datensatz Berlins"
      }
    },
    {
      "type": "Feature",
      "geometry": {
        "type": "Point",
        "coordinates": [
          13.49144024,
          52.44036256
        ]
      },
      "properties": {
        "name": "Brunnen",
        "info": "Brunnentyp: Brunnen (Trinkwasserversorgung)",
        "category": "Straßenbrunnen",
        "source": "Öffentlicher Datensatz Berlins"
      }
    },
    {
      "type": "Feature",
      "geometry": {
        "type": "Point",
        "coordinates": [
          13.49297536,
          52.44456963
        ]
      },
      "properties": {
        "name": "Brunnen",
        "info": "Brunnentyp: Brunnen (Trinkwasserversorgung)",
        "category": "Straßenbrunnen",
        "source": "Öffentlicher Datensatz Berlins"
      }
    },
    {
      "type": "Feature",
      "geometry": {
        "type": "Point",
        "coordinates": [
          13.49503274,
          52.44388238
        ]
      },
      "properties": {
        "name": "Brunnen",
        "info": "Brunnentyp: Brunnen (Trinkwasserversorgung)",
        "category": "Straßenbrunnen",
        "source": "Öffentlicher Datensatz Berlins"
      }
    },
    {
      "type": "Feature",
      "geometry": {
        "type": "Point",
        "coordinates": [
          13.48978547,
          52.44318931
        ]
      },
      "properties": {
        "name": "Brunnen",
        "info": "Brunnentyp: Brunnen (Trinkwasserversorgung)",
        "category": "Straßenbrunnen",
        "source": "Öffentlicher Datensatz Berlins"
      }
    },
    {
      "type": "Feature",
      "geometry": {
        "type": "Point",
        "coordinates": [
          13.49003412,
          52.44199206
        ]
      },
      "properties": {
        "name": "Brunnen",
        "info": "Brunnentyp: Brunnen (Trinkwasserversorgung)",
        "category": "Straßenbrunnen",
        "source": "Öffentlicher Datensatz Berlins"
      }
    },
    {
      "type": "Feature",
      "geometry": {
        "type": "Point",
        "coordinates": [
          13.48858374,
          52.44197439
        ]
      },
      "properties": {
        "name": "Brunnen",
        "info": "Brunnentyp: Brunnen (Trinkwasserversorgung)",
        "category": "Straßenbrunnen",
        "source": "Öffentlicher Datensatz Berlins"
      }
    },
    {
      "type": "Feature",
      "geometry": {
        "type": "Point",
        "coordinates": [
          13.49424072,
          52.44405564
        ]
      },
      "properties": {
        "name": "Brunnen",
        "info": "Brunnentyp: Brunnen (Trinkwasserversorgung)",
        "category": "Straßenbrunnen",
        "source": "Öffentlicher Datensatz Berlins"
      }
    },
    {
      "type": "Feature",
      "geometry": {
        "type": "Point",
        "coordinates": [
          13.49046506,
          52.44041955
        ]
      },
      "properties": {
        "name": "Brunnen",
        "info": "Brunnentyp: Brunnen (Trinkwasserversorgung)",
        "category": "Straßenbrunnen",
        "source": "Öffentlicher Datensatz Berlins"
      }
    },
    {
      "type": "Feature",
      "geometry": {
        "type": "Point",
        "coordinates": [
          13.49385998,
          52.44422406
        ]
      },
      "properties": {
        "name": "Brunnen",
        "info": "Brunnentyp: Brunnen (Trinkwasserversorgung)",
        "category": "Straßenbrunnen",
        "source": "Öffentlicher Datensatz Berlins"
      }
    },
    {
      "type": "Feature",
      "geometry": {
        "type": "Point",
        "coordinates": [
          13.49084105,
          52.44065071
        ]
      },
      "properties": {
        "name": "Brunnen",
        "info": "Brunnentyp: Brunnen (Trinkwasserversorgung)",
        "category": "Straßenbrunnen",
        "source": "Öffentlicher Datensatz Berlins"
      }
    },
    {
      "type": "Feature",
      "geometry": {
        "type": "Point",
        "coordinates": [
          13.48857701,
          52.44227756
        ]
      },
      "properties": {
        "name": "Brunnen",
        "info": "Brunnentyp: Brunnen (Trinkwasserversorgung)",
        "category": "Straßenbrunnen",
        "source": "Öffentlicher Datensatz Berlins"
      }
    },
    {
      "type": "Feature",
      "geometry": {
        "type": "Point",
        "coordinates": [
          13.46182952,
          52.4254966
        ]
      },
      "properties": {
        "name": "Brunnen",
        "info": "Brunnentyp: Brunnen",
        "category": "Straßenbrunnen",
        "source": "Öffentlicher Datensatz Berlins"
      }
    },
    {
      "type": "Feature",
      "geometry": {
        "type": "Point",
        "coordinates": [
          13.34557802,
          52.44022982
        ]
      },
      "properties": {
        "name": "Brunnen",
        "info": "Brunnentyp: Brunnen",
        "category": "Straßenbrunnen",
        "source": "Öffentlicher Datensatz Berlins"
      }
    },
    {
      "type": "Feature",
      "geometry": {
        "type": "Point",
        "coordinates": [
          13.34321104,
          52.43862198
        ]
      },
      "properties": {
        "name": "Brunnen",
        "info": "Brunnentyp: Brunnen",
        "category": "Straßenbrunnen",
        "source": "Öffentlicher Datensatz Berlins"
      }
    },
    {
      "type": "Feature",
      "geometry": {
        "type": "Point",
        "coordinates": [
          13.39142214,
          52.44238041
        ]
      },
      "properties": {
        "name": "Brunnen",
        "info": "Brunnentyp: Brunnen",
        "category": "Straßenbrunnen",
        "source": "Öffentlicher Datensatz Berlins"
      }
    },
    {
      "type": "Feature",
      "geometry": {
        "type": "Point",
        "coordinates": [
          13.33559751,
          52.44852679
        ]
      },
      "properties": {
        "name": "Brunnen",
        "info": "Brunnentyp: Brunnen",
        "category": "Straßenbrunnen",
        "source": "Öffentlicher Datensatz Berlins"
      }
    },
    {
      "type": "Feature",
      "geometry": {
        "type": "Point",
        "coordinates": [
          13.37057043,
          52.41113804
        ]
      },
      "properties": {
        "name": "Brunnen",
        "info": "Brunnentyp: Brunnen",
        "category": "Straßenbrunnen",
        "source": "Öffentlicher Datensatz Berlins"
      }
    },
    {
      "type": "Feature",
      "geometry": {
        "type": "Point",
        "coordinates": [
          13.59269022,
          52.49650115
        ]
      },
      "properties": {
        "name": "Brunnen",
        "info": "Brunnentyp: Brunnen (Trinkwasserversorgung)",
        "category": "Straßenbrunnen",
        "source": "Öffentlicher Datensatz Berlins"
      }
    },
    {
      "type": "Feature",
      "geometry": {
        "type": "Point",
        "coordinates": [
          13.65358076,
          52.44979718
        ]
      },
      "properties": {
        "name": "Brunnen",
        "info": "Brunnentyp: Brunnen (Trinkwasserversorgung)",
        "category": "Straßenbrunnen",
        "source": "Öffentlicher Datensatz Berlins"
      }
    },
    {
      "type": "Feature",
      "geometry": {
        "type": "Point",
        "coordinates": [
          13.66450037,
          52.44937878
        ]
      },
      "properties": {
        "name": "Brunnen",
        "info": "Brunnentyp: Brunnen (Trinkwasserversorgung)",
        "category": "Straßenbrunnen",
        "source": "Öffentlicher Datensatz Berlins"
      }
    },
    {
      "type": "Feature",
      "geometry": {
        "type": "Point",
        "coordinates": [
          13.59068237,
          52.49432864
        ]
      },
      "properties": {
        "name": "Brunnen",
        "info": "Brunnentyp: Brunnen (Trinkwasserversorgung)",
        "category": "Straßenbrunnen",
        "source": "Öffentlicher Datensatz Berlins"
      }
    },
    {
      "type": "Feature",
      "geometry": {
        "type": "Point",
        "coordinates": [
          13.63854837,
          52.46156479
        ]
      },
      "properties": {
        "name": "Brunnen",
        "info": "Brunnentyp: Brunnen (Trinkwasserversorgung)",
        "category": "Straßenbrunnen",
        "source": "Öffentlicher Datensatz Berlins"
      }
    },
    {
      "type": "Feature",
      "geometry": {
        "type": "Point",
        "coordinates": [
          13.66080785,
          52.45427981
        ]
      },
      "properties": {
        "name": "Brunnen",
        "info": "Brunnentyp: Brunnen (Trinkwasserversorgung)",
        "category": "Straßenbrunnen",
        "source": "Öffentlicher Datensatz Berlins"
      }
    },
    {
      "type": "Feature",
      "geometry": {
        "type": "Point",
        "coordinates": [
          13.58711733,
          52.4882151
        ]
      },
      "properties": {
        "name": "Brunnen",
        "info": "Brunnentyp: Brunnen (Trinkwasserversorgung)",
        "category": "Straßenbrunnen",
        "source": "Öffentlicher Datensatz Berlins"
      }
    },
    {
      "type": "Feature",
      "geometry": {
        "type": "Point",
        "coordinates": [
          13.66356554,
          52.45398235
        ]
      },
      "properties": {
        "name": "Brunnen",
        "info": "Brunnentyp: Brunnen (Trinkwasserversorgung)",
        "category": "Straßenbrunnen",
        "source": "Öffentlicher Datensatz Berlins"
      }
    },
    {
      "type": "Feature",
      "geometry": {
        "type": "Point",
        "coordinates": [
          13.63435436,
          52.46193426
        ]
      },
      "properties": {
        "name": "Brunnen",
        "info": "Brunnentyp: Brunnen (Trinkwasserversorgung)",
        "category": "Straßenbrunnen",
        "source": "Öffentlicher Datensatz Berlins"
      }
    },
    {
      "type": "Feature",
      "geometry": {
        "type": "Point",
        "coordinates": [
          13.62663107,
          52.46264587
        ]
      },
      "properties": {
        "name": "Brunnen",
        "info": "Brunnentyp: Brunnen (Trinkwasserversorgung)",
        "category": "Straßenbrunnen",
        "source": "Öffentlicher Datensatz Berlins"
      }
    },
    {
      "type": "Feature",
      "geometry": {
        "type": "Point",
        "coordinates": [
          13.65967118,
          52.44964936
        ]
      },
      "properties": {
        "name": "Brunnen",
        "info": "Brunnentyp: Brunnen (Trinkwasserversorgung)",
        "category": "Straßenbrunnen",
        "source": "Öffentlicher Datensatz Berlins"
      }
    },
    {
      "type": "Feature",
      "geometry": {
        "type": "Point",
        "coordinates": [
          13.64270622,
          52.46115885
        ]
      },
      "properties": {
        "name": "Brunnen",
        "info": "Brunnentyp: Brunnen (Trinkwasserversorgung)",
        "category": "Straßenbrunnen",
        "source": "Öffentlicher Datensatz Berlins"
      }
    },
    {
      "type": "Feature",
      "geometry": {
        "type": "Point",
        "coordinates": [
          13.65498844,
          52.449802
        ]
      },
      "properties": {
        "name": "Brunnen",
        "info": "Brunnentyp: Brunnen (Trinkwasserversorgung)",
        "category": "Straßenbrunnen",
        "source": "Öffentlicher Datensatz Berlins"
      }
    },
    {
      "type": "Feature",
      "geometry": {
        "type": "Point",
        "coordinates": [
          13.58731582,
          52.4891166
        ]
      },
      "properties": {
        "name": "Brunnen",
        "info": "Brunnentyp: Brunnen (Trinkwasserversorgung)",
        "category": "Straßenbrunnen",
        "source": "Öffentlicher Datensatz Berlins"
      }
    },
    {
      "type": "Feature",
      "geometry": {
        "type": "Point",
        "coordinates": [
          13.66045248,
          52.44964241
        ]
      },
      "properties": {
        "name": "Brunnen",
        "info": "Brunnentyp: Brunnen (Trinkwasserversorgung)",
        "category": "Straßenbrunnen",
        "source": "Öffentlicher Datensatz Berlins"
      }
    },
    {
      "type": "Feature",
      "geometry": {
        "type": "Point",
        "coordinates": [
          13.58933709,
          52.49246341
        ]
      },
      "properties": {
        "name": "Brunnen",
        "info": "Brunnentyp: Brunnen (Trinkwasserversorgung)",
        "category": "Straßenbrunnen",
        "source": "Öffentlicher Datensatz Berlins"
      }
    },
    {
      "type": "Feature",
      "geometry": {
        "type": "Point",
        "coordinates": [
          13.58957685,
          52.49311613
        ]
      },
      "properties": {
        "name": "Brunnen",
        "info": "Brunnentyp: Brunnen (Trinkwasserversorgung)",
        "category": "Straßenbrunnen",
        "source": "Öffentlicher Datensatz Berlins"
      }
    },
    {
      "type": "Feature",
      "geometry": {
        "type": "Point",
        "coordinates": [
          13.65209532,
          52.44989576
        ]
      },
      "properties": {
        "name": "Brunnen",
        "info": "Brunnentyp: Brunnen (Trinkwasserversorgung)",
        "category": "Straßenbrunnen",
        "source": "Öffentlicher Datensatz Berlins"
      }
    },
    {
      "type": "Feature",
      "geometry": {
        "type": "Point",
        "coordinates": [
          13.63506528,
          52.46189812
        ]
      },
      "properties": {
        "name": "Brunnen",
        "info": "Brunnentyp: Brunnen (Trinkwasserversorgung)",
        "category": "Straßenbrunnen",
        "source": "Öffentlicher Datensatz Berlins"
      }
    },
    {
      "type": "Feature",
      "geometry": {
        "type": "Point",
        "coordinates": [
          13.64826683,
          52.44972058
        ]
      },
      "properties": {
        "name": "Brunnen",
        "info": "Brunnentyp: Brunnen (Trinkwasserversorgung)",
        "category": "Straßenbrunnen",
        "source": "Öffentlicher Datensatz Berlins"
      }
    },
    {
      "type": "Feature",
      "geometry": {
        "type": "Point",
        "coordinates": [
          13.65679512,
          52.45468466
        ]
      },
      "properties": {
        "name": "Brunnen",
        "info": "Brunnentyp: Brunnen (Trinkwasserversorgung)",
        "category": "Straßenbrunnen",
        "source": "Öffentlicher Datensatz Berlins"
      }
    },
    {
      "type": "Feature",
      "geometry": {
        "type": "Point",
        "coordinates": [
          13.6528112,
          52.44988915
        ]
      },
      "properties": {
        "name": "Brunnen",
        "info": "Brunnentyp: Brunnen (Trinkwasserversorgung)",
        "category": "Straßenbrunnen",
        "source": "Öffentlicher Datensatz Berlins"
      }
    },
    {
      "type": "Feature",
      "geometry": {
        "type": "Point",
        "coordinates": [
          13.64992352,
          52.44994028
        ]
      },
      "properties": {
        "name": "Brunnen",
        "info": "Brunnentyp: Brunnen (Trinkwasserversorgung)",
        "category": "Straßenbrunnen",
        "source": "Öffentlicher Datensatz Berlins"
      }
    },
    {
      "type": "Feature",
      "geometry": {
        "type": "Point",
        "coordinates": [
          13.63622994,
          52.4617853
        ]
      },
      "properties": {
        "name": "Brunnen",
        "info": "Brunnentyp: Brunnen (Trinkwasserversorgung)",
        "category": "Straßenbrunnen",
        "source": "Öffentlicher Datensatz Berlins"
      }
    },
    {
      "type": "Feature",
      "geometry": {
        "type": "Point",
        "coordinates": [
          13.6640102,
          52.44951059
        ]
      },
      "properties": {
        "name": "Brunnen",
        "info": "Brunnentyp: Brunnen (Trinkwasserversorgung)",
        "category": "Straßenbrunnen",
        "source": "Öffentlicher Datensatz Berlins"
      }
    },
    {
      "type": "Feature",
      "geometry": {
        "type": "Point",
        "coordinates": [
          13.66191356,
          52.44958973
        ]
      },
      "properties": {
        "name": "Brunnen",
        "info": "Brunnentyp: Brunnen (Trinkwasserversorgung)",
        "category": "Straßenbrunnen",
        "source": "Öffentlicher Datensatz Berlins"
      }
    },
    {
      "type": "Feature",
      "geometry": {
        "type": "Point",
        "coordinates": [
          13.65419538,
          52.44980496
        ]
      },
      "properties": {
        "name": "Brunnen",
        "info": "Brunnentyp: Brunnen (Trinkwasserversorgung)",
        "category": "Straßenbrunnen",
        "source": "Öffentlicher Datensatz Berlins"
      }
    },
    {
      "type": "Feature",
      "geometry": {
        "type": "Point",
        "coordinates": [
          13.62796903,
          52.4625174
        ]
      },
      "properties": {
        "name": "Brunnen",
        "info": "Brunnentyp: Brunnen (Trinkwasserversorgung)",
        "category": "Straßenbrunnen",
        "source": "Öffentlicher Datensatz Berlins"
      }
    },
    {
      "type": "Feature",
      "geometry": {
        "type": "Point",
        "coordinates": [
          13.59220988,
          52.49597297
        ]
      },
      "properties": {
        "name": "Brunnen",
        "info": "Brunnentyp: Brunnen (Trinkwasserversorgung)",
        "category": "Straßenbrunnen",
        "source": "Öffentlicher Datensatz Berlins"
      }
    },
    {
      "type": "Feature",
      "geometry": {
        "type": "Point",
        "coordinates": [
          13.66238247,
          52.449551
        ]
      },
      "properties": {
        "name": "Brunnen",
        "info": "Brunnentyp: Brunnen (Trinkwasserversorgung)",
        "category": "Straßenbrunnen",
        "source": "Öffentlicher Datensatz Berlins"
      }
    },
    {
      "type": "Feature",
      "geometry": {
        "type": "Point",
        "coordinates": [
          13.58755725,
          52.48944263
        ]
      },
      "properties": {
        "name": "Brunnen",
        "info": "Brunnentyp: Brunnen (Trinkwasserversorgung)",
        "category": "Straßenbrunnen",
        "source": "Öffentlicher Datensatz Berlins"
      }
    },
    {
      "type": "Feature",
      "geometry": {
        "type": "Point",
        "coordinates": [
          13.65871704,
          52.45449373
        ]
      },
      "properties": {
        "name": "Brunnen",
        "info": "Brunnentyp: Brunnen (Trinkwasserversorgung)",
        "category": "Straßenbrunnen",
        "source": "Öffentlicher Datensatz Berlins"
      }
    },
    {
      "type": "Feature",
      "geometry": {
        "type": "Point",
        "coordinates": [
          13.62930762,
          52.46239812
        ]
      },
      "properties": {
        "name": "Brunnen",
        "info": "Brunnentyp: Brunnen (Trinkwasserversorgung)",
        "category": "Straßenbrunnen",
        "source": "Öffentlicher Datensatz Berlins"
      }
    },
    {
      "type": "Feature",
      "geometry": {
        "type": "Point",
        "coordinates": [
          13.65087419,
          52.44991709
        ]
      },
      "properties": {
        "name": "Brunnen",
        "info": "Brunnentyp: Brunnen (Trinkwasserversorgung)",
        "category": "Straßenbrunnen",
        "source": "Öffentlicher Datensatz Berlins"
      }
    },
    {
      "type": "Feature",
      "geometry": {
        "type": "Point",
        "coordinates": [
          13.65713973,
          52.44974624
        ]
      },
      "properties": {
        "name": "Brunnen",
        "info": "Brunnentyp: Brunnen (Trinkwasserversorgung)",
        "category": "Straßenbrunnen",
        "source": "Öffentlicher Datensatz Berlins"
      }
    },
    {
      "type": "Feature",
      "geometry": {
        "type": "Point",
        "coordinates": [
          13.64003769,
          52.46139879
        ]
      },
      "properties": {
        "name": "Brunnen",
        "info": "Brunnentyp: Brunnen (Trinkwasserversorgung)",
        "category": "Straßenbrunnen",
        "source": "Öffentlicher Datensatz Berlins"
      }
    },
    {
      "type": "Feature",
      "geometry": {
        "type": "Point",
        "coordinates": [
          13.64395497,
          52.46092996
        ]
      },
      "properties": {
        "name": "Brunnen",
        "info": "Brunnentyp: Brunnen (Trinkwasserversorgung)",
        "category": "Straßenbrunnen",
        "source": "Öffentlicher Datensatz Berlins"
      }
    },
    {
      "type": "Feature",
      "geometry": {
        "type": "Point",
        "coordinates": [
          13.62596424,
          52.46271096
        ]
      },
      "properties": {
        "name": "Brunnen",
        "info": "Brunnentyp: Brunnen (Trinkwasserversorgung)",
        "category": "Straßenbrunnen",
        "source": "Öffentlicher Datensatz Berlins"
      }
    },
    {
      "type": "Feature",
      "geometry": {
        "type": "Point",
        "coordinates": [
          13.65587258,
          52.44977689
        ]
      },
      "properties": {
        "name": "Brunnen",
        "info": "Brunnentyp: Brunnen (Trinkwasserversorgung)",
        "category": "Straßenbrunnen",
        "source": "Öffentlicher Datensatz Berlins"
      }
    },
    {
      "type": "Feature",
      "geometry": {
        "type": "Point",
        "coordinates": [
          13.64940943,
          52.44996096
        ]
      },
      "properties": {
        "name": "Brunnen",
        "info": "Brunnentyp: Brunnen (Trinkwasserversorgung)",
        "category": "Straßenbrunnen",
        "source": "Öffentlicher Datensatz Berlins"
      }
    },
    {
      "type": "Feature",
      "geometry": {
        "type": "Point",
        "coordinates": [
          13.62726117,
          52.46256517
        ]
      },
      "properties": {
        "name": "Brunnen",
        "info": "Brunnentyp: Brunnen (Trinkwasserversorgung)",
        "category": "Straßenbrunnen",
        "source": "Öffentlicher Datensatz Berlins"
      }
    },
    {
      "type": "Feature",
      "geometry": {
        "type": "Point",
        "coordinates": [
          13.64323505,
          52.45712739
        ]
      },
      "properties": {
        "name": "Brunnen",
        "info": "Brunnentyp: Brunnen (Trinkwasserversorgung)",
        "category": "Straßenbrunnen",
        "source": "Öffentlicher Datensatz Berlins"
      }
    },
    {
      "type": "Feature",
      "geometry": {
        "type": "Point",
        "coordinates": [
          13.5911436,
          52.49483316
        ]
      },
      "properties": {
        "name": "Brunnen",
        "info": "Brunnentyp: Brunnen (Trinkwasserversorgung)",
        "category": "Straßenbrunnen",
        "source": "Öffentlicher Datensatz Berlins"
      }
    },
    {
      "type": "Feature",
      "geometry": {
        "type": "Point",
        "coordinates": [
          13.58873966,
          52.49195876
        ]
      },
      "properties": {
        "name": "Brunnen",
        "info": "Brunnentyp: Brunnen (Trinkwasserversorgung)",
        "category": "Straßenbrunnen",
        "source": "Öffentlicher Datensatz Berlins"
      }
    },
    {
      "type": "Feature",
      "geometry": {
        "type": "Point",
        "coordinates": [
          13.64993126,
          52.45540157
        ]
      },
      "properties": {
        "name": "Brunnen",
        "info": "Brunnentyp: Brunnen (Trinkwasserversorgung)",
        "category": "Straßenbrunnen",
        "source": "Öffentlicher Datensatz Berlins"
      }
    },
    {
      "type": "Feature",
      "geometry": {
        "type": "Point",
        "coordinates": [
          13.64748836,
          52.44957592
        ]
      },
      "properties": {
        "name": "Brunnen",
        "info": "Brunnentyp: Brunnen (Trinkwasserversorgung)",
        "category": "Straßenbrunnen",
        "source": "Öffentlicher Datensatz Berlins"
      }
    },
    {
      "type": "Feature",
      "geometry": {
        "type": "Point",
        "coordinates": [
          13.63910008,
          52.4613593
        ]
      },
      "properties": {
        "name": "Brunnen",
        "info": "Brunnentyp: Brunnen (Trinkwasserversorgung)",
        "category": "Straßenbrunnen",
        "source": "Öffentlicher Datensatz Berlins"
      }
    },
    {
      "type": "Feature",
      "geometry": {
        "type": "Point",
        "coordinates": [
          13.64157433,
          52.46126314
        ]
      },
      "properties": {
        "name": "Brunnen",
        "info": "Brunnentyp: Brunnen (Trinkwasserversorgung)",
        "category": "Straßenbrunnen",
        "source": "Öffentlicher Datensatz Berlins"
      }
    },
    {
      "type": "Feature",
      "geometry": {
        "type": "Point",
        "coordinates": [
          13.63696365,
          52.46171027
        ]
      },
      "properties": {
        "name": "Brunnen",
        "info": "Brunnentyp: Brunnen (Trinkwasserversorgung)",
        "category": "Straßenbrunnen",
        "source": "Öffentlicher Datensatz Berlins"
      }
    },
    {
      "type": "Feature",
      "geometry": {
        "type": "Point",
        "coordinates": [
          13.66005332,
          52.45435632
        ]
      },
      "properties": {
        "name": "Brunnen",
        "info": "Brunnentyp: Brunnen (Trinkwasserversorgung)",
        "category": "Straßenbrunnen",
        "source": "Öffentlicher Datensatz Berlins"
      }
    },
    {
      "type": "Feature",
      "geometry": {
        "type": "Point",
        "coordinates": [
          13.59168281,
          52.49540954
        ]
      },
      "properties": {
        "name": "Brunnen",
        "info": "Brunnentyp: Brunnen (Trinkwasserversorgung)",
        "category": "Straßenbrunnen",
        "source": "Öffentlicher Datensatz Berlins"
      }
    },
    {
      "type": "Feature",
      "geometry": {
        "type": "Point",
        "coordinates": [
          13.64077939,
          52.46133516
        ]
      },
      "properties": {
        "name": "Brunnen",
        "info": "Brunnentyp: Brunnen (Trinkwasserversorgung)",
        "category": "Straßenbrunnen",
        "source": "Öffentlicher Datensatz Berlins"
      }
    },
    {
      "type": "Feature",
      "geometry": {
        "type": "Point",
        "coordinates": [
          13.6299066,
          52.46234908
        ]
      },
      "properties": {
        "name": "Brunnen",
        "info": "Brunnentyp: Brunnen (Trinkwasserversorgung)",
        "category": "Straßenbrunnen",
        "source": "Öffentlicher Datensatz Berlins"
      }
    },
    {
      "type": "Feature",
      "geometry": {
        "type": "Point",
        "coordinates": [
          13.64856644,
          52.44986759
        ]
      },
      "properties": {
        "name": "Brunnen",
        "info": "Brunnentyp: Brunnen (Trinkwasserversorgung)",
        "category": "Straßenbrunnen",
        "source": "Öffentlicher Datensatz Berlins"
      }
    },
    {
      "type": "Feature",
      "geometry": {
        "type": "Point",
        "coordinates": [
          13.58830644,
          52.49127298
        ]
      },
      "properties": {
        "name": "Brunnen",
        "info": "Brunnentyp: Brunnen (Trinkwasserversorgung)",
        "category": "Straßenbrunnen",
        "source": "Öffentlicher Datensatz Berlins"
      }
    },
    {
      "type": "Feature",
      "geometry": {
        "type": "Point",
        "coordinates": [
          13.62503106,
          52.46279014
        ]
      },
      "properties": {
        "name": "Brunnen",
        "info": "Brunnentyp: Brunnen (Trinkwasserversorgung)",
        "category": "Straßenbrunnen",
        "source": "Öffentlicher Datensatz Berlins"
      }
    },
    {
      "type": "Feature",
      "geometry": {
        "type": "Point",
        "coordinates": [
          13.58803261,
          52.49066672
        ]
      },
      "properties": {
        "name": "Brunnen",
        "info": "Brunnentyp: Brunnen (Trinkwasserversorgung)",
        "category": "Straßenbrunnen",
        "source": "Öffentlicher Datensatz Berlins"
      }
    },
    {
      "type": "Feature",
      "geometry": {
        "type": "Point",
        "coordinates": [
          13.64383635,
          52.46047885
        ]
      },
      "properties": {
        "name": "Brunnen",
        "info": "Brunnentyp: Brunnen (Trinkwasserversorgung)",
        "category": "Straßenbrunnen",
        "source": "Öffentlicher Datensatz Berlins"
      }
    },
    {
      "type": "Feature",
      "geometry": {
        "type": "Point",
        "coordinates": [
          13.66128272,
          52.44963306
        ]
      },
      "properties": {
        "name": "Brunnen",
        "info": "Brunnentyp: Brunnen (Trinkwasserversorgung)",
        "category": "Straßenbrunnen",
        "source": "Öffentlicher Datensatz Berlins"
      }
    },
    {
      "type": "Feature",
      "geometry": {
        "type": "Point",
        "coordinates": [
          13.6555834,
          52.45483123
        ]
      },
      "properties": {
        "name": "Brunnen",
        "info": "Brunnentyp: Brunnen (Trinkwasserversorgung)",
        "category": "Straßenbrunnen",
        "source": "Öffentlicher Datensatz Berlins"
      }
    },
    {
      "type": "Feature",
      "geometry": {
        "type": "Point",
        "coordinates": [
          13.65260475,
          52.45512802
        ]
      },
      "properties": {
        "name": "Brunnen",
        "info": "Brunnentyp: Brunnen (Trinkwasserversorgung)",
        "category": "Straßenbrunnen",
        "source": "Öffentlicher Datensatz Berlins"
      }
    },
    {
      "type": "Feature",
      "geometry": {
        "type": "Point",
        "coordinates": [
          13.65778646,
          52.44974053
        ]
      },
      "properties": {
        "name": "Brunnen",
        "info": "Brunnentyp: Brunnen (Trinkwasserversorgung)",
        "category": "Straßenbrunnen",
        "source": "Öffentlicher Datensatz Berlins"
      }
    },
    {
      "type": "Feature",
      "geometry": {
        "type": "Point",
        "coordinates": [
          13.5878159,
          52.49010644
        ]
      },
      "properties": {
        "name": "Brunnen",
        "info": "Brunnentyp: Brunnen (Trinkwasserversorgung)",
        "category": "Straßenbrunnen",
        "source": "Öffentlicher Datensatz Berlins"
      }
    },
    {
      "type": "Feature",
      "geometry": {
        "type": "Point",
        "coordinates": [
          13.63133337,
          52.46222426
        ]
      },
      "properties": {
        "name": "Brunnen",
        "info": "Brunnentyp: Brunnen (Trinkwasserversorgung)",
        "category": "Straßenbrunnen",
        "source": "Öffentlicher Datensatz Berlins"
      }
    },
    {
      "type": "Feature",
      "geometry": {
        "type": "Point",
        "coordinates": [
          13.63205658,
          52.46216046
        ]
      },
      "properties": {
        "name": "Brunnen",
        "info": "Brunnentyp: Brunnen (Trinkwasserversorgung)",
        "category": "Straßenbrunnen",
        "source": "Öffentlicher Datensatz Berlins"
      }
    },
    {
      "type": "Feature",
      "geometry": {
        "type": "Point",
        "coordinates": [
          13.65760773,
          52.45459276
        ]
      },
      "properties": {
        "name": "Brunnen",
        "info": "Brunnentyp: Brunnen (Trinkwasserversorgung)",
        "category": "Straßenbrunnen",
        "source": "Öffentlicher Datensatz Berlins"
      }
    },
    {
      "type": "Feature",
      "geometry": {
        "type": "Point",
        "coordinates": [
          13.65853012,
          52.44969514
        ]
      },
      "properties": {
        "name": "Brunnen",
        "info": "Brunnentyp: Brunnen (Trinkwasserversorgung)",
        "category": "Straßenbrunnen",
        "source": "Öffentlicher Datensatz Berlins"
      }
    },
    {
      "type": "Feature",
      "geometry": {
        "type": "Point",
        "coordinates": [
          13.64365676,
          52.45979171
        ]
      },
      "properties": {
        "name": "Brunnen",
        "info": "Brunnentyp: Brunnen (Trinkwasserversorgung)",
        "category": "Straßenbrunnen",
        "source": "Öffentlicher Datensatz Berlins"
      }
    },
    {
      "type": "Feature",
      "geometry": {
        "type": "Point",
        "coordinates": [
          13.66222471,
          52.45411675
        ]
      },
      "properties": {
        "name": "Brunnen",
        "info": "Brunnentyp: Brunnen (Trinkwasserversorgung)",
        "category": "Straßenbrunnen",
        "source": "Öffentlicher Datensatz Berlins"
      }
    },
    {
      "type": "Feature",
      "geometry": {
        "type": "Point",
        "coordinates": [
          13.65314587,
          52.44987657
        ]
      },
      "properties": {
        "name": "Brunnen",
        "info": "Brunnentyp: Brunnen (Trinkwasserversorgung)",
        "category": "Straßenbrunnen",
        "source": "Öffentlicher Datensatz Berlins"
      }
    },
    {
      "type": "Feature",
      "geometry": {
        "type": "Point",
        "coordinates": [
          13.63571162,
          52.46174384
        ]
      },
      "properties": {
        "name": "Brunnen",
        "info": "Brunnentyp: Brunnen (Trinkwasserversorgung)",
        "category": "Straßenbrunnen",
        "source": "Öffentlicher Datensatz Berlins"
      }
    },
    {
      "type": "Feature",
      "geometry": {
        "type": "Point",
        "coordinates": [
          13.65887593,
          52.44967179
        ]
      },
      "properties": {
        "name": "Brunnen",
        "info": "Brunnentyp: Brunnen (Trinkwasserversorgung)",
        "category": "Straßenbrunnen",
        "source": "Öffentlicher Datensatz Berlins"
      }
    },
    {
      "type": "Feature",
      "geometry": {
        "type": "Point",
        "coordinates": [
          13.65415047,
          52.4549781
        ]
      },
      "properties": {
        "name": "Brunnen",
        "info": "Brunnentyp: Brunnen (Trinkwasserversorgung)",
        "category": "Straßenbrunnen",
        "source": "Öffentlicher Datensatz Berlins"
      }
    },
    {
      "type": "Feature",
      "geometry": {
        "type": "Point",
        "coordinates": [
          13.63363649,
          52.46198971
        ]
      },
      "properties": {
        "name": "Brunnen",
        "info": "Brunnentyp: Brunnen (Trinkwasserversorgung)",
        "category": "Straßenbrunnen",
        "source": "Öffentlicher Datensatz Berlins"
      }
    },
    {
      "type": "Feature",
      "geometry": {
        "type": "Point",
        "coordinates": [
          13.65120266,
          52.45528037
        ]
      },
      "properties": {
        "name": "Brunnen",
        "info": "Brunnentyp: Brunnen (Trinkwasserversorgung)",
        "category": "Straßenbrunnen",
        "source": "Öffentlicher Datensatz Berlins"
      }
    },
    {
      "type": "Feature",
      "geometry": {
        "type": "Point",
        "coordinates": [
          13.64620974,
          52.4557372
        ]
      },
      "properties": {
        "name": "Brunnen",
        "info": "Brunnentyp: Brunnen (Trinkwasserversorgung)",
        "category": "Straßenbrunnen",
        "source": "Öffentlicher Datensatz Berlins"
      }
    },
    {
      "type": "Feature",
      "geometry": {
        "type": "Point",
        "coordinates": [
          13.59017902,
          52.49377671
        ]
      },
      "properties": {
        "name": "Brunnen",
        "info": "Brunnentyp: Brunnen (Trinkwasserversorgung)",
        "category": "Straßenbrunnen",
        "source": "Öffentlicher Datensatz Berlins"
      }
    },
    {
      "type": "Feature",
      "geometry": {
        "type": "Point",
        "coordinates": [
          13.59321225,
          52.4970553
        ]
      },
      "properties": {
        "name": "Brunnen",
        "info": "Brunnentyp: Brunnen (Trinkwasserversorgung)",
        "category": "Straßenbrunnen",
        "source": "Öffentlicher Datensatz Berlins"
      }
    },
    {
      "type": "Feature",
      "geometry": {
        "type": "Point",
        "coordinates": [
          13.63047709,
          52.46232342
        ]
      },
      "properties": {
        "name": "Brunnen",
        "info": "Brunnentyp: Brunnen (Trinkwasserversorgung)",
        "category": "Straßenbrunnen",
        "source": "Öffentlicher Datensatz Berlins"
      }
    },
    {
      "type": "Feature",
      "geometry": {
        "type": "Point",
        "coordinates": [
          13.64312956,
          52.45778491
        ]
      },
      "properties": {
        "name": "Brunnen",
        "info": "Brunnentyp: Brunnen (Trinkwasserversorgung)",
        "category": "Straßenbrunnen",
        "source": "Öffentlicher Datensatz Berlins"
      }
    },
    {
      "type": "Feature",
      "geometry": {
        "type": "Point",
        "coordinates": [
          13.62857142,
          52.46245267
        ]
      },
      "properties": {
        "name": "Brunnen",
        "info": "Brunnentyp: Brunnen (Trinkwasserversorgung)",
        "category": "Straßenbrunnen",
        "source": "Öffentlicher Datensatz Berlins"
      }
    },
    {
      "type": "Feature",
      "geometry": {
        "type": "Point",
        "coordinates": [
          13.63277546,
          52.46209638
        ]
      },
      "properties": {
        "name": "Brunnen",
        "info": "Brunnentyp: Brunnen (Trinkwasserversorgung)",
        "category": "Straßenbrunnen",
        "source": "Öffentlicher Datensatz Berlins"
      }
    },
    {
      "type": "Feature",
      "geometry": {
        "type": "Point",
        "coordinates": [
          13.65660161,
          52.44976391
        ]
      },
      "properties": {
        "name": "Brunnen",
        "info": "Brunnentyp: Brunnen (Trinkwasserversorgung)",
        "category": "Straßenbrunnen",
        "source": "Öffentlicher Datensatz Berlins"
      }
    },
    {
      "type": "Feature",
      "geometry": {
        "type": "Point",
        "coordinates": [
          13.52619394,
          52.46647875
        ]
      },
      "properties": {
        "name": "Brunnen",
        "info": "Brunnentyp: Brunnen (Trinkwasserversorgung)",
        "category": "Straßenbrunnen",
        "source": "Öffentlicher Datensatz Berlins"
      }
    },
    {
      "type": "Feature",
      "geometry": {
        "type": "Point",
        "coordinates": [
          13.51072396,
          52.47318602
        ]
      },
      "properties": {
        "name": "Brunnen",
        "info": "Brunnentyp: Brunnen (Trinkwasserversorgung)",
        "category": "Straßenbrunnen",
        "source": "Öffentlicher Datensatz Berlins"
      }
    },
    {
      "type": "Feature",
      "geometry": {
        "type": "Point",
        "coordinates": [
          13.51417582,
          52.46984022
        ]
      },
      "properties": {
        "name": "Brunnen",
        "info": "Brunnentyp: Brunnen (Trinkwasserversorgung)",
        "category": "Straßenbrunnen",
        "source": "Öffentlicher Datensatz Berlins"
      }
    },
    {
      "type": "Feature",
      "geometry": {
        "type": "Point",
        "coordinates": [
          13.52588796,
          52.46654962
        ]
      },
      "properties": {
        "name": "Brunnen",
        "info": "Brunnentyp: Brunnen (Trinkwasserversorgung)",
        "category": "Straßenbrunnen",
        "source": "Öffentlicher Datensatz Berlins"
      }
    },
    {
      "type": "Feature",
      "geometry": {
        "type": "Point",
        "coordinates": [
          13.50082061,
          52.44948978
        ]
      },
      "properties": {
        "name": "Brunnen",
        "info": "Brunnentyp: Brunnen (Trinkwasserversorgung)",
        "category": "Straßenbrunnen",
        "source": "Öffentlicher Datensatz Berlins"
      }
    },
    {
      "type": "Feature",
      "geometry": {
        "type": "Point",
        "coordinates": [
          13.50316194,
          52.4531007
        ]
      },
      "properties": {
        "name": "Brunnen",
        "info": "Brunnentyp: Brunnen (Trinkwasserversorgung)",
        "category": "Straßenbrunnen",
        "source": "Öffentlicher Datensatz Berlins"
      }
    },
    {
      "type": "Feature",
      "geometry": {
        "type": "Point",
        "coordinates": [
          13.54910534,
          52.47315435
        ]
      },
      "properties": {
        "name": "Brunnen",
        "info": "Brunnentyp: Brunnen (Trinkwasserversorgung)",
        "category": "Straßenbrunnen",
        "source": "Öffentlicher Datensatz Berlins"
      }
    },
    {
      "type": "Feature",
      "geometry": {
        "type": "Point",
        "coordinates": [
          13.51016325,
          52.47370675
        ]
      },
      "properties": {
        "name": "Brunnen",
        "info": "Brunnentyp: Brunnen (Trinkwasserversorgung)",
        "category": "Straßenbrunnen",
        "source": "Öffentlicher Datensatz Berlins"
      }
    },
    {
      "type": "Feature",
      "geometry": {
        "type": "Point",
        "coordinates": [
          13.53523995,
          52.47013602
        ]
      },
      "properties": {
        "name": "Brunnen",
        "info": "Brunnentyp: Brunnen (Trinkwasserversorgung)",
        "category": "Straßenbrunnen",
        "source": "Öffentlicher Datensatz Berlins"
      }
    },
    {
      "type": "Feature",
      "geometry": {
        "type": "Point",
        "coordinates": [
          13.53618175,
          52.46997778
        ]
      },
      "properties": {
        "name": "Brunnen",
        "info": "Brunnentyp: Brunnen (Trinkwasserversorgung)",
        "category": "Straßenbrunnen",
        "source": "Öffentlicher Datensatz Berlins"
      }
    },
    {
      "type": "Feature",
      "geometry": {
        "type": "Point",
        "coordinates": [
          13.52647218,
          52.46640098
        ]
      },
      "properties": {
        "name": "Brunnen",
        "info": "Brunnentyp: Brunnen (Trinkwasserversorgung)",
        "category": "Straßenbrunnen",
        "source": "Öffentlicher Datensatz Berlins"
      }
    },
    {
      "type": "Feature",
      "geometry": {
        "type": "Point",
        "coordinates": [
          13.52425563,
          52.46702076
        ]
      },
      "properties": {
        "name": "Brunnen",
        "info": "Brunnentyp: Brunnen (Trinkwasserversorgung)",
        "category": "Straßenbrunnen",
        "source": "Öffentlicher Datensatz Berlins"
      }
    },
    {
      "type": "Feature",
      "geometry": {
        "type": "Point",
        "coordinates": [
          13.50901758,
          52.47475309
        ]
      },
      "properties": {
        "name": "Brunnen",
        "info": "Brunnentyp: Brunnen (Trinkwasserversorgung)",
        "category": "Straßenbrunnen",
        "source": "Öffentlicher Datensatz Berlins"
      }
    },
    {
      "type": "Feature",
      "geometry": {
        "type": "Point",
        "coordinates": [
          13.56630799,
          52.47304385
        ]
      },
      "properties": {
        "name": "Brunnen",
        "info": "Brunnentyp: Brunnen (Trinkwasserversorgung)",
        "category": "Straßenbrunnen",
        "source": "Öffentlicher Datensatz Berlins"
      }
    },
    {
      "type": "Feature",
      "geometry": {
        "type": "Point",
        "coordinates": [
          13.54580026,
          52.47346443
        ]
      },
      "properties": {
        "name": "Brunnen",
        "info": "Brunnentyp: Brunnen (Trinkwasserversorgung)",
        "category": "Straßenbrunnen",
        "source": "Öffentlicher Datensatz Berlins"
      }
    },
    {
      "type": "Feature",
      "geometry": {
        "type": "Point",
        "coordinates": [
          13.52674344,
          52.46632535
        ]
      },
      "properties": {
        "name": "Brunnen",
        "info": "Brunnentyp: Brunnen (Trinkwasserversorgung)",
        "category": "Straßenbrunnen",
        "source": "Öffentlicher Datensatz Berlins"
      }
    },
    {
      "type": "Feature",
      "geometry": {
        "type": "Point",
        "coordinates": [
          13.54025296,
          52.47106724
        ]
      },
      "properties": {
        "name": "Brunnen",
        "info": "Brunnentyp: Brunnen (Trinkwasserversorgung)",
        "category": "Straßenbrunnen",
        "source": "Öffentlicher Datensatz Berlins"
      }
    },
    {
      "type": "Feature",
      "geometry": {
        "type": "Point",
        "coordinates": [
          13.56359495,
          52.47294546
        ]
      },
      "properties": {
        "name": "Brunnen",
        "info": "Brunnentyp: Brunnen (Trinkwasserversorgung)",
        "category": "Straßenbrunnen",
        "source": "Öffentlicher Datensatz Berlins"
      }
    },
    {
      "type": "Feature",
      "geometry": {
        "type": "Point",
        "coordinates": [
          13.54538229,
          52.47350835
        ]
      },
      "properties": {
        "name": "Brunnen",
        "info": "Brunnentyp: Brunnen (Trinkwasserversorgung)",
        "category": "Straßenbrunnen",
        "source": "Öffentlicher Datensatz Berlins"
      }
    },
    {
      "type": "Feature",
      "geometry": {
        "type": "Point",
        "coordinates": [
          13.54052661,
          52.47130932
        ]
      },
      "properties": {
        "name": "Brunnen",
        "info": "Brunnentyp: Brunnen (Trinkwasserversorgung)",
        "category": "Straßenbrunnen",
        "source": "Öffentlicher Datensatz Berlins"
      }
    },
    {
      "type": "Feature",
      "geometry": {
        "type": "Point",
        "coordinates": [
          13.50213072,
          52.45047827
        ]
      },
      "properties": {
        "name": "Brunnen",
        "info": "Brunnentyp: Brunnen (Trinkwasserversorgung)",
        "category": "Straßenbrunnen",
        "source": "Öffentlicher Datensatz Berlins"
      }
    },
    {
      "type": "Feature",
      "geometry": {
        "type": "Point",
        "coordinates": [
          13.51638849,
          52.46923112
        ]
      },
      "properties": {
        "name": "Brunnen",
        "info": "Brunnentyp: Brunnen (Trinkwasserversorgung)",
        "category": "Straßenbrunnen",
        "source": "Öffentlicher Datensatz Berlins"
      }
    },
    {
      "type": "Feature",
      "geometry": {
        "type": "Point",
        "coordinates": [
          13.56529361,
          52.47303854
        ]
      },
      "properties": {
        "name": "Brunnen",
        "info": "Brunnentyp: Brunnen (Trinkwasserversorgung)",
        "category": "Straßenbrunnen",
        "source": "Öffentlicher Datensatz Berlins"
      }
    },
    {
      "type": "Feature",
      "geometry": {
        "type": "Point",
        "coordinates": [
          13.50472272,
          52.47943762
        ]
      },
      "properties": {
        "name": "Brunnen",
        "info": "Brunnentyp: Brunnen (Trinkwasserversorgung)",
        "category": "Straßenbrunnen",
        "source": "Öffentlicher Datensatz Berlins"
      }
    },
    {
      "type": "Feature",
      "geometry": {
        "type": "Point",
        "coordinates": [
          13.52090313,
          52.46796676
        ]
      },
      "properties": {
        "name": "Brunnen",
        "info": "Brunnentyp: Brunnen (Trinkwasserversorgung)",
        "category": "Straßenbrunnen",
        "source": "Öffentlicher Datensatz Berlins"
      }
    },
    {
      "type": "Feature",
      "geometry": {
        "type": "Point",
        "coordinates": [
          13.5462183,
          52.47341808
        ]
      },
      "properties": {
        "name": "Brunnen",
        "info": "Brunnentyp: Brunnen (Trinkwasserversorgung)",
        "category": "Straßenbrunnen",
        "source": "Öffentlicher Datensatz Berlins"
      }
    },
    {
      "type": "Feature",
      "geometry": {
        "type": "Point",
        "coordinates": [
          13.50672219,
          52.47696944
        ]
      },
      "properties": {
        "name": "Brunnen",
        "info": "Brunnentyp: Brunnen (Trinkwasserversorgung)",
        "category": "Straßenbrunnen",
        "source": "Öffentlicher Datensatz Berlins"
      }
    },
    {
      "type": "Feature",
      "geometry": {
        "type": "Point",
        "coordinates": [
          13.544943,
          52.47355443
        ]
      },
      "properties": {
        "name": "Brunnen",
        "info": "Brunnentyp: Brunnen (Trinkwasserversorgung)",
        "category": "Straßenbrunnen",
        "source": "Öffentlicher Datensatz Berlins"
      }
    },
    {
      "type": "Feature",
      "geometry": {
        "type": "Point",
        "coordinates": [
          13.51191411,
          52.47211213
        ]
      },
      "properties": {
        "name": "Brunnen",
        "info": "Brunnentyp: Brunnen (Trinkwasserversorgung)",
        "category": "Straßenbrunnen",
        "source": "Öffentlicher Datensatz Berlins"
      }
    },
    {
      "type": "Feature",
      "geometry": {
        "type": "Point",
        "coordinates": [
          13.51751196,
          52.4689134
        ]
      },
      "properties": {
        "name": "Brunnen",
        "info": "Brunnentyp: Brunnen (Trinkwasserversorgung)",
        "category": "Straßenbrunnen",
        "source": "Öffentlicher Datensatz Berlins"
      }
    },
    {
      "type": "Feature",
      "geometry": {
        "type": "Point",
        "coordinates": [
          13.52343858,
          52.46724649
        ]
      },
      "properties": {
        "name": "Brunnen",
        "info": "Brunnentyp: Brunnen (Trinkwasserversorgung)",
        "category": "Straßenbrunnen",
        "source": "Öffentlicher Datensatz Berlins"
      }
    },
    {
      "type": "Feature",
      "geometry": {
        "type": "Point",
        "coordinates": [
          13.51369588,
          52.47047262
        ]
      },
      "properties": {
        "name": "Brunnen",
        "info": "Brunnentyp: Brunnen (Trinkwasserversorgung)",
        "category": "Straßenbrunnen",
        "source": "Öffentlicher Datensatz Berlins"
      }
    },
    {
      "type": "Feature",
      "geometry": {
        "type": "Point",
        "coordinates": [
          13.5169645,
          52.46908032
        ]
      },
      "properties": {
        "name": "Brunnen",
        "info": "Brunnentyp: Brunnen (Trinkwasserversorgung)",
        "category": "Straßenbrunnen",
        "source": "Öffentlicher Datensatz Berlins"
      }
    },
    {
      "type": "Feature",
      "geometry": {
        "type": "Point",
        "coordinates": [
          13.55938246,
          52.4727007
        ]
      },
      "properties": {
        "name": "Brunnen",
        "info": "Brunnentyp: Brunnen (Trinkwasserversorgung)",
        "category": "Straßenbrunnen",
        "source": "Öffentlicher Datensatz Berlins"
      }
    },
    {
      "type": "Feature",
      "geometry": {
        "type": "Point",
        "coordinates": [
          13.50497514,
          52.47916649
        ]
      },
      "properties": {
        "name": "Brunnen",
        "info": "Brunnentyp: Brunnen (Trinkwasserversorgung)",
        "category": "Straßenbrunnen",
        "source": "Öffentlicher Datensatz Berlins"
      }
    },
    {
      "type": "Feature",
      "geometry": {
        "type": "Point",
        "coordinates": [
          13.54122654,
          52.47184341
        ]
      },
      "properties": {
        "name": "Brunnen",
        "info": "Brunnentyp: Brunnen (Trinkwasserversorgung)",
        "category": "Straßenbrunnen",
        "source": "Öffentlicher Datensatz Berlins"
      }
    },
    {
      "type": "Feature",
      "geometry": {
        "type": "Point",
        "coordinates": [
          13.50276747,
          52.45137217
        ]
      },
      "properties": {
        "name": "Brunnen",
        "info": "Brunnentyp: Brunnen (Trinkwasserversorgung)",
        "category": "Straßenbrunnen",
        "source": "Öffentlicher Datensatz Berlins"
      }
    },
    {
      "type": "Feature",
      "geometry": {
        "type": "Point",
        "coordinates": [
          13.51340114,
          52.47074179
        ]
      },
      "properties": {
        "name": "Brunnen",
        "info": "Brunnentyp: Brunnen (Trinkwasserversorgung)",
        "category": "Straßenbrunnen",
        "source": "Öffentlicher Datensatz Berlins"
      }
    },
    {
      "type": "Feature",
      "geometry": {
        "type": "Point",
        "coordinates": [
          13.56455832,
          52.47299455
        ]
      },
      "properties": {
        "name": "Brunnen",
        "info": "Brunnentyp: Brunnen (Trinkwasserversorgung)",
        "category": "Straßenbrunnen",
        "source": "Öffentlicher Datensatz Berlins"
      }
    },
    {
      "type": "Feature",
      "geometry": {
        "type": "Point",
        "coordinates": [
          13.51102203,
          52.47291367
        ]
      },
      "properties": {
        "name": "Brunnen",
        "info": "Brunnentyp: Brunnen (Trinkwasserversorgung)",
        "category": "Straßenbrunnen",
        "source": "Öffentlicher Datensatz Berlins"
      }
    },
    {
      "type": "Feature",
      "geometry": {
        "type": "Point",
        "coordinates": [
          13.5127942,
          52.47128115
        ]
      },
      "properties": {
        "name": "Brunnen",
        "info": "Brunnentyp: Brunnen (Trinkwasserversorgung)",
        "category": "Straßenbrunnen",
        "source": "Öffentlicher Datensatz Berlins"
      }
    },
    {
      "type": "Feature",
      "geometry": {
        "type": "Point",
        "coordinates": [
          13.50588349,
          52.4778776
        ]
      },
      "properties": {
        "name": "Brunnen",
        "info": "Brunnentyp: Brunnen (Trinkwasserversorgung)",
        "category": "Straßenbrunnen",
        "source": "Öffentlicher Datensatz Berlins"
      }
    },
    {
      "type": "Feature",
      "geometry": {
        "type": "Point",
        "coordinates": [
          13.53698067,
          52.46981555
        ]
      },
      "properties": {
        "name": "Brunnen",
        "info": "Brunnentyp: Brunnen (Trinkwasserversorgung)",
        "category": "Straßenbrunnen",
        "source": "Öffentlicher Datensatz Berlins"
      }
    },
    {
      "type": "Feature",
      "geometry": {
        "type": "Point",
        "coordinates": [
          13.53579048,
          52.4700504
        ]
      },
      "properties": {
        "name": "Brunnen",
        "info": "Brunnentyp: Brunnen (Trinkwasserversorgung)",
        "category": "Straßenbrunnen",
        "source": "Öffentlicher Datensatz Berlins"
      }
    },
    {
      "type": "Feature",
      "geometry": {
        "type": "Point",
        "coordinates": [
          13.52232474,
          52.46754519
        ]
      },
      "properties": {
        "name": "Brunnen",
        "info": "Brunnentyp: Brunnen (Trinkwasserversorgung)",
        "category": "Straßenbrunnen",
        "source": "Öffentlicher Datensatz Berlins"
      }
    },
    {
      "type": "Feature",
      "geometry": {
        "type": "Point",
        "coordinates": [
          13.53478339,
          52.47024811
        ]
      },
      "properties": {
        "name": "Brunnen",
        "info": "Brunnentyp: Brunnen (Trinkwasserversorgung)",
        "category": "Straßenbrunnen",
        "source": "Öffentlicher Datensatz Berlins"
      }
    },
    {
      "type": "Feature",
      "geometry": {
        "type": "Point",
        "coordinates": [
          13.49874944,
          52.45040389
        ]
      },
      "properties": {
        "name": "Brunnen",
        "info": "Brunnentyp: Brunnen (Trinkwasserversorgung)",
        "category": "Straßenbrunnen",
        "source": "Öffentlicher Datensatz Berlins"
      }
    },
    {
      "type": "Feature",
      "geometry": {
        "type": "Point",
        "coordinates": [
          13.55856834,
          52.47270431
        ]
      },
      "properties": {
        "name": "Brunnen",
        "info": "Brunnentyp: Brunnen (Trinkwasserversorgung)",
        "category": "Straßenbrunnen",
        "source": "Öffentlicher Datensatz Berlins"
      }
    },
    {
      "type": "Feature",
      "geometry": {
        "type": "Point",
        "coordinates": [
          13.50740537,
          52.47630624
        ]
      },
      "properties": {
        "name": "Brunnen",
        "info": "Brunnentyp: Brunnen (Trinkwasserversorgung)",
        "category": "Straßenbrunnen",
        "source": "Öffentlicher Datensatz Berlins"
      }
    },
    {
      "type": "Feature",
      "geometry": {
        "type": "Point",
        "coordinates": [
          13.5139294,
          52.47021864
        ]
      },
      "properties": {
        "name": "Brunnen",
        "info": "Brunnentyp: Brunnen (Trinkwasserversorgung)",
        "category": "Straßenbrunnen",
        "source": "Öffentlicher Datensatz Berlins"
      }
    },
    {
      "type": "Feature",
      "geometry": {
        "type": "Point",
        "coordinates": [
          13.54455454,
          52.47359604
        ]
      },
      "properties": {
        "name": "Brunnen",
        "info": "Brunnentyp: Brunnen (Trinkwasserversorgung)",
        "category": "Straßenbrunnen",
        "source": "Öffentlicher Datensatz Berlins"
      }
    },
    {
      "type": "Feature",
      "geometry": {
        "type": "Point",
        "coordinates": [
          13.54158797,
          52.47214638
        ]
      },
      "properties": {
        "name": "Brunnen",
        "info": "Brunnentyp: Brunnen (Trinkwasserversorgung)",
        "category": "Straßenbrunnen",
        "source": "Öffentlicher Datensatz Berlins"
      }
    },
    {
      "type": "Feature",
      "geometry": {
        "type": "Point",
        "coordinates": [
          13.5024173,
          52.45082423
        ]
      },
      "properties": {
        "name": "Brunnen",
        "info": "Brunnentyp: Brunnen (Trinkwasserversorgung)",
        "category": "Straßenbrunnen",
        "source": "Öffentlicher Datensatz Berlins"
      }
    },
    {
      "type": "Feature",
      "geometry": {
        "type": "Point",
        "coordinates": [
          13.56396585,
          52.47296804
        ]
      },
      "properties": {
        "name": "Brunnen",
        "info": "Brunnentyp: Brunnen (Trinkwasserversorgung)",
        "category": "Straßenbrunnen",
        "source": "Öffentlicher Datensatz Berlins"
      }
    },
    {
      "type": "Feature",
      "geometry": {
        "type": "Point",
        "coordinates": [
          13.50989626,
          52.47395406
        ]
      },
      "properties": {
        "name": "Brunnen",
        "info": "Brunnentyp: Brunnen (Trinkwasserversorgung)",
        "category": "Straßenbrunnen",
        "source": "Öffentlicher Datensatz Berlins"
      }
    },
    {
      "type": "Feature",
      "geometry": {
        "type": "Point",
        "coordinates": [
          13.52535209,
          52.46671384
        ]
      },
      "properties": {
        "name": "Brunnen",
        "info": "Brunnentyp: Brunnen (Trinkwasserversorgung)",
        "category": "Straßenbrunnen",
        "source": "Öffentlicher Datensatz Berlins"
      }
    },
    {
      "type": "Feature",
      "geometry": {
        "type": "Point",
        "coordinates": [
          13.5499275,
          52.47310406
        ]
      },
      "properties": {
        "name": "Brunnen",
        "info": "Brunnentyp: Brunnen (Trinkwasserversorgung)",
        "category": "Straßenbrunnen",
        "source": "Öffentlicher Datensatz Berlins"
      }
    },
    {
      "type": "Feature",
      "geometry": {
        "type": "Point",
        "coordinates": [
          13.53392039,
          52.47013455
        ]
      },
      "properties": {
        "name": "Brunnen",
        "info": "Brunnentyp: Brunnen (Trinkwasserversorgung)",
        "category": "Straßenbrunnen",
        "source": "Öffentlicher Datensatz Berlins"
      }
    },
    {
      "type": "Feature",
      "geometry": {
        "type": "Point",
        "coordinates": [
          13.50621178,
          52.47747569
        ]
      },
      "properties": {
        "name": "Brunnen",
        "info": "Brunnentyp: Brunnen (Trinkwasserversorgung)",
        "category": "Straßenbrunnen",
        "source": "Öffentlicher Datensatz Berlins"
      }
    },
    {
      "type": "Feature",
      "geometry": {
        "type": "Point",
        "coordinates": [
          13.50551448,
          52.4782357
        ]
      },
      "properties": {
        "name": "Brunnen",
        "info": "Brunnentyp: Brunnen (Trinkwasserversorgung)",
        "category": "Straßenbrunnen",
        "source": "Öffentlicher Datensatz Berlins"
      }
    },
    {
      "type": "Feature",
      "geometry": {
        "type": "Point",
        "coordinates": [
          13.50918957,
          52.4745837
        ]
      },
      "properties": {
        "name": "Brunnen",
        "info": "Brunnentyp: Brunnen (Trinkwasserversorgung)",
        "category": "Straßenbrunnen",
        "source": "Öffentlicher Datensatz Berlins"
      }
    },
    {
      "type": "Feature",
      "geometry": {
        "type": "Point",
        "coordinates": [
          13.50520342,
          52.47860009
        ]
      },
      "properties": {
        "name": "Brunnen",
        "info": "Brunnentyp: Brunnen (Trinkwasserversorgung)",
        "category": "Straßenbrunnen",
        "source": "Öffentlicher Datensatz Berlins"
      }
    },
    {
      "type": "Feature",
      "geometry": {
        "type": "Point",
        "coordinates": [
          13.5394048,
          52.47033956
        ]
      },
      "properties": {
        "name": "Brunnen",
        "info": "Brunnentyp: Brunnen (Trinkwasserversorgung)",
        "category": "Straßenbrunnen",
        "source": "Öffentlicher Datensatz Berlins"
      }
    },
    {
      "type": "Feature",
      "geometry": {
        "type": "Point",
        "coordinates": [
          13.51806238,
          52.46875051
        ]
      },
      "properties": {
        "name": "Brunnen",
        "info": "Brunnentyp: Brunnen (Trinkwasserversorgung)",
        "category": "Straßenbrunnen",
        "source": "Öffentlicher Datensatz Berlins"
      }
    },
    {
      "type": "Feature",
      "geometry": {
        "type": "Point",
        "coordinates": [
          13.50297196,
          52.45208787
        ]
      },
      "properties": {
        "name": "Brunnen",
        "info": "Brunnentyp: Brunnen (Trinkwasserversorgung)",
        "category": "Straßenbrunnen",
        "source": "Öffentlicher Datensatz Berlins"
      }
    },
    {
      "type": "Feature",
      "geometry": {
        "type": "Point",
        "coordinates": [
          13.53659097,
          52.46989018
        ]
      },
      "properties": {
        "name": "Brunnen",
        "info": "Brunnentyp: Brunnen (Trinkwasserversorgung)",
        "category": "Straßenbrunnen",
        "source": "Öffentlicher Datensatz Berlins"
      }
    },
    {
      "type": "Feature",
      "geometry": {
        "type": "Point",
        "coordinates": [
          13.50724347,
          52.47645723
        ]
      },
      "properties": {
        "name": "Brunnen",
        "info": "Brunnentyp: Brunnen (Trinkwasserversorgung)",
        "category": "Straßenbrunnen",
        "source": "Öffentlicher Datensatz Berlins"
      }
    },
    {
      "type": "Feature",
      "geometry": {
        "type": "Point",
        "coordinates": [
          13.49916851,
          52.45009293
        ]
      },
      "properties": {
        "name": "Brunnen",
        "info": "Brunnentyp: Brunnen (Trinkwasserversorgung)",
        "category": "Straßenbrunnen",
        "source": "Öffentlicher Datensatz Berlins"
      }
    },
    {
      "type": "Feature",
      "geometry": {
        "type": "Point",
        "coordinates": [
          13.50759814,
          52.47611924
        ]
      },
      "properties": {
        "name": "Brunnen",
        "info": "Brunnentyp: Brunnen (Trinkwasserversorgung)",
        "category": "Straßenbrunnen",
        "source": "Öffentlicher Datensatz Berlins"
      }
    },
    {
      "type": "Feature",
      "geometry": {
        "type": "Point",
        "coordinates": [
          13.55830843,
          52.47272266
        ]
      },
      "properties": {
        "name": "Brunnen",
        "info": "Brunnentyp: Brunnen (Trinkwasserversorgung)",
        "category": "Straßenbrunnen",
        "source": "Öffentlicher Datensatz Berlins"
      }
    },
    {
      "type": "Feature",
      "geometry": {
        "type": "Point",
        "coordinates": [
          13.50373377,
          52.45400328
        ]
      },
      "properties": {
        "name": "Brunnen",
        "info": "Brunnentyp: Brunnen (Trinkwasserversorgung)",
        "category": "Straßenbrunnen",
        "source": "Öffentlicher Datensatz Berlins"
      }
    },
    {
      "type": "Feature",
      "geometry": {
        "type": "Point",
        "coordinates": [
          13.50811106,
          52.4754561
        ]
      },
      "properties": {
        "name": "Brunnen",
        "info": "Brunnentyp: Brunnen (Trinkwasserversorgung)",
        "category": "Straßenbrunnen",
        "source": "Öffentlicher Datensatz Berlins"
      }
    },
    {
      "type": "Feature",
      "geometry": {
        "type": "Point",
        "coordinates": [
          13.5050487,
          52.47901073
        ]
      },
      "properties": {
        "name": "Brunnen",
        "info": "Brunnentyp: Brunnen (Trinkwasserversorgung)",
        "category": "Straßenbrunnen",
        "source": "Öffentlicher Datensatz Berlins"
      }
    },
    {
      "type": "Feature",
      "geometry": {
        "type": "Point",
        "coordinates": [
          13.5043139,
          52.47953955
        ]
      },
      "properties": {
        "name": "Brunnen",
        "info": "Brunnentyp: Brunnen (Trinkwasserversorgung)",
        "category": "Straßenbrunnen",
        "source": "Öffentlicher Datensatz Berlins"
      }
    },
    {
      "type": "Feature",
      "geometry": {
        "type": "Point",
        "coordinates": [
          13.52143669,
          52.46779687
        ]
      },
      "properties": {
        "name": "Brunnen",
        "info": "Brunnentyp: Brunnen (Trinkwasserversorgung)",
        "category": "Straßenbrunnen",
        "source": "Öffentlicher Datensatz Berlins"
      }
    },
    {
      "type": "Feature",
      "geometry": {
        "type": "Point",
        "coordinates": [
          13.49983379,
          52.44868555
        ]
      },
      "properties": {
        "name": "Brunnen",
        "info": "Brunnentyp: Brunnen (Trinkwasserversorgung)",
        "category": "Straßenbrunnen",
        "source": "Öffentlicher Datensatz Berlins"
      }
    },
    {
      "type": "Feature",
      "geometry": {
        "type": "Point",
        "coordinates": [
          13.52118053,
          52.467882
        ]
      },
      "properties": {
        "name": "Brunnen",
        "info": "Brunnentyp: Brunnen (Trinkwasserversorgung)",
        "category": "Straßenbrunnen",
        "source": "Öffentlicher Datensatz Berlins"
      }
    },
    {
      "type": "Feature",
      "geometry": {
        "type": "Point",
        "coordinates": [
          13.52034543,
          52.46812569
        ]
      },
      "properties": {
        "name": "Brunnen",
        "info": "Brunnentyp: Brunnen (Trinkwasserversorgung)",
        "category": "Straßenbrunnen",
        "source": "Öffentlicher Datensatz Berlins"
      }
    },
    {
      "type": "Feature",
      "geometry": {
        "type": "Point",
        "coordinates": [
          13.53740443,
          52.46972213
        ]
      },
      "properties": {
        "name": "Brunnen",
        "info": "Brunnentyp: Brunnen (Trinkwasserversorgung)",
        "category": "Straßenbrunnen",
        "source": "Öffentlicher Datensatz Berlins"
      }
    },
    {
      "type": "Feature",
      "geometry": {
        "type": "Point",
        "coordinates": [
          13.51612779,
          52.46931075
        ]
      },
      "properties": {
        "name": "Brunnen",
        "info": "Brunnentyp: Brunnen (Trinkwasserversorgung)",
        "category": "Straßenbrunnen",
        "source": "Öffentlicher Datensatz Berlins"
      }
    },
    {
      "type": "Feature",
      "geometry": {
        "type": "Point",
        "coordinates": [
          13.55673123,
          52.47279086
        ]
      },
      "properties": {
        "name": "Brunnen",
        "info": "Brunnentyp: Brunnen (Trinkwasserversorgung)",
        "category": "Straßenbrunnen",
        "source": "Öffentlicher Datensatz Berlins"
      }
    },
    {
      "type": "Feature",
      "geometry": {
        "type": "Point",
        "coordinates": [
          13.53912845,
          52.47010267
        ]
      },
      "properties": {
        "name": "Brunnen",
        "info": "Brunnentyp: Brunnen (Trinkwasserversorgung)",
        "category": "Straßenbrunnen",
        "source": "Öffentlicher Datensatz Berlins"
      }
    },
    {
      "type": "Feature",
      "geometry": {
        "type": "Point",
        "coordinates": [
          13.50975893,
          52.47406308
        ]
      },
      "properties": {
        "name": "Brunnen",
        "info": "Brunnentyp: Brunnen (Trinkwasserversorgung)",
        "category": "Straßenbrunnen",
        "source": "Öffentlicher Datensatz Berlins"
      }
    },
    {
      "type": "Feature",
      "geometry": {
        "type": "Point",
        "coordinates": [
          13.5579158,
          52.47273129
        ]
      },
      "properties": {
        "name": "Brunnen",
        "info": "Brunnentyp: Brunnen (Trinkwasserversorgung)",
        "category": "Straßenbrunnen",
        "source": "Öffentlicher Datensatz Berlins"
      }
    },
    {
      "type": "Feature",
      "geometry": {
        "type": "Point",
        "coordinates": [
          13.52287268,
          52.46740677
        ]
      },
      "properties": {
        "name": "Brunnen",
        "info": "Brunnentyp: Brunnen (Trinkwasserversorgung)",
        "category": "Straßenbrunnen",
        "source": "Öffentlicher Datensatz Berlins"
      }
    },
    {
      "type": "Feature",
      "geometry": {
        "type": "Point",
        "coordinates": [
          13.52007216,
          52.46819551
        ]
      },
      "properties": {
        "name": "Brunnen",
        "info": "Brunnentyp: Brunnen (Trinkwasserversorgung)",
        "category": "Straßenbrunnen",
        "source": "Öffentlicher Datensatz Berlins"
      }
    },
    {
      "type": "Feature",
      "geometry": {
        "type": "Point",
        "coordinates": [
          13.55119135,
          52.47304475
        ]
      },
      "properties": {
        "name": "Brunnen",
        "info": "Brunnentyp: Brunnen (Trinkwasserversorgung)",
        "category": "Straßenbrunnen",
        "source": "Öffentlicher Datensatz Berlins"
      }
    },
    {
      "type": "Feature",
      "geometry": {
        "type": "Point",
        "coordinates": [
          13.55980009,
          52.47272624
        ]
      },
      "properties": {
        "name": "Brunnen",
        "info": "Brunnentyp: Brunnen (Trinkwasserversorgung)",
        "category": "Straßenbrunnen",
        "source": "Öffentlicher Datensatz Berlins"
      }
    },
    {
      "type": "Feature",
      "geometry": {
        "type": "Point",
        "coordinates": [
          13.5342918,
          52.47016744
        ]
      },
      "properties": {
        "name": "Brunnen",
        "info": "Brunnentyp: Brunnen (Trinkwasserversorgung)",
        "category": "Straßenbrunnen",
        "source": "Öffentlicher Datensatz Berlins"
      }
    },
    {
      "type": "Feature",
      "geometry": {
        "type": "Point",
        "coordinates": [
          13.55204085,
          52.473002
        ]
      },
      "properties": {
        "name": "Brunnen",
        "info": "Brunnentyp: Brunnen (Trinkwasserversorgung)",
        "category": "Straßenbrunnen",
        "source": "Öffentlicher Datensatz Berlins"
      }
    },
    {
      "type": "Feature",
      "geometry": {
        "type": "Point",
        "coordinates": [
          13.52372509,
          52.4671665
        ]
      },
      "properties": {
        "name": "Brunnen",
        "info": "Brunnentyp: Brunnen (Trinkwasserversorgung)",
        "category": "Straßenbrunnen",
        "source": "Öffentlicher Datensatz Berlins"
      }
    },
    {
      "type": "Feature",
      "geometry": {
        "type": "Point",
        "coordinates": [
          13.50645473,
          52.4772081
        ]
      },
      "properties": {
        "name": "Brunnen",
        "info": "Brunnentyp: Brunnen (Trinkwasserversorgung)",
        "category": "Straßenbrunnen",
        "source": "Öffentlicher Datensatz Berlins"
      }
    },
    {
      "type": "Feature",
      "geometry": {
        "type": "Point",
        "coordinates": [
          13.5420794,
          52.47273849
        ]
      },
      "properties": {
        "name": "Brunnen",
        "info": "Brunnentyp: Brunnen (Trinkwasserversorgung)",
        "category": "Straßenbrunnen",
        "source": "Öffentlicher Datensatz Berlins"
      }
    },
    {
      "type": "Feature",
      "geometry": {
        "type": "Point",
        "coordinates": [
          13.51132088,
          52.47264477
        ]
      },
      "properties": {
        "name": "Brunnen",
        "info": "Brunnentyp: Brunnen (Trinkwasserversorgung)",
        "category": "Straßenbrunnen",
        "source": "Öffentlicher Datensatz Berlins"
      }
    },
    {
      "type": "Feature",
      "geometry": {
        "type": "Point",
        "coordinates": [
          13.55076565,
          52.47306245
        ]
      },
      "properties": {
        "name": "Brunnen",
        "info": "Brunnentyp: Brunnen (Trinkwasserversorgung)",
        "category": "Straßenbrunnen",
        "source": "Öffentlicher Datensatz Berlins"
      }
    },
    {
      "type": "Feature",
      "geometry": {
        "type": "Point",
        "coordinates": [
          13.5466367,
          52.47336663
        ]
      },
      "properties": {
        "name": "Brunnen",
        "info": "Brunnentyp: Brunnen (Trinkwasserversorgung)",
        "category": "Straßenbrunnen",
        "source": "Öffentlicher Datensatz Berlins"
      }
    },
    {
      "type": "Feature",
      "geometry": {
        "type": "Point",
        "coordinates": [
          13.56243616,
          52.47287689
        ]
      },
      "properties": {
        "name": "Brunnen",
        "info": "Brunnentyp: Brunnen (Trinkwasserversorgung)",
        "category": "Straßenbrunnen",
        "source": "Öffentlicher Datensatz Berlins"
      }
    },
    {
      "type": "Feature",
      "geometry": {
        "type": "Point",
        "coordinates": [
          13.50486719,
          52.4793297
        ]
      },
      "properties": {
        "name": "Brunnen",
        "info": "Brunnentyp: Brunnen (Trinkwasserversorgung)",
        "category": "Straßenbrunnen",
        "source": "Öffentlicher Datensatz Berlins"
      }
    },
    {
      "type": "Feature",
      "geometry": {
        "type": "Point",
        "coordinates": [
          13.50599568,
          52.47770468
        ]
      },
      "properties": {
        "name": "Brunnen",
        "info": "Brunnentyp: Brunnen (Trinkwasserversorgung)",
        "category": "Straßenbrunnen",
        "source": "Öffentlicher Datensatz Berlins"
      }
    },
    {
      "type": "Feature",
      "geometry": {
        "type": "Point",
        "coordinates": [
          13.50653507,
          52.49363401
        ]
      },
      "properties": {
        "name": "Brunnen",
        "info": "Brunnentyp: Brunnen",
        "category": "Straßenbrunnen",
        "source": "Öffentlicher Datensatz Berlins"
      }
    },
    {
      "type": "Feature",
      "geometry": {
        "type": "Point",
        "coordinates": [
          13.54190173,
          52.47257205
        ]
      },
      "properties": {
        "name": "Brunnen",
        "info": "Brunnentyp: Brunnen (Trinkwasserversorgung)",
        "category": "Straßenbrunnen",
        "source": "Öffentlicher Datensatz Berlins"
      }
    },
    {
      "type": "Feature",
      "geometry": {
        "type": "Point",
        "coordinates": [
          13.50413734,
          52.45443526
        ]
      },
      "properties": {
        "name": "Brunnen",
        "info": "Brunnentyp: Brunnen (Trinkwasserversorgung)",
        "category": "Straßenbrunnen",
        "source": "Öffentlicher Datensatz Berlins"
      }
    },
    {
      "type": "Feature",
      "geometry": {
        "type": "Point",
        "coordinates": [
          13.54787378,
          52.47323756
        ]
      },
      "properties": {
        "name": "Brunnen",
        "info": "Brunnentyp: Brunnen (Trinkwasserversorgung)",
        "category": "Straßenbrunnen",
        "source": "Öffentlicher Datensatz Berlins"
      }
    },
    {
      "type": "Feature",
      "geometry": {
        "type": "Point",
        "coordinates": [
          13.53804401,
          52.46965769
        ]
      },
      "properties": {
        "name": "Brunnen",
        "info": "Brunnentyp: Brunnen (Trinkwasserversorgung)",
        "category": "Straßenbrunnen",
        "source": "Öffentlicher Datensatz Berlins"
      }
    },
    {
      "type": "Feature",
      "geometry": {
        "type": "Point",
        "coordinates": [
          13.52314843,
          52.46733298
        ]
      },
      "properties": {
        "name": "Brunnen",
        "info": "Brunnentyp: Brunnen (Trinkwasserversorgung)",
        "category": "Straßenbrunnen",
        "source": "Öffentlicher Datensatz Berlins"
      }
    },
    {
      "type": "Feature",
      "geometry": {
        "type": "Point",
        "coordinates": [
          13.54950848,
          52.47313033
        ]
      },
      "properties": {
        "name": "Brunnen",
        "info": "Brunnentyp: Brunnen (Trinkwasserversorgung)",
        "category": "Straßenbrunnen",
        "source": "Öffentlicher Datensatz Berlins"
      }
    },
    {
      "type": "Feature",
      "geometry": {
        "type": "Point",
        "coordinates": [
          13.56315907,
          52.47291553
        ]
      },
      "properties": {
        "name": "Brunnen",
        "info": "Brunnentyp: Brunnen (Trinkwasserversorgung)",
        "category": "Straßenbrunnen",
        "source": "Öffentlicher Datensatz Berlins"
      }
    },
    {
      "type": "Feature",
      "geometry": {
        "type": "Point",
        "coordinates": [
          13.51250334,
          52.47156879
        ]
      },
      "properties": {
        "name": "Brunnen",
        "info": "Brunnentyp: Brunnen (Trinkwasserversorgung)",
        "category": "Straßenbrunnen",
        "source": "Öffentlicher Datensatz Berlins"
      }
    },
    {
      "type": "Feature",
      "geometry": {
        "type": "Point",
        "coordinates": [
          13.51456089,
          52.46971533
        ]
      },
      "properties": {
        "name": "Brunnen",
        "info": "Brunnentyp: Brunnen (Trinkwasserversorgung)",
        "category": "Straßenbrunnen",
        "source": "Öffentlicher Datensatz Berlins"
      }
    },
    {
      "type": "Feature",
      "geometry": {
        "type": "Point",
        "coordinates": [
          13.53883556,
          52.46985468
        ]
      },
      "properties": {
        "name": "Brunnen",
        "info": "Brunnentyp: Brunnen (Trinkwasserversorgung)",
        "category": "Straßenbrunnen",
        "source": "Öffentlicher Datensatz Berlins"
      }
    },
    {
      "type": "Feature",
      "geometry": {
        "type": "Point",
        "coordinates": [
          13.51052894,
          52.47334447
        ]
      },
      "properties": {
        "name": "Brunnen",
        "info": "Brunnentyp: Brunnen (Trinkwasserversorgung)",
        "category": "Straßenbrunnen",
        "source": "Öffentlicher Datensatz Berlins"
      }
    },
    {
      "type": "Feature",
      "geometry": {
        "type": "Point",
        "coordinates": [
          13.53784325,
          52.46965665
        ]
      },
      "properties": {
        "name": "Brunnen",
        "info": "Brunnentyp: Brunnen (Trinkwasserversorgung)",
        "category": "Straßenbrunnen",
        "source": "Öffentlicher Datensatz Berlins"
      }
    },
    {
      "type": "Feature",
      "geometry": {
        "type": "Point",
        "coordinates": [
          13.51034964,
          52.47354806
        ]
      },
      "properties": {
        "name": "Brunnen",
        "info": "Brunnentyp: Brunnen (Trinkwasserversorgung)",
        "category": "Straßenbrunnen",
        "source": "Öffentlicher Datensatz Berlins"
      }
    },
    {
      "type": "Feature",
      "geometry": {
        "type": "Point",
        "coordinates": [
          13.54175615,
          52.47229227
        ]
      },
      "properties": {
        "name": "Brunnen",
        "info": "Brunnentyp: Brunnen (Trinkwasserversorgung)",
        "category": "Straßenbrunnen",
        "source": "Öffentlicher Datensatz Berlins"
      }
    },
    {
      "type": "Feature",
      "geometry": {
        "type": "Point",
        "coordinates": [
          13.50306868,
          52.45254128
        ]
      },
      "properties": {
        "name": "Brunnen",
        "info": "Brunnentyp: Brunnen (Trinkwasserversorgung)",
        "category": "Straßenbrunnen",
        "source": "Öffentlicher Datensatz Berlins"
      }
    },
    {
      "type": "Feature",
      "geometry": {
        "type": "Point",
        "coordinates": [
          13.50707653,
          52.47663145
        ]
      },
      "properties": {
        "name": "Brunnen",
        "info": "Brunnentyp: Brunnen (Trinkwasserversorgung)",
        "category": "Straßenbrunnen",
        "source": "Öffentlicher Datensatz Berlins"
      }
    },
    {
      "type": "Feature",
      "geometry": {
        "type": "Point",
        "coordinates": [
          13.50508386,
          52.47885448
        ]
      },
      "properties": {
        "name": "Brunnen",
        "info": "Brunnentyp: Brunnen (Trinkwasserversorgung)",
        "category": "Straßenbrunnen",
        "source": "Öffentlicher Datensatz Berlins"
      }
    },
    {
      "type": "Feature",
      "geometry": {
        "type": "Point",
        "coordinates": [
          13.56193147,
          52.47284435
        ]
      },
      "properties": {
        "name": "Brunnen",
        "info": "Brunnentyp: Brunnen (Trinkwasserversorgung)",
        "category": "Straßenbrunnen",
        "source": "Öffentlicher Datensatz Berlins"
      }
    },
    {
      "type": "Feature",
      "geometry": {
        "type": "Point",
        "coordinates": [
          13.5245214,
          52.46692975
        ]
      },
      "properties": {
        "name": "Brunnen",
        "info": "Brunnentyp: Brunnen (Trinkwasserversorgung)",
        "category": "Straßenbrunnen",
        "source": "Öffentlicher Datensatz Berlins"
      }
    },
    {
      "type": "Feature",
      "geometry": {
        "type": "Point",
        "coordinates": [
          13.51723182,
          52.4689929
        ]
      },
      "properties": {
        "name": "Brunnen",
        "info": "Brunnentyp: Brunnen (Trinkwasserversorgung)",
        "category": "Straßenbrunnen",
        "source": "Öffentlicher Datensatz Berlins"
      }
    },
    {
      "type": "Feature",
      "geometry": {
        "type": "Point",
        "coordinates": [
          13.50515627,
          52.47873266
        ]
      },
      "properties": {
        "name": "Brunnen",
        "info": "Brunnentyp: Brunnen (Trinkwasserversorgung)",
        "category": "Straßenbrunnen",
        "source": "Öffentlicher Datensatz Berlins"
      }
    },
    {
      "type": "Feature",
      "geometry": {
        "type": "Point",
        "coordinates": [
          13.51947931,
          52.46835611
        ]
      },
      "properties": {
        "name": "Brunnen",
        "info": "Brunnentyp: Brunnen (Trinkwasserversorgung)",
        "category": "Straßenbrunnen",
        "source": "Öffentlicher Datensatz Berlins"
      }
    },
    {
      "type": "Feature",
      "geometry": {
        "type": "Point",
        "coordinates": [
          13.52705402,
          52.46622025
        ]
      },
      "properties": {
        "name": "Brunnen",
        "info": "Brunnentyp: Brunnen (Trinkwasserversorgung)",
        "category": "Straßenbrunnen",
        "source": "Öffentlicher Datensatz Berlins"
      }
    },
    {
      "type": "Feature",
      "geometry": {
        "type": "Point",
        "coordinates": [
          13.56615483,
          52.4730876
        ]
      },
      "properties": {
        "name": "Brunnen",
        "info": "Brunnentyp: Brunnen (Trinkwasserversorgung)",
        "category": "Straßenbrunnen",
        "source": "Öffentlicher Datensatz Berlins"
      }
    },
    {
      "type": "Feature",
      "geometry": {
        "type": "Point",
        "coordinates": [
          13.51161119,
          52.472373
        ]
      },
      "properties": {
        "name": "Brunnen",
        "info": "Brunnentyp: Brunnen (Trinkwasserversorgung)",
        "category": "Straßenbrunnen",
        "source": "Öffentlicher Datensatz Berlins"
      }
    },
    {
      "type": "Feature",
      "geometry": {
        "type": "Point",
        "coordinates": [
          13.50955896,
          52.47424001
        ]
      },
      "properties": {
        "name": "Brunnen",
        "info": "Brunnentyp: Brunnen (Trinkwasserversorgung)",
        "category": "Straßenbrunnen",
        "source": "Öffentlicher Datensatz Berlins"
      }
    },
    {
      "type": "Feature",
      "geometry": {
        "type": "Point",
        "coordinates": [
          13.5211535,
          52.4979717
        ]
      },
      "properties": {
        "name": "Brunnen",
        "info": "Brunnentyp: Brunnen",
        "category": "Straßenbrunnen",
        "source": "Öffentlicher Datensatz Berlins"
      }
    },
    {
      "type": "Feature",
      "geometry": {
        "type": "Point",
        "coordinates": [
          13.50567286,
          52.47807013
        ]
      },
      "properties": {
        "name": "Brunnen",
        "info": "Brunnentyp: Brunnen (Trinkwasserversorgung)",
        "category": "Straßenbrunnen",
        "source": "Öffentlicher Datensatz Berlins"
      }
    },
    {
      "type": "Feature",
      "geometry": {
        "type": "Point",
        "coordinates": [
          13.52398699,
          52.46708821
        ]
      },
      "properties": {
        "name": "Brunnen",
        "info": "Brunnentyp: Brunnen (Trinkwasserversorgung)",
        "category": "Straßenbrunnen",
        "source": "Öffentlicher Datensatz Berlins"
      }
    },
    {
      "type": "Feature",
      "geometry": {
        "type": "Point",
        "coordinates": [
          13.52199806,
          52.46763155
        ]
      },
      "properties": {
        "name": "Brunnen",
        "info": "Brunnentyp: Brunnen (Trinkwasserversorgung)",
        "category": "Straßenbrunnen",
        "source": "Öffentlicher Datensatz Berlins"
      }
    },
    {
      "type": "Feature",
      "geometry": {
        "type": "Point",
        "coordinates": [
          13.55033027,
          52.47307821
        ]
      },
      "properties": {
        "name": "Brunnen",
        "info": "Brunnentyp: Brunnen (Trinkwasserversorgung)",
        "category": "Straßenbrunnen",
        "source": "Öffentlicher Datensatz Berlins"
      }
    },
    {
      "type": "Feature",
      "geometry": {
        "type": "Point",
        "coordinates": [
          13.50687174,
          52.47682296
        ]
      },
      "properties": {
        "name": "Brunnen",
        "info": "Brunnentyp: Brunnen (Trinkwasserversorgung)",
        "category": "Straßenbrunnen",
        "source": "Öffentlicher Datensatz Berlins"
      }
    },
    {
      "type": "Feature",
      "geometry": {
        "type": "Point",
        "coordinates": [
          13.56102723,
          52.4727911
        ]
      },
      "properties": {
        "name": "Brunnen",
        "info": "Brunnentyp: Brunnen (Trinkwasserversorgung)",
        "category": "Straßenbrunnen",
        "source": "Öffentlicher Datensatz Berlins"
      }
    },
    {
      "type": "Feature",
      "geometry": {
        "type": "Point",
        "coordinates": [
          13.50539739,
          52.4784171
        ]
      },
      "properties": {
        "name": "Brunnen",
        "info": "Brunnentyp: Brunnen (Trinkwasserversorgung)",
        "category": "Straßenbrunnen",
        "source": "Öffentlicher Datensatz Berlins"
      }
    },
    {
      "type": "Feature",
      "geometry": {
        "type": "Point",
        "coordinates": [
          13.50399435,
          52.47965036
        ]
      },
      "properties": {
        "name": "Brunnen",
        "info": "Brunnentyp: Brunnen (Trinkwasserversorgung)",
        "category": "Straßenbrunnen",
        "source": "Öffentlicher Datensatz Berlins"
      }
    },
    {
      "type": "Feature",
      "geometry": {
        "type": "Point",
        "coordinates": [
          13.55163039,
          52.47301151
        ]
      },
      "properties": {
        "name": "Brunnen",
        "info": "Brunnentyp: Brunnen (Trinkwasserversorgung)",
        "category": "Straßenbrunnen",
        "source": "Öffentlicher Datensatz Berlins"
      }
    },
    {
      "type": "Feature",
      "geometry": {
        "type": "Point",
        "coordinates": [
          13.51308889,
          52.47101863
        ]
      },
      "properties": {
        "name": "Brunnen",
        "info": "Brunnentyp: Brunnen (Trinkwasserversorgung)",
        "category": "Straßenbrunnen",
        "source": "Öffentlicher Datensatz Berlins"
      }
    },
    {
      "type": "Feature",
      "geometry": {
        "type": "Point",
        "coordinates": [
          13.50151394,
          52.45002918
        ]
      },
      "properties": {
        "name": "Brunnen",
        "info": "Brunnentyp: Brunnen (Trinkwasserversorgung)",
        "category": "Straßenbrunnen",
        "source": "Öffentlicher Datensatz Berlins"
      }
    },
    {
      "type": "Feature",
      "geometry": {
        "type": "Point",
        "coordinates": [
          13.50287651,
          52.45178134
        ]
      },
      "properties": {
        "name": "Brunnen",
        "info": "Brunnentyp: Brunnen (Trinkwasserversorgung)",
        "category": "Straßenbrunnen",
        "source": "Öffentlicher Datensatz Berlins"
      }
    },
    {
      "type": "Feature",
      "geometry": {
        "type": "Point",
        "coordinates": [
          13.50325356,
          52.45350805
        ]
      },
      "properties": {
        "name": "Brunnen",
        "info": "Brunnentyp: Brunnen (Trinkwasserversorgung)",
        "category": "Straßenbrunnen",
        "source": "Öffentlicher Datensatz Berlins"
      }
    },
    {
      "type": "Feature",
      "geometry": {
        "type": "Point",
        "coordinates": [
          13.54139937,
          52.47199713
        ]
      },
      "properties": {
        "name": "Brunnen",
        "info": "Brunnentyp: Brunnen (Trinkwasserversorgung)",
        "category": "Straßenbrunnen",
        "source": "Öffentlicher Datensatz Berlins"
      }
    },
    {
      "type": "Feature",
      "geometry": {
        "type": "Point",
        "coordinates": [
          13.51779845,
          52.46883409
        ]
      },
      "properties": {
        "name": "Brunnen",
        "info": "Brunnentyp: Brunnen (Trinkwasserversorgung)",
        "category": "Straßenbrunnen",
        "source": "Öffentlicher Datensatz Berlins"
      }
    },
    {
      "type": "Feature",
      "geometry": {
        "type": "Point",
        "coordinates": [
          13.52063328,
          52.46804318
        ]
      },
      "properties": {
        "name": "Brunnen",
        "info": "Brunnentyp: Brunnen (Trinkwasserversorgung)",
        "category": "Straßenbrunnen",
        "source": "Öffentlicher Datensatz Berlins"
      }
    },
    {
      "type": "Feature",
      "geometry": {
        "type": "Point",
        "coordinates": [
          13.54746009,
          52.47327886
        ]
      },
      "properties": {
        "name": "Brunnen",
        "info": "Brunnentyp: Brunnen (Trinkwasserversorgung)",
        "category": "Straßenbrunnen",
        "source": "Öffentlicher Datensatz Berlins"
      }
    },
    {
      "type": "Feature",
      "geometry": {
        "type": "Point",
        "coordinates": [
          13.55711652,
          52.47277998
        ]
      },
      "properties": {
        "name": "Brunnen",
        "info": "Brunnentyp: Brunnen (Trinkwasserversorgung)",
        "category": "Straßenbrunnen",
        "source": "Öffentlicher Datensatz Berlins"
      }
    },
    {
      "type": "Feature",
      "geometry": {
        "type": "Point",
        "coordinates": [
          13.51912388,
          52.46845941
        ]
      },
      "properties": {
        "name": "Brunnen",
        "info": "Brunnentyp: Brunnen (Trinkwasserversorgung)",
        "category": "Straßenbrunnen",
        "source": "Öffentlicher Datensatz Berlins"
      }
    },
    {
      "type": "Feature",
      "geometry": {
        "type": "Point",
        "coordinates": [
          13.50834891,
          52.47529109
        ]
      },
      "properties": {
        "name": "Brunnen",
        "info": "Brunnentyp: Brunnen (Trinkwasserversorgung)",
        "category": "Straßenbrunnen",
        "source": "Öffentlicher Datensatz Berlins"
      }
    },
    {
      "type": "Feature",
      "geometry": {
        "type": "Point",
        "coordinates": [
          13.50779931,
          52.47593512
        ]
      },
      "properties": {
        "name": "Brunnen",
        "info": "Brunnentyp: Brunnen (Trinkwasserversorgung)",
        "category": "Straßenbrunnen",
        "source": "Öffentlicher Datensatz Berlins"
      }
    },
    {
      "type": "Feature",
      "geometry": {
        "type": "Point",
        "coordinates": [
          13.50025725,
          52.44907204
        ]
      },
      "properties": {
        "name": "Brunnen",
        "info": "Brunnentyp: Brunnen (Trinkwasserversorgung)",
        "category": "Straßenbrunnen",
        "source": "Öffentlicher Datensatz Berlins"
      }
    },
    {
      "type": "Feature",
      "geometry": {
        "type": "Point",
        "coordinates": [
          13.53998133,
          52.47082963
        ]
      },
      "properties": {
        "name": "Brunnen",
        "info": "Brunnentyp: Brunnen (Trinkwasserversorgung)",
        "category": "Straßenbrunnen",
        "source": "Öffentlicher Datensatz Berlins"
      }
    },
    {
      "type": "Feature",
      "geometry": {
        "type": "Point",
        "coordinates": [
          13.5197634,
          52.46827777
        ]
      },
      "properties": {
        "name": "Brunnen",
        "info": "Brunnentyp: Brunnen (Trinkwasserversorgung)",
        "category": "Straßenbrunnen",
        "source": "Öffentlicher Datensatz Berlins"
      }
    },
    {
      "type": "Feature",
      "geometry": {
        "type": "Point",
        "coordinates": [
          13.50795771,
          52.47563616
        ]
      },
      "properties": {
        "name": "Brunnen",
        "info": "Brunnentyp: Brunnen (Trinkwasserversorgung)",
        "category": "Straßenbrunnen",
        "source": "Öffentlicher Datensatz Berlins"
      }
    },
    {
      "type": "Feature",
      "geometry": {
        "type": "Point",
        "coordinates": [
          13.55754155,
          52.47276644
        ]
      },
      "properties": {
        "name": "Brunnen",
        "info": "Brunnentyp: Brunnen (Trinkwasserversorgung)",
        "category": "Straßenbrunnen",
        "source": "Öffentlicher Datensatz Berlins"
      }
    },
    {
      "type": "Feature",
      "geometry": {
        "type": "Point",
        "coordinates": [
          13.51835187,
          52.46867913
        ]
      },
      "properties": {
        "name": "Brunnen",
        "info": "Brunnentyp: Brunnen (Trinkwasserversorgung)",
        "category": "Straßenbrunnen",
        "source": "Öffentlicher Datensatz Berlins"
      }
    },
    {
      "type": "Feature",
      "geometry": {
        "type": "Point",
        "coordinates": [
          13.50938523,
          52.47440672
        ]
      },
      "properties": {
        "name": "Brunnen",
        "info": "Brunnentyp: Brunnen (Trinkwasserversorgung)",
        "category": "Straßenbrunnen",
        "source": "Öffentlicher Datensatz Berlins"
      }
    },
    {
      "type": "Feature",
      "geometry": {
        "type": "Point",
        "coordinates": [
          13.50495505,
          52.47850029
        ]
      },
      "properties": {
        "name": "Brunnen",
        "info": "Brunnentyp: Brunnen (Trinkwasserversorgung)",
        "category": "Straßenbrunnen",
        "source": "Öffentlicher Datensatz Berlins"
      }
    },
    {
      "type": "Feature",
      "geometry": {
        "type": "Point",
        "coordinates": [
          13.51222666,
          52.4718221
        ]
      },
      "properties": {
        "name": "Brunnen",
        "info": "Brunnentyp: Brunnen (Trinkwasserversorgung)",
        "category": "Straßenbrunnen",
        "source": "Öffentlicher Datensatz Berlins"
      }
    },
    {
      "type": "Feature",
      "geometry": {
        "type": "Point",
        "coordinates": [
          13.54704205,
          52.47332522
        ]
      },
      "properties": {
        "name": "Brunnen",
        "info": "Brunnentyp: Brunnen (Trinkwasserversorgung)",
        "category": "Straßenbrunnen",
        "source": "Öffentlicher Datensatz Berlins"
      }
    },
    {
      "type": "Feature",
      "geometry": {
        "type": "Point",
        "coordinates": [
          13.51982761,
          52.49723653
        ]
      },
      "properties": {
        "name": "Brunnen",
        "info": "Brunnentyp: Brunnen",
        "category": "Straßenbrunnen",
        "source": "Öffentlicher Datensatz Berlins"
      }
    },
    {
      "type": "Feature",
      "geometry": {
        "type": "Point",
        "coordinates": [
          13.53967462,
          52.47058725
        ]
      },
      "properties": {
        "name": "Brunnen",
        "info": "Brunnentyp: Brunnen (Trinkwasserversorgung)",
        "category": "Straßenbrunnen",
        "source": "Öffentlicher Datensatz Berlins"
      }
    },
    {
      "type": "Feature",
      "geometry": {
        "type": "Point",
        "coordinates": [
          13.37025843,
          52.54045504
        ]
      },
      "properties": {
        "name": "Brunnen",
        "info": "Brunnentyp: Brunnen",
        "category": "Straßenbrunnen",
        "source": "Öffentlicher Datensatz Berlins"
      }
    },
    {
      "type": "Feature",
      "geometry": {
        "type": "Point",
        "coordinates": [
          13.42738598,
          52.52095673
        ]
      },
      "properties": {
        "name": "Brunnen",
        "info": "Brunnentyp: Brunnen",
        "category": "Straßenbrunnen",
        "source": "Öffentlicher Datensatz Berlins"
      }
    },
    {
      "type": "Feature",
      "geometry": {
        "type": "Point",
        "coordinates": [
          13.51058691,
          52.49404422
        ]
      },
      "properties": {
        "name": "Brunnen",
        "info": "Brunnentyp: Brunnen",
        "category": "Straßenbrunnen",
        "source": "Öffentlicher Datensatz Berlins"
      }
    },
    {
      "type": "Feature",
      "geometry": {
        "type": "Point",
        "coordinates": [
          13.62436332,
          52.45111187
        ]
      },
      "properties": {
        "name": "Brunnen",
        "info": "Brunnentyp: Brunnen",
        "category": "Straßenbrunnen",
        "source": "Öffentlicher Datensatz Berlins"
      }
    },
    {
      "type": "Feature",
      "geometry": {
        "type": "Point",
        "coordinates": [
          13.67686458,
          52.40698558
        ]
      },
      "properties": {
        "name": "Brunnen",
        "info": "Brunnentyp: Brunnen",
        "category": "Straßenbrunnen",
        "source": "Öffentlicher Datensatz Berlins"
      }
    },
    {
      "type": "Feature",
      "geometry": {
        "type": "Point",
        "coordinates": [
          13.67699199,
          52.40628011
        ]
      },
      "properties": {
        "name": "Brunnen",
        "info": "Brunnentyp: Brunnen",
        "category": "Straßenbrunnen",
        "source": "Öffentlicher Datensatz Berlins"
      }
    },
    {
      "type": "Feature",
      "geometry": {
        "type": "Point",
        "coordinates": [
          13.39855038,
          52.51671823
        ]
      },
      "properties": {
        "name": "Brunnen",
        "info": "Brunnentyp: Brunnen",
        "category": "Straßenbrunnen",
        "source": "Öffentlicher Datensatz Berlins"
      }
    },
    {
      "type": "Feature",
      "geometry": {
        "type": "Point",
        "coordinates": [
          13.34605453,
          52.53296367
        ]
      },
      "properties": {
        "name": "Brunnen",
        "info": "Brunnentyp: Brunnen",
        "category": "Straßenbrunnen",
        "source": "Öffentlicher Datensatz Berlins"
      }
    },
    {
      "type": "Feature",
      "geometry": {
        "type": "Point",
        "coordinates": [
          13.39283435,
          52.5103257
        ]
      },
      "properties": {
        "name": "Brunnen",
        "info": "Brunnentyp: Brunnen",
        "category": "Straßenbrunnen",
        "source": "Öffentlicher Datensatz Berlins"
      }
    },
    {
      "type": "Feature",
      "geometry": {
        "type": "Point",
        "coordinates": [
          13.39350499,
          52.51037047
        ]
      },
      "properties": {
        "name": "Brunnen",
        "info": "Brunnentyp: Brunnen",
        "category": "Straßenbrunnen",
        "source": "Öffentlicher Datensatz Berlins"
      }
    },
    {
      "type": "Feature",
      "geometry": {
        "type": "Point",
        "coordinates": [
          13.39453389,
          52.54055326
        ]
      },
      "properties": {
        "name": "Brunnen",
        "info": "Brunnentyp: Brunnen",
        "category": "Straßenbrunnen",
        "source": "Öffentlicher Datensatz Berlins"
      }
    },
    {
      "type": "Feature",
      "geometry": {
        "type": "Point",
        "coordinates": [
          13.3760447,
          52.51729475
        ]
      },
      "properties": {
        "name": "Brunnen",
        "info": "Brunnentyp: Brunnen",
        "category": "Straßenbrunnen",
        "source": "Öffentlicher Datensatz Berlins"
      }
    },
    {
      "type": "Feature",
      "geometry": {
        "type": "Point",
        "coordinates": [
          13.34696537,
          52.52298255
        ]
      },
      "properties": {
        "name": "Brunnen",
        "info": "Brunnentyp: Brunnen",
        "category": "Straßenbrunnen",
        "source": "Öffentlicher Datensatz Berlins"
      }
    },
    {
      "type": "Feature",
      "geometry": {
        "type": "Point",
        "coordinates": [
          13.39310352,
          52.54368691
        ]
      },
      "properties": {
        "name": "Brunnen",
        "info": "Brunnentyp: Brunnen",
        "category": "Straßenbrunnen",
        "source": "Öffentlicher Datensatz Berlins"
      }
    },
    {
      "type": "Feature",
      "geometry": {
        "type": "Point",
        "coordinates": [
          13.34591191,
          52.51582347
        ]
      },
      "properties": {
        "name": "Brunnen",
        "info": "Brunnentyp: Brunnen",
        "category": "Straßenbrunnen",
        "source": "Öffentlicher Datensatz Berlins"
      }
    },
    {
      "type": "Feature",
      "geometry": {
        "type": "Point",
        "coordinates": [
          13.34339078,
          52.50478346
        ]
      },
      "properties": {
        "name": "Brunnen",
        "info": "Brunnentyp: Brunnen",
        "category": "Straßenbrunnen",
        "source": "Öffentlicher Datensatz Berlins"
      }
    },
    {
      "type": "Feature",
      "geometry": {
        "type": "Point",
        "coordinates": [
          13.33919595,
          52.50695285
        ]
      },
      "properties": {
        "name": "Brunnen",
        "info": "Brunnentyp: Brunnen",
        "category": "Straßenbrunnen",
        "source": "Öffentlicher Datensatz Berlins"
      }
    },
    {
      "type": "Feature",
      "geometry": {
        "type": "Point",
        "coordinates": [
          13.34161358,
          52.5061929
        ]
      },
      "properties": {
        "name": "Brunnen",
        "info": "Brunnentyp: Brunnen",
        "category": "Straßenbrunnen",
        "source": "Öffentlicher Datensatz Berlins"
      }
    },
    {
      "type": "Feature",
      "geometry": {
        "type": "Point",
        "coordinates": [
          13.3778591,
          52.48105576
        ]
      },
      "properties": {
        "name": "Brunnen",
        "info": "Brunnentyp: Brunnen",
        "category": "Straßenbrunnen",
        "source": "Öffentlicher Datensatz Berlins"
      }
    },
    {
      "type": "Feature",
      "geometry": {
        "type": "Point",
        "coordinates": [
          13.35461554,
          52.49819317
        ]
      },
      "properties": {
        "name": "Brunnen",
        "info": "Brunnentyp: Brunnen",
        "category": "Straßenbrunnen",
        "source": "Öffentlicher Datensatz Berlins"
      }
    },
    {
      "type": "Feature",
      "geometry": {
        "type": "Point",
        "coordinates": [
          13.3631566,
          52.49575813
        ]
      },
      "properties": {
        "name": "Brunnen",
        "info": "Brunnentyp: Brunnen",
        "category": "Straßenbrunnen",
        "source": "Öffentlicher Datensatz Berlins"
      }
    },
    {
      "type": "Feature",
      "geometry": {
        "type": "Point",
        "coordinates": [
          13.35705825,
          52.48648964
        ]
      },
      "properties": {
        "name": "Brunnen",
        "info": "Brunnentyp: Brunnen",
        "category": "Straßenbrunnen",
        "source": "Öffentlicher Datensatz Berlins"
      }
    },
    {
      "type": "Feature",
      "geometry": {
        "type": "Point",
        "coordinates": [
          13.36754968,
          52.45654561
        ]
      },
      "properties": {
        "name": "Brunnen",
        "info": "Brunnentyp: Brunnen",
        "category": "Straßenbrunnen",
        "source": "Öffentlicher Datensatz Berlins"
      }
    },
    {
      "type": "Feature",
      "geometry": {
        "type": "Point",
        "coordinates": [
          13.17328922,
          52.46307832
        ]
      },
      "properties": {
        "name": "Brunnen",
        "info": "Brunnentyp: Brunnen (Trinkwasserversorgung)",
        "category": "Straßenbrunnen",
        "source": "Öffentlicher Datensatz Berlins"
      }
    },
    {
      "type": "Feature",
      "geometry": {
        "type": "Point",
        "coordinates": [
          13.17416753,
          52.46345261
        ]
      },
      "properties": {
        "name": "Brunnen",
        "info": "Brunnentyp: Brunnen (Trinkwasserversorgung)",
        "category": "Straßenbrunnen",
        "source": "Öffentlicher Datensatz Berlins"
      }
    },
    {
      "type": "Feature",
      "geometry": {
        "type": "Point",
        "coordinates": [
          13.17505254,
          52.46378045
        ]
      },
      "properties": {
        "name": "Brunnen",
        "info": "Brunnentyp: Brunnen (Trinkwasserversorgung)",
        "category": "Straßenbrunnen",
        "source": "Öffentlicher Datensatz Berlins"
      }
    },
    {
      "type": "Feature",
      "geometry": {
        "type": "Point",
        "coordinates": [
          13.17587512,
          52.46415968
        ]
      },
      "properties": {
        "name": "Brunnen",
        "info": "Brunnentyp: Brunnen (Trinkwasserversorgung)",
        "category": "Straßenbrunnen",
        "source": "Öffentlicher Datensatz Berlins"
      }
    },
    {
      "type": "Feature",
      "geometry": {
        "type": "Point",
        "coordinates": [
          13.2404815,
          52.45532304
        ]
      },
      "properties": {
        "name": "Brunnen",
        "info": "Brunnentyp: Brunnen (Trinkwasserversorgung)",
        "category": "Straßenbrunnen",
        "source": "Öffentlicher Datensatz Berlins"
      }
    },
    {
      "type": "Feature",
      "geometry": {
        "type": "Point",
        "coordinates": [
          13.57295972,
          52.54280864
        ]
      },
      "properties": {
        "name": "Brunnen",
        "info": "Brunnentyp: Brunnen",
        "category": "Straßenbrunnen",
        "source": "Öffentlicher Datensatz Berlins"
      }
    },
    {
      "type": "Feature",
      "geometry": {
        "type": "Point",
        "coordinates": [
          13.57359215,
          52.54266647
        ]
      },
      "properties": {
        "name": "Brunnen",
        "info": "Brunnentyp: Brunnen",
        "category": "Straßenbrunnen",
        "source": "Öffentlicher Datensatz Berlins"
      }
    },
    {
      "type": "Feature",
      "geometry": {
        "type": "Point",
        "coordinates": [
          13.54350565,
          52.52519491
        ]
      },
      "properties": {
        "name": "Brunnen",
        "info": "Brunnentyp: Brunnen",
        "category": "Straßenbrunnen",
        "source": "Öffentlicher Datensatz Berlins"
      }
    },
    {
      "type": "Feature",
      "geometry": {
        "type": "Point",
        "coordinates": [
          13.55185143,
          52.5453906
        ]
      },
      "properties": {
        "name": "Brunnen",
        "info": "Brunnentyp: Brunnen",
        "category": "Straßenbrunnen",
        "source": "Öffentlicher Datensatz Berlins"
      }
    },
    {
      "type": "Feature",
      "geometry": {
        "type": "Point",
        "coordinates": [
          13.52186365,
          52.50803561
        ]
      },
      "properties": {
        "name": "Brunnen",
        "info": "Brunnentyp: Brunnen",
        "category": "Straßenbrunnen",
        "source": "Öffentlicher Datensatz Berlins"
      }
    },
    {
      "type": "Feature",
      "geometry": {
        "type": "Point",
        "coordinates": [
          13.43744854,
          52.51516536
        ]
      },
      "properties": {
        "name": "Brunnen",
        "info": "Brunnentyp: Brunnen",
        "category": "Straßenbrunnen",
        "source": "Öffentlicher Datensatz Berlins"
      }
    },
    {
      "type": "Feature",
      "geometry": {
        "type": "Point",
        "coordinates": [
          13.43809956,
          52.51488212
        ]
      },
      "properties": {
        "name": "Brunnen",
        "info": "Brunnentyp: Brunnen",
        "category": "Straßenbrunnen",
        "source": "Öffentlicher Datensatz Berlins"
      }
    },
    {
      "type": "Feature",
      "geometry": {
        "type": "Point",
        "coordinates": [
          13.46448491,
          52.51059228
        ]
      },
      "properties": {
        "name": "Brunnen",
        "info": "Brunnentyp: Brunnen",
        "category": "Straßenbrunnen",
        "source": "Öffentlicher Datensatz Berlins"
      }
    },
    {
      "type": "Feature",
      "geometry": {
        "type": "Point",
        "coordinates": [
          13.42940282,
          52.54785641
        ]
      },
      "properties": {
        "name": "Brunnen",
        "info": "Brunnentyp: Brunnen",
        "category": "Straßenbrunnen",
        "source": "Öffentlicher Datensatz Berlins"
      }
    },
    {
      "type": "Feature",
      "geometry": {
        "type": "Point",
        "coordinates": [
          13.50017312,
          52.52654547
        ]
      },
      "properties": {
        "name": "Brunnen",
        "info": "Brunnentyp: Brunnen",
        "category": "Straßenbrunnen",
        "source": "Öffentlicher Datensatz Berlins"
      }
    },
    {
      "type": "Feature",
      "geometry": {
        "type": "Point",
        "coordinates": [
          13.41127368,
          52.55166778
        ]
      },
      "properties": {
        "name": "Brunnen",
        "info": "Brunnentyp: Brunnen",
        "category": "Straßenbrunnen",
        "source": "Öffentlicher Datensatz Berlins"
      }
    },
    {
      "type": "Feature",
      "geometry": {
        "type": "Point",
        "coordinates": [
          13.3467156,
          52.56004145
        ]
      },
      "properties": {
        "name": "Brunnen",
        "info": "Brunnentyp: Brunnen",
        "category": "Straßenbrunnen",
        "source": "Öffentlicher Datensatz Berlins"
      }
    },
    {
      "type": "Feature",
      "geometry": {
        "type": "Point",
        "coordinates": [
          13.35290262,
          52.59781231
        ]
      },
      "properties": {
        "name": "Brunnen",
        "info": "Brunnentyp: Brunnen",
        "category": "Straßenbrunnen",
        "source": "Öffentlicher Datensatz Berlins"
      }
    },
    {
      "type": "Feature",
      "geometry": {
        "type": "Point",
        "coordinates": [
          13.36512856,
          52.5632982
        ]
      },
      "properties": {
        "name": "Brunnen",
        "info": "Brunnentyp: Brunnen",
        "category": "Straßenbrunnen",
        "source": "Öffentlicher Datensatz Berlins"
      }
    },
    {
      "type": "Feature",
      "geometry": {
        "type": "Point",
        "coordinates": [
          13.30238554,
          52.49942503
        ]
      },
      "properties": {
        "name": "Brunnen",
        "info": "Brunnentyp: Brunnen",
        "category": "Straßenbrunnen",
        "source": "Öffentlicher Datensatz Berlins"
      }
    },
    {
      "type": "Feature",
      "geometry": {
        "type": "Point",
        "coordinates": [
          13.342374,
          52.4491929
        ]
      },
      "properties": {
        "name": "Brunnen",
        "info": "Brunnentyp: Brunnen",
        "category": "Straßenbrunnen",
        "source": "Öffentlicher Datensatz Berlins"
      }
    },
    {
      "type": "Feature",
      "geometry": {
        "type": "Point",
        "coordinates": [
          13.3543949,
          52.59608129
        ]
      },
      "properties": {
        "name": "Brunnen",
        "info": "Brunnentyp: Brunnen",
        "category": "Straßenbrunnen",
        "source": "Öffentlicher Datensatz Berlins"
      }
    },
    {
      "type": "Feature",
      "geometry": {
        "type": "Point",
        "coordinates": [
          13.3845674,
          52.46331331
        ]
      },
      "properties": {
        "name": "Brunnen",
        "info": "Brunnentyp: Brunnen",
        "category": "Straßenbrunnen",
        "source": "Öffentlicher Datensatz Berlins"
      }
    },
    {
      "type": "Feature",
      "geometry": {
        "type": "Point",
        "coordinates": [
          13.44120592,
          52.55846307
        ]
      },
      "properties": {
        "name": "Brunnen",
        "info": "Brunnentyp: Brunnen",
        "category": "Straßenbrunnen",
        "source": "Öffentlicher Datensatz Berlins"
      }
    },
    {
      "type": "Feature",
      "geometry": {
        "type": "Point",
        "coordinates": [
          13.39747782,
          52.52593688
        ]
      },
      "properties": {
        "name": "Brunnen",
        "info": "Brunnentyp: Brunnen",
        "category": "Straßenbrunnen",
        "source": "Öffentlicher Datensatz Berlins"
      }
    },
    {
      "type": "Feature",
      "geometry": {
        "type": "Point",
        "coordinates": [
          13.40184513,
          52.54633073
        ]
      },
      "properties": {
        "name": "Brunnen",
        "info": "Brunnentyp: Brunnen",
        "category": "Straßenbrunnen",
        "source": "Öffentlicher Datensatz Berlins"
      }
    },
    {
      "type": "Feature",
      "geometry": {
        "type": "Point",
        "coordinates": [
          13.38756563,
          52.53109436
        ]
      },
      "properties": {
        "name": "Brunnen",
        "info": "Brunnentyp: Brunnen",
        "category": "Straßenbrunnen",
        "source": "Öffentlicher Datensatz Berlins"
      }
    },
    {
      "type": "Feature",
      "geometry": {
        "type": "Point",
        "coordinates": [
          13.3988508,
          52.52041456
        ]
      },
      "properties": {
        "name": "Brunnen",
        "info": "Brunnentyp: Brunnen",
        "category": "Straßenbrunnen",
        "source": "Öffentlicher Datensatz Berlins"
      }
    },
    {
      "type": "Feature",
      "geometry": {
        "type": "Point",
        "coordinates": [
          13.37953112,
          52.46391589
        ]
      },
      "properties": {
        "name": "Brunnen",
        "info": "Brunnentyp: Brunnen",
        "category": "Straßenbrunnen",
        "source": "Öffentlicher Datensatz Berlins"
      }
    },
    {
      "type": "Feature",
      "geometry": {
        "type": "Point",
        "coordinates": [
          13.37606449,
          52.52456229
        ]
      },
      "properties": {
        "name": "Brunnen",
        "info": "Brunnentyp: Brunnen",
        "category": "Straßenbrunnen",
        "source": "Öffentlicher Datensatz Berlins"
      }
    },
    {
      "type": "Feature",
      "geometry": {
        "type": "Point",
        "coordinates": [
          13.34641415,
          52.53934303
        ]
      },
      "properties": {
        "name": "Brunnen",
        "info": "Brunnentyp: Brunnen",
        "category": "Straßenbrunnen",
        "source": "Öffentlicher Datensatz Berlins"
      }
    },
    {
      "type": "Feature",
      "geometry": {
        "type": "Point",
        "coordinates": [
          13.47263241,
          52.52620255
        ]
      },
      "properties": {
        "name": "Brunnen",
        "info": "Brunnentyp: Brunnen",
        "category": "Straßenbrunnen",
        "source": "Öffentlicher Datensatz Berlins"
      }
    },
    {
      "type": "Feature",
      "geometry": {
        "type": "Point",
        "coordinates": [
          13.42359308,
          52.51695595
        ]
      },
      "properties": {
        "name": "Brunnen",
        "info": "Brunnentyp: Brunnen",
        "category": "Straßenbrunnen",
        "source": "Öffentlicher Datensatz Berlins"
      }
    },
    {
      "type": "Feature",
      "geometry": {
        "type": "Point",
        "coordinates": [
          13.36491064,
          52.53271617
        ]
      },
      "properties": {
        "name": "Brunnen",
        "info": "Brunnentyp: Brunnen",
        "category": "Straßenbrunnen",
        "source": "Öffentlicher Datensatz Berlins"
      }
    },
    {
      "type": "Feature",
      "geometry": {
        "type": "Point",
        "coordinates": [
          13.36682716,
          52.53331595
        ]
      },
      "properties": {
        "name": "Brunnen",
        "info": "Brunnentyp: Brunnen",
        "category": "Straßenbrunnen",
        "source": "Öffentlicher Datensatz Berlins"
      }
    },
    {
      "type": "Feature",
      "geometry": {
        "type": "Point",
        "coordinates": [
          13.52692361,
          52.40344017
        ]
      },
      "properties": {
        "name": "Brunnen",
        "info": "Brunnentyp: Brunnen",
        "category": "Straßenbrunnen",
        "source": "Öffentlicher Datensatz Berlins"
      }
    },
    {
      "type": "Feature",
      "geometry": {
        "type": "Point",
        "coordinates": [
          13.60671052,
          52.54060787
        ]
      },
      "properties": {
        "name": "Brunnen",
        "info": "Brunnentyp: Brunnen",
        "category": "Straßenbrunnen",
        "source": "Öffentlicher Datensatz Berlins"
      }
    },
    {
      "type": "Feature",
      "geometry": {
        "type": "Point",
        "coordinates": [
          13.59118052,
          52.52129541
        ]
      },
      "properties": {
        "name": "Brunnen",
        "info": "Brunnentyp: Brunnen",
        "category": "Straßenbrunnen",
        "source": "Öffentlicher Datensatz Berlins"
      }
    },
    {
      "type": "Feature",
      "geometry": {
        "type": "Point",
        "coordinates": [
          13.59554742,
          52.54180117
        ]
      },
      "properties": {
        "name": "Brunnen",
        "info": "Brunnentyp: Brunnen",
        "category": "Straßenbrunnen",
        "source": "Öffentlicher Datensatz Berlins"
      }
    },
    {
      "type": "Feature",
      "geometry": {
        "type": "Point",
        "coordinates": [
          13.56247727,
          52.55204043
        ]
      },
      "properties": {
        "name": "Brunnen",
        "info": "Brunnentyp: Brunnen",
        "category": "Straßenbrunnen",
        "source": "Öffentlicher Datensatz Berlins"
      }
    },
    {
      "type": "Feature",
      "geometry": {
        "type": "Point",
        "coordinates": [
          13.33767323,
          52.50746136
        ]
      },
      "properties": {
        "name": "Brunnen",
        "info": "Brunnentyp: Brunnen",
        "category": "Straßenbrunnen",
        "source": "Öffentlicher Datensatz Berlins"
      }
    },
    {
      "type": "Feature",
      "geometry": {
        "type": "Point",
        "coordinates": [
          13.44431229,
          52.4978913
        ]
      },
      "properties": {
        "name": "Brunnen",
        "info": "Brunnentyp: Brunnen",
        "category": "Straßenbrunnen",
        "source": "Öffentlicher Datensatz Berlins"
      }
    },
    {
      "type": "Feature",
      "geometry": {
        "type": "Point",
        "coordinates": [
          13.47613603,
          52.48825956
        ]
      },
      "properties": {
        "name": "Brunnen",
        "info": "Brunnentyp: Brunnen",
        "category": "Straßenbrunnen",
        "source": "Öffentlicher Datensatz Berlins"
      }
    },
    {
      "type": "Feature",
      "geometry": {
        "type": "Point",
        "coordinates": [
          13.54761863,
          52.46091168
        ]
      },
      "properties": {
        "name": "Brunnen",
        "info": "Brunnentyp: Brunnen",
        "category": "Straßenbrunnen",
        "source": "Öffentlicher Datensatz Berlins"
      }
    },
    {
      "type": "Feature",
      "geometry": {
        "type": "Point",
        "coordinates": [
          13.55629264,
          52.5529761
        ]
      },
      "properties": {
        "name": "Brunnen",
        "info": "Brunnentyp: Brunnen",
        "category": "Straßenbrunnen",
        "source": "Öffentlicher Datensatz Berlins"
      }
    },
    {
      "type": "Feature",
      "geometry": {
        "type": "Point",
        "coordinates": [
          13.61168599,
          52.54138058
        ]
      },
      "properties": {
        "name": "Brunnen",
        "info": "Brunnentyp: Brunnen",
        "category": "Straßenbrunnen",
        "source": "Öffentlicher Datensatz Berlins"
      }
    },
    {
      "type": "Feature",
      "geometry": {
        "type": "Point",
        "coordinates": [
          13.56866198,
          52.52757209
        ]
      },
      "properties": {
        "name": "Brunnen",
        "info": "Brunnentyp: Brunnen",
        "category": "Straßenbrunnen",
        "source": "Öffentlicher Datensatz Berlins"
      }
    },
    {
      "type": "Feature",
      "geometry": {
        "type": "Point",
        "coordinates": [
          13.44367846,
          52.51565627
        ]
      },
      "properties": {
        "name": "Brunnen",
        "info": "Brunnentyp: Wasseranlage",
        "category": "Straßenbrunnen",
        "source": "Öffentlicher Datensatz Berlins"
      }
    },
    {
      "type": "Feature",
      "geometry": {
        "type": "Point",
        "coordinates": [
          13.43433198,
          52.52490075
        ]
      },
      "properties": {
        "name": "Brunnen",
        "info": "Brunnentyp: Wasseranlage",
        "category": "Straßenbrunnen",
        "source": "Öffentlicher Datensatz Berlins"
      }
    },
    {
      "type": "Feature",
      "geometry": {
        "type": "Point",
        "coordinates": [
          13.43351325,
          52.52729366
        ]
      },
      "properties": {
        "name": "Brunnen",
        "info": "Brunnentyp: Wasseranlage",
        "category": "Straßenbrunnen",
        "source": "Öffentlicher Datensatz Berlins"
      }
    },
    {
      "type": "Feature",
      "geometry": {
        "type": "Point",
        "coordinates": [
          13.44411237,
          52.49502472
        ]
      },
      "properties": {
        "name": "Brunnen",
        "info": "Brunnentyp: Wasseranlage",
        "category": "Straßenbrunnen",
        "source": "Öffentlicher Datensatz Berlins"
      }
    },
    {
      "type": "Feature",
      "geometry": {
        "type": "Point",
        "coordinates": [
          13.38187708,
          52.48875777
        ]
      },
      "properties": {
        "name": "Brunnen",
        "info": "Brunnentyp: Wasseranlage",
        "category": "Straßenbrunnen",
        "source": "Öffentlicher Datensatz Berlins"
      }
    },
    {
      "type": "Feature",
      "geometry": {
        "type": "Point",
        "coordinates": [
          13.3831292,
          52.48767902
        ]
      },
      "properties": {
        "name": "Brunnen",
        "info": "Brunnentyp: Wasseranlage",
        "category": "Straßenbrunnen",
        "source": "Öffentlicher Datensatz Berlins"
      }
    },
    {
      "type": "Feature",
      "geometry": {
        "type": "Point",
        "coordinates": [
          13.43491066,
          52.52646217
        ]
      },
      "properties": {
        "name": "Brunnen",
        "info": "Brunnentyp: Wasseranlage",
        "category": "Straßenbrunnen",
        "source": "Öffentlicher Datensatz Berlins"
      }
    },
    {
      "type": "Feature",
      "geometry": {
        "type": "Point",
        "coordinates": [
          13.44079261,
          52.49624774
        ]
      },
      "properties": {
        "name": "Brunnen",
        "info": "Brunnentyp: Wasseranlage",
        "category": "Straßenbrunnen",
        "source": "Öffentlicher Datensatz Berlins"
      }
    },
    {
      "type": "Feature",
      "geometry": {
        "type": "Point",
        "coordinates": [
          13.47400013,
          52.52829908
        ]
      },
      "properties": {
        "name": "Brunnen",
        "info": "Brunnentyp: Wasseranlage",
        "category": "Straßenbrunnen",
        "source": "Öffentlicher Datensatz Berlins"
      }
    },
    {
      "type": "Feature",
      "geometry": {
        "type": "Point",
        "coordinates": [
          13.41829194,
          52.50581435
        ]
      },
      "properties": {
        "name": "Brunnen",
        "info": "Brunnentyp: Wasseranlage",
        "category": "Straßenbrunnen",
        "source": "Öffentlicher Datensatz Berlins"
      }
    },
    {
      "type": "Feature",
      "geometry": {
        "type": "Point",
        "coordinates": [
          13.39863515,
          52.51809739
        ]
      },
      "properties": {
        "name": "Brunnen",
        "info": "Brunnentyp: Wasseranlage",
        "category": "Straßenbrunnen",
        "source": "Öffentlicher Datensatz Berlins"
      }
    },
    {
      "type": "Feature",
      "geometry": {
        "type": "Point",
        "coordinates": [
          13.46275,
          52.55469404
        ]
      },
      "properties": {
        "name": "Brunnen",
        "info": "Brunnentyp: Wasseranlage",
        "category": "Straßenbrunnen",
        "source": "Öffentlicher Datensatz Berlins"
      }
    },
    {
      "type": "Feature",
      "geometry": {
        "type": "Point",
        "coordinates": [
          13.40188468,
          52.54628315
        ]
      },
      "properties": {
        "name": "Brunnen",
        "info": "Brunnentyp: Wasseranlage",
        "category": "Straßenbrunnen",
        "source": "Öffentlicher Datensatz Berlins"
      }
    },
    {
      "type": "Feature",
      "geometry": {
        "type": "Point",
        "coordinates": [
          13.434583,
          52.53877804
        ]
      },
      "properties": {
        "name": "Brunnen",
        "info": "Brunnentyp: Wasseranlage",
        "category": "Straßenbrunnen",
        "source": "Öffentlicher Datensatz Berlins"
      }
    },
    {
      "type": "Feature",
      "geometry": {
        "type": "Point",
        "coordinates": [
          13.34806494,
          52.60189153
        ]
      },
      "properties": {
        "name": "Brunnen",
        "info": "Brunnentyp: Wasseranlage",
        "category": "Straßenbrunnen",
        "source": "Öffentlicher Datensatz Berlins"
      }
    },
    {
      "type": "Feature",
      "geometry": {
        "type": "Point",
        "coordinates": [
          13.30721579,
          52.50069538
        ]
      },
      "properties": {
        "name": "Brunnen",
        "info": "Brunnentyp: Zierbrunnen",
        "category": "Straßenbrunnen",
        "source": "Öffentlicher Datensatz Berlins"
      }
    },
    {
      "type": "Feature",
      "geometry": {
        "type": "Point",
        "coordinates": [
          13.25648603,
          52.51884948
        ]
      },
      "properties": {
        "name": "Brunnen",
        "info": "Brunnentyp: Zierbrunnen",
        "category": "Straßenbrunnen",
        "source": "Öffentlicher Datensatz Berlins"
      }
    },
    {
      "type": "Feature",
      "geometry": {
        "type": "Point",
        "coordinates": [
          13.28961202,
          52.50924498
        ]
      },
      "properties": {
        "name": "Brunnen",
        "info": "Brunnentyp: Zierbrunnen",
        "category": "Straßenbrunnen",
        "source": "Öffentlicher Datensatz Berlins"
      }
    },
    {
      "type": "Feature",
      "geometry": {
        "type": "Point",
        "coordinates": [
          13.28917354,
          52.50335253
        ]
      },
      "properties": {
        "name": "Brunnen",
        "info": "Brunnentyp: Zierbrunnen",
        "category": "Straßenbrunnen",
        "source": "Öffentlicher Datensatz Berlins"
      }
    },
    {
      "type": "Feature",
      "geometry": {
        "type": "Point",
        "coordinates": [
          13.31330761,
          52.49952446
        ]
      },
      "properties": {
        "name": "Brunnen",
        "info": "Brunnentyp: Zierbrunnen",
        "category": "Straßenbrunnen",
        "source": "Öffentlicher Datensatz Berlins"
      }
    },
    {
      "type": "Feature",
      "geometry": {
        "type": "Point",
        "coordinates": [
          13.27215566,
          52.5093613
        ]
      },
      "properties": {
        "name": "Brunnen",
        "info": "Brunnentyp: Zierbrunnen",
        "category": "Straßenbrunnen",
        "source": "Öffentlicher Datensatz Berlins"
      }
    },
    {
      "type": "Feature",
      "geometry": {
        "type": "Point",
        "coordinates": [
          13.30479701,
          52.52615264
        ]
      },
      "properties": {
        "name": "Brunnen",
        "info": "Brunnentyp: Zierbrunnen",
        "category": "Straßenbrunnen",
        "source": "Öffentlicher Datensatz Berlins"
      }
    },
    {
      "type": "Feature",
      "geometry": {
        "type": "Point",
        "coordinates": [
          13.32063528,
          52.4977766
        ]
      },
      "properties": {
        "name": "Brunnen",
        "info": "Brunnentyp: Zierbrunnen",
        "category": "Straßenbrunnen",
        "source": "Öffentlicher Datensatz Berlins"
      }
    },
    {
      "type": "Feature",
      "geometry": {
        "type": "Point",
        "coordinates": [
          13.26333288,
          52.48411707
        ]
      },
      "properties": {
        "name": "Brunnen",
        "info": "Brunnentyp: Zierbrunnen",
        "category": "Straßenbrunnen",
        "source": "Öffentlicher Datensatz Berlins"
      }
    },
    {
      "type": "Feature",
      "geometry": {
        "type": "Point",
        "coordinates": [
          13.32649664,
          52.49428989
        ]
      },
      "properties": {
        "name": "Brunnen",
        "info": "Brunnentyp: Zierbrunnen",
        "category": "Straßenbrunnen",
        "source": "Öffentlicher Datensatz Berlins"
      }
    },
    {
      "type": "Feature",
      "geometry": {
        "type": "Point",
        "coordinates": [
          13.2951471,
          52.47930705
        ]
      },
      "properties": {
        "name": "Brunnen",
        "info": "Brunnentyp: Zierbrunnen",
        "category": "Straßenbrunnen",
        "source": "Öffentlicher Datensatz Berlins"
      }
    },
    {
      "type": "Feature",
      "geometry": {
        "type": "Point",
        "coordinates": [
          13.33650166,
          52.50464257
        ]
      },
      "properties": {
        "name": "Brunnen",
        "info": "Brunnentyp: Zierbrunnen",
        "category": "Straßenbrunnen",
        "source": "Öffentlicher Datensatz Berlins"
      }
    },
    {
      "type": "Feature",
      "geometry": {
        "type": "Point",
        "coordinates": [
          13.26333051,
          52.48411521
        ]
      },
      "properties": {
        "name": "Brunnen",
        "info": "Brunnentyp: Zierbrunnen",
        "category": "Straßenbrunnen",
        "source": "Öffentlicher Datensatz Berlins"
      }
    },
    {
      "type": "Feature",
      "geometry": {
        "type": "Point",
        "coordinates": [
          13.32868526,
          52.49319794
        ]
      },
      "properties": {
        "name": "Brunnen",
        "info": "Brunnentyp: Zierbrunnen",
        "category": "Straßenbrunnen",
        "source": "Öffentlicher Datensatz Berlins"
      }
    },
    {
      "type": "Feature",
      "geometry": {
        "type": "Point",
        "coordinates": [
          13.33304941,
          52.49318215
        ]
      },
      "properties": {
        "name": "Brunnen",
        "info": "Brunnentyp: Zierbrunnen",
        "category": "Straßenbrunnen",
        "source": "Öffentlicher Datensatz Berlins"
      }
    },
    {
      "type": "Feature",
      "geometry": {
        "type": "Point",
        "coordinates": [
          13.31524598,
          52.47311668
        ]
      },
      "properties": {
        "name": "Brunnen",
        "info": "Brunnentyp: Zierbrunnen",
        "category": "Straßenbrunnen",
        "source": "Öffentlicher Datensatz Berlins"
      }
    },
    {
      "type": "Feature",
      "geometry": {
        "type": "Point",
        "coordinates": [
          13.31962677,
          52.48933033
        ]
      },
      "properties": {
        "name": "Brunnen",
        "info": "Brunnentyp: Zierbrunnen",
        "category": "Straßenbrunnen",
        "source": "Öffentlicher Datensatz Berlins"
      }
    },
    {
      "type": "Feature",
      "geometry": {
        "type": "Point",
        "coordinates": [
          13.29132949,
          52.49671438
        ]
      },
      "properties": {
        "name": "Brunnen",
        "info": "Brunnentyp: Zierbrunnen",
        "category": "Straßenbrunnen",
        "source": "Öffentlicher Datensatz Berlins"
      }
    },
    {
      "type": "Feature",
      "geometry": {
        "type": "Point",
        "coordinates": [
          13.32702155,
          52.49850368
        ]
      },
      "properties": {
        "name": "Brunnen",
        "info": "Brunnentyp: Zierbrunnen",
        "category": "Straßenbrunnen",
        "source": "Öffentlicher Datensatz Berlins"
      }
    },
    {
      "type": "Feature",
      "geometry": {
        "type": "Point",
        "coordinates": [
          13.31355343,
          52.50189881
        ]
      },
      "properties": {
        "name": "Brunnen",
        "info": "Brunnentyp: Zierbrunnen",
        "category": "Straßenbrunnen",
        "source": "Öffentlicher Datensatz Berlins"
      }
    },
    {
      "type": "Feature",
      "geometry": {
        "type": "Point",
        "coordinates": [
          13.30239278,
          52.49942714
        ]
      },
      "properties": {
        "name": "Brunnen",
        "info": "Brunnentyp: Zierbrunnen",
        "category": "Straßenbrunnen",
        "source": "Öffentlicher Datensatz Berlins"
      }
    },
    {
      "type": "Feature",
      "geometry": {
        "type": "Point",
        "coordinates": [
          13.32216099,
          52.51261732
        ]
      },
      "properties": {
        "name": "Brunnen",
        "info": "Brunnentyp: Zierbrunnen",
        "category": "Straßenbrunnen",
        "source": "Öffentlicher Datensatz Berlins"
      }
    },
    {
      "type": "Feature",
      "geometry": {
        "type": "Point",
        "coordinates": [
          13.32334147,
          52.510693
        ]
      },
      "properties": {
        "name": "Brunnen",
        "info": "Brunnentyp: Zierbrunnen",
        "category": "Straßenbrunnen",
        "source": "Öffentlicher Datensatz Berlins"
      }
    },
    {
      "type": "Feature",
      "geometry": {
        "type": "Point",
        "coordinates": [
          13.31270193,
          52.50083097
        ]
      },
      "properties": {
        "name": "Brunnen",
        "info": "Brunnentyp: Zierbrunnen",
        "category": "Straßenbrunnen",
        "source": "Öffentlicher Datensatz Berlins"
      }
    },
    {
      "type": "Feature",
      "geometry": {
        "type": "Point",
        "coordinates": [
          13.29487282,
          52.51323227
        ]
      },
      "properties": {
        "name": "Brunnen",
        "info": "Brunnentyp: Zierbrunnen",
        "category": "Straßenbrunnen",
        "source": "Öffentlicher Datensatz Berlins"
      }
    },
    {
      "type": "Feature",
      "geometry": {
        "type": "Point",
        "coordinates": [
          13.30634979,
          52.50776339
        ]
      },
      "properties": {
        "name": "Brunnen",
        "info": "Brunnentyp: Zierbrunnen",
        "category": "Straßenbrunnen",
        "source": "Öffentlicher Datensatz Berlins"
      }
    },
    {
      "type": "Feature",
      "geometry": {
        "type": "Point",
        "coordinates": [
          13.33107338,
          52.50016518
        ]
      },
      "properties": {
        "name": "Brunnen",
        "info": "Brunnentyp: Zierbrunnen",
        "category": "Straßenbrunnen",
        "source": "Öffentlicher Datensatz Berlins"
      }
    },
    {
      "type": "Feature",
      "geometry": {
        "type": "Point",
        "coordinates": [
          13.3080258,
          52.50327661
        ]
      },
      "properties": {
        "name": "Brunnen",
        "info": "Brunnentyp: Zierbrunnen",
        "category": "Straßenbrunnen",
        "source": "Öffentlicher Datensatz Berlins"
      }
    },
    {
      "type": "Feature",
      "geometry": {
        "type": "Point",
        "coordinates": [
          13.42677581,
          52.52795209
        ]
      },
      "properties": {
        "name": "Brunnen",
        "info": "Brunnentyp: Zierbrunnen",
        "category": "Straßenbrunnen",
        "source": "Öffentlicher Datensatz Berlins"
      }
    },
    {
      "type": "Feature",
      "geometry": {
        "type": "Point",
        "coordinates": [
          13.43042167,
          52.52372816
        ]
      },
      "properties": {
        "name": "Brunnen",
        "info": "Brunnentyp: Zierbrunnen",
        "category": "Straßenbrunnen",
        "source": "Öffentlicher Datensatz Berlins"
      }
    },
    {
      "type": "Feature",
      "geometry": {
        "type": "Point",
        "coordinates": [
          13.46998298,
          52.51094617
        ]
      },
      "properties": {
        "name": "Brunnen",
        "info": "Brunnentyp: Zierbrunnen",
        "category": "Straßenbrunnen",
        "source": "Öffentlicher Datensatz Berlins"
      }
    },
    {
      "type": "Feature",
      "geometry": {
        "type": "Point",
        "coordinates": [
          13.45053506,
          52.52123857
        ]
      },
      "properties": {
        "name": "Brunnen",
        "info": "Brunnentyp: Zierbrunnen",
        "category": "Straßenbrunnen",
        "source": "Öffentlicher Datensatz Berlins"
      }
    },
    {
      "type": "Feature",
      "geometry": {
        "type": "Point",
        "coordinates": [
          13.43810287,
          52.51488404
        ]
      },
      "properties": {
        "name": "Brunnen",
        "info": "Brunnentyp: Zierbrunnen",
        "category": "Straßenbrunnen",
        "source": "Öffentlicher Datensatz Berlins"
      }
    },
    {
      "type": "Feature",
      "geometry": {
        "type": "Point",
        "coordinates": [
          13.4130661,
          52.49208926
        ]
      },
      "properties": {
        "name": "Brunnen",
        "info": "Brunnentyp: Zierbrunnen",
        "category": "Straßenbrunnen",
        "source": "Öffentlicher Datensatz Berlins"
      }
    },
    {
      "type": "Feature",
      "geometry": {
        "type": "Point",
        "coordinates": [
          13.42431509,
          52.50206352
        ]
      },
      "properties": {
        "name": "Brunnen",
        "info": "Brunnentyp: Zierbrunnen",
        "category": "Straßenbrunnen",
        "source": "Öffentlicher Datensatz Berlins"
      }
    },
    {
      "type": "Feature",
      "geometry": {
        "type": "Point",
        "coordinates": [
          13.39177924,
          52.49897474
        ]
      },
      "properties": {
        "name": "Brunnen",
        "info": "Brunnentyp: Zierbrunnen",
        "category": "Straßenbrunnen",
        "source": "Öffentlicher Datensatz Berlins"
      }
    },
    {
      "type": "Feature",
      "geometry": {
        "type": "Point",
        "coordinates": [
          13.44008609,
          52.49626656
        ]
      },
      "properties": {
        "name": "Brunnen",
        "info": "Brunnentyp: Zierbrunnen",
        "category": "Straßenbrunnen",
        "source": "Öffentlicher Datensatz Berlins"
      }
    },
    {
      "type": "Feature",
      "geometry": {
        "type": "Point",
        "coordinates": [
          13.43248653,
          52.49889806
        ]
      },
      "properties": {
        "name": "Brunnen",
        "info": "Brunnentyp: Zierbrunnen",
        "category": "Straßenbrunnen",
        "source": "Öffentlicher Datensatz Berlins"
      }
    },
    {
      "type": "Feature",
      "geometry": {
        "type": "Point",
        "coordinates": [
          13.41616647,
          52.50285496
        ]
      },
      "properties": {
        "name": "Brunnen",
        "info": "Brunnentyp: Zierbrunnen",
        "category": "Straßenbrunnen",
        "source": "Öffentlicher Datensatz Berlins"
      }
    },
    {
      "type": "Feature",
      "geometry": {
        "type": "Point",
        "coordinates": [
          13.42768476,
          52.52785437
        ]
      },
      "properties": {
        "name": "Brunnen",
        "info": "Brunnentyp: Zierbrunnen",
        "category": "Straßenbrunnen",
        "source": "Öffentlicher Datensatz Berlins"
      }
    },
    {
      "type": "Feature",
      "geometry": {
        "type": "Point",
        "coordinates": [
          13.44425824,
          52.49781435
        ]
      },
      "properties": {
        "name": "Brunnen",
        "info": "Brunnentyp: Zierbrunnen",
        "category": "Straßenbrunnen",
        "source": "Öffentlicher Datensatz Berlins"
      }
    },
    {
      "type": "Feature",
      "geometry": {
        "type": "Point",
        "coordinates": [
          13.38993645,
          52.50150512
        ]
      },
      "properties": {
        "name": "Brunnen",
        "info": "Brunnentyp: Zierbrunnen",
        "category": "Straßenbrunnen",
        "source": "Öffentlicher Datensatz Berlins"
      }
    },
    {
      "type": "Feature",
      "geometry": {
        "type": "Point",
        "coordinates": [
          13.3956833,
          52.48919564
        ]
      },
      "properties": {
        "name": "Brunnen",
        "info": "Brunnentyp: Zierbrunnen",
        "category": "Straßenbrunnen",
        "source": "Öffentlicher Datensatz Berlins"
      }
    },
    {
      "type": "Feature",
      "geometry": {
        "type": "Point",
        "coordinates": [
          13.39119822,
          52.48830236
        ]
      },
      "properties": {
        "name": "Brunnen",
        "info": "Brunnentyp: Zierbrunnen",
        "category": "Straßenbrunnen",
        "source": "Öffentlicher Datensatz Berlins"
      }
    },
    {
      "type": "Feature",
      "geometry": {
        "type": "Point",
        "coordinates": [
          13.37773344,
          52.50569186
        ]
      },
      "properties": {
        "name": "Brunnen",
        "info": "Brunnentyp: Zierbrunnen",
        "category": "Straßenbrunnen",
        "source": "Öffentlicher Datensatz Berlins"
      }
    },
    {
      "type": "Feature",
      "geometry": {
        "type": "Point",
        "coordinates": [
          13.40050118,
          52.49672665
        ]
      },
      "properties": {
        "name": "Brunnen",
        "info": "Brunnentyp: Zierbrunnen",
        "category": "Straßenbrunnen",
        "source": "Öffentlicher Datensatz Berlins"
      }
    },
    {
      "type": "Feature",
      "geometry": {
        "type": "Point",
        "coordinates": [
          13.43947227,
          52.49830076
        ]
      },
      "properties": {
        "name": "Brunnen",
        "info": "Brunnentyp: Zierbrunnen",
        "category": "Straßenbrunnen",
        "source": "Öffentlicher Datensatz Berlins"
      }
    },
    {
      "type": "Feature",
      "geometry": {
        "type": "Point",
        "coordinates": [
          13.40568839,
          52.50360819
        ]
      },
      "properties": {
        "name": "Brunnen",
        "info": "Brunnentyp: Zierbrunnen",
        "category": "Straßenbrunnen",
        "source": "Öffentlicher Datensatz Berlins"
      }
    },
    {
      "type": "Feature",
      "geometry": {
        "type": "Point",
        "coordinates": [
          13.43457416,
          52.52764853
        ]
      },
      "properties": {
        "name": "Brunnen",
        "info": "Brunnentyp: Zierbrunnen",
        "category": "Straßenbrunnen",
        "source": "Öffentlicher Datensatz Berlins"
      }
    },
    {
      "type": "Feature",
      "geometry": {
        "type": "Point",
        "coordinates": [
          13.42829821,
          52.51853911
        ]
      },
      "properties": {
        "name": "Brunnen",
        "info": "Brunnentyp: Zierbrunnen",
        "category": "Straßenbrunnen",
        "source": "Öffentlicher Datensatz Berlins"
      }
    },
    {
      "type": "Feature",
      "geometry": {
        "type": "Point",
        "coordinates": [
          13.43461995,
          52.51749887
        ]
      },
      "properties": {
        "name": "Brunnen",
        "info": "Brunnentyp: Zierbrunnen",
        "category": "Straßenbrunnen",
        "source": "Öffentlicher Datensatz Berlins"
      }
    },
    {
      "type": "Feature",
      "geometry": {
        "type": "Point",
        "coordinates": [
          13.39140298,
          52.50381327
        ]
      },
      "properties": {
        "name": "Brunnen",
        "info": "Brunnentyp: Zierbrunnen",
        "category": "Straßenbrunnen",
        "source": "Öffentlicher Datensatz Berlins"
      }
    },
    {
      "type": "Feature",
      "geometry": {
        "type": "Point",
        "coordinates": [
          13.45739949,
          52.51569654
        ]
      },
      "properties": {
        "name": "Brunnen",
        "info": "Brunnentyp: Zierbrunnen",
        "category": "Straßenbrunnen",
        "source": "Öffentlicher Datensatz Berlins"
      }
    },
    {
      "type": "Feature",
      "geometry": {
        "type": "Point",
        "coordinates": [
          13.46512654,
          52.50763369
        ]
      },
      "properties": {
        "name": "Brunnen",
        "info": "Brunnentyp: Zierbrunnen",
        "category": "Straßenbrunnen",
        "source": "Öffentlicher Datensatz Berlins"
      }
    },
    {
      "type": "Feature",
      "geometry": {
        "type": "Point",
        "coordinates": [
          13.46449535,
          52.51059795
        ]
      },
      "properties": {
        "name": "Brunnen",
        "info": "Brunnentyp: Zierbrunnen",
        "category": "Straßenbrunnen",
        "source": "Öffentlicher Datensatz Berlins"
      }
    },
    {
      "type": "Feature",
      "geometry": {
        "type": "Point",
        "coordinates": [
          13.4823352,
          52.51185743
        ]
      },
      "properties": {
        "name": "Brunnen",
        "info": "Brunnentyp: Zierbrunnen",
        "category": "Straßenbrunnen",
        "source": "Öffentlicher Datensatz Berlins"
      }
    },
    {
      "type": "Feature",
      "geometry": {
        "type": "Point",
        "coordinates": [
          13.52115617,
          52.49798705
        ]
      },
      "properties": {
        "name": "Brunnen",
        "info": "Brunnentyp: Zierbrunnen",
        "category": "Straßenbrunnen",
        "source": "Öffentlicher Datensatz Berlins"
      }
    },
    {
      "type": "Feature",
      "geometry": {
        "type": "Point",
        "coordinates": [
          13.51984434,
          52.49724028
        ]
      },
      "properties": {
        "name": "Brunnen",
        "info": "Brunnentyp: Zierbrunnen",
        "category": "Straßenbrunnen",
        "source": "Öffentlicher Datensatz Berlins"
      }
    },
    {
      "type": "Feature",
      "geometry": {
        "type": "Point",
        "coordinates": [
          13.50653303,
          52.49381637
        ]
      },
      "properties": {
        "name": "Brunnen",
        "info": "Brunnentyp: Zierbrunnen",
        "category": "Straßenbrunnen",
        "source": "Öffentlicher Datensatz Berlins"
      }
    },
    {
      "type": "Feature",
      "geometry": {
        "type": "Point",
        "coordinates": [
          13.521855,
          52.50805304
        ]
      },
      "properties": {
        "name": "Brunnen",
        "info": "Brunnentyp: Zierbrunnen",
        "category": "Straßenbrunnen",
        "source": "Öffentlicher Datensatz Berlins"
      }
    },
    {
      "type": "Feature",
      "geometry": {
        "type": "Point",
        "coordinates": [
          13.47177195,
          52.52937996
        ]
      },
      "properties": {
        "name": "Brunnen",
        "info": "Brunnentyp: Zierbrunnen",
        "category": "Straßenbrunnen",
        "source": "Öffentlicher Datensatz Berlins"
      }
    },
    {
      "type": "Feature",
      "geometry": {
        "type": "Point",
        "coordinates": [
          13.47152412,
          52.5301743
        ]
      },
      "properties": {
        "name": "Brunnen",
        "info": "Brunnentyp: Zierbrunnen",
        "category": "Straßenbrunnen",
        "source": "Öffentlicher Datensatz Berlins"
      }
    },
    {
      "type": "Feature",
      "geometry": {
        "type": "Point",
        "coordinates": [
          13.46932498,
          52.53318184
        ]
      },
      "properties": {
        "name": "Brunnen",
        "info": "Brunnentyp: Zierbrunnen",
        "category": "Straßenbrunnen",
        "source": "Öffentlicher Datensatz Berlins"
      }
    },
    {
      "type": "Feature",
      "geometry": {
        "type": "Point",
        "coordinates": [
          13.49564988,
          52.53458806
        ]
      },
      "properties": {
        "name": "Brunnen",
        "info": "Brunnentyp: Zierbrunnen",
        "category": "Straßenbrunnen",
        "source": "Öffentlicher Datensatz Berlins"
      }
    },
    {
      "type": "Feature",
      "geometry": {
        "type": "Point",
        "coordinates": [
          13.486158,
          52.53526004
        ]
      },
      "properties": {
        "name": "Brunnen",
        "info": "Brunnentyp: Zierbrunnen",
        "category": "Straßenbrunnen",
        "source": "Öffentlicher Datensatz Berlins"
      }
    },
    {
      "type": "Feature",
      "geometry": {
        "type": "Point",
        "coordinates": [
          13.50943465,
          52.56093321
        ]
      },
      "properties": {
        "name": "Brunnen",
        "info": "Brunnentyp: Zierbrunnen",
        "category": "Straßenbrunnen",
        "source": "Öffentlicher Datensatz Berlins"
      }
    },
    {
      "type": "Feature",
      "geometry": {
        "type": "Point",
        "coordinates": [
          13.50253865,
          52.56614038
        ]
      },
      "properties": {
        "name": "Brunnen",
        "info": "Brunnentyp: Zierbrunnen",
        "category": "Straßenbrunnen",
        "source": "Öffentlicher Datensatz Berlins"
      }
    },
    {
      "type": "Feature",
      "geometry": {
        "type": "Point",
        "coordinates": [
          13.50839229,
          52.56576468
        ]
      },
      "properties": {
        "name": "Brunnen",
        "info": "Brunnentyp: Zierbrunnen",
        "category": "Straßenbrunnen",
        "source": "Öffentlicher Datensatz Berlins"
      }
    },
    {
      "type": "Feature",
      "geometry": {
        "type": "Point",
        "coordinates": [
          13.54457139,
          52.52190661
        ]
      },
      "properties": {
        "name": "Brunnen",
        "info": "Brunnentyp: Zierbrunnen",
        "category": "Straßenbrunnen",
        "source": "Öffentlicher Datensatz Berlins"
      }
    },
    {
      "type": "Feature",
      "geometry": {
        "type": "Point",
        "coordinates": [
          13.584209,
          52.52074604
        ]
      },
      "properties": {
        "name": "Brunnen",
        "info": "Brunnentyp: Zierbrunnen",
        "category": "Straßenbrunnen",
        "source": "Öffentlicher Datensatz Berlins"
      }
    },
    {
      "type": "Feature",
      "geometry": {
        "type": "Point",
        "coordinates": [
          13.573585,
          52.54267404
        ]
      },
      "properties": {
        "name": "Brunnen",
        "info": "Brunnentyp: Zierbrunnen",
        "category": "Straßenbrunnen",
        "source": "Öffentlicher Datensatz Berlins"
      }
    },
    {
      "type": "Feature",
      "geometry": {
        "type": "Point",
        "coordinates": [
          13.605154,
          52.53739604
        ]
      },
      "properties": {
        "name": "Brunnen",
        "info": "Brunnentyp: Zierbrunnen",
        "category": "Straßenbrunnen",
        "source": "Öffentlicher Datensatz Berlins"
      }
    },
    {
      "type": "Feature",
      "geometry": {
        "type": "Point",
        "coordinates": [
          13.556297,
          52.55298704
        ]
      },
      "properties": {
        "name": "Brunnen",
        "info": "Brunnentyp: Zierbrunnen",
        "category": "Straßenbrunnen",
        "source": "Öffentlicher Datensatz Berlins"
      }
    },
    {
      "type": "Feature",
      "geometry": {
        "type": "Point",
        "coordinates": [
          13.565073,
          52.51036004
        ]
      },
      "properties": {
        "name": "Brunnen",
        "info": "Brunnentyp: Zierbrunnen",
        "category": "Straßenbrunnen",
        "source": "Öffentlicher Datensatz Berlins"
      }
    },
    {
      "type": "Feature",
      "geometry": {
        "type": "Point",
        "coordinates": [
          13.580688,
          52.55294804
        ]
      },
      "properties": {
        "name": "Brunnen",
        "info": "Brunnentyp: Zierbrunnen",
        "category": "Straßenbrunnen",
        "source": "Öffentlicher Datensatz Berlins"
      }
    },
    {
      "type": "Feature",
      "geometry": {
        "type": "Point",
        "coordinates": [
          13.595048,
          52.53898504
        ]
      },
      "properties": {
        "name": "Brunnen",
        "info": "Brunnentyp: Zierbrunnen",
        "category": "Straßenbrunnen",
        "source": "Öffentlicher Datensatz Berlins"
      }
    },
    {
      "type": "Feature",
      "geometry": {
        "type": "Point",
        "coordinates": [
          13.543476,
          52.52193104
        ]
      },
      "properties": {
        "name": "Brunnen",
        "info": "Brunnentyp: Zierbrunnen",
        "category": "Straßenbrunnen",
        "source": "Öffentlicher Datensatz Berlins"
      }
    },
    {
      "type": "Feature",
      "geometry": {
        "type": "Point",
        "coordinates": [
          13.53947325,
          52.5275332
        ]
      },
      "properties": {
        "name": "Brunnen",
        "info": "Brunnentyp: Zierbrunnen",
        "category": "Straßenbrunnen",
        "source": "Öffentlicher Datensatz Berlins"
      }
    },
    {
      "type": "Feature",
      "geometry": {
        "type": "Point",
        "coordinates": [
          13.554107,
          52.53797404
        ]
      },
      "properties": {
        "name": "Brunnen",
        "info": "Brunnentyp: Zierbrunnen",
        "category": "Straßenbrunnen",
        "source": "Öffentlicher Datensatz Berlins"
      }
    },
    {
      "type": "Feature",
      "geometry": {
        "type": "Point",
        "coordinates": [
          13.569059,
          52.55307504
        ]
      },
      "properties": {
        "name": "Brunnen",
        "info": "Brunnentyp: Zierbrunnen",
        "category": "Straßenbrunnen",
        "source": "Öffentlicher Datensatz Berlins"
      }
    },
    {
      "type": "Feature",
      "geometry": {
        "type": "Point",
        "coordinates": [
          13.54536575,
          52.54295001
        ]
      },
      "properties": {
        "name": "Brunnen",
        "info": "Brunnentyp: Zierbrunnen",
        "category": "Straßenbrunnen",
        "source": "Öffentlicher Datensatz Berlins"
      }
    },
    {
      "type": "Feature",
      "geometry": {
        "type": "Point",
        "coordinates": [
          13.55186244,
          52.54539844
        ]
      },
      "properties": {
        "name": "Brunnen",
        "info": "Brunnentyp: Zierbrunnen",
        "category": "Straßenbrunnen",
        "source": "Öffentlicher Datensatz Berlins"
      }
    },
    {
      "type": "Feature",
      "geometry": {
        "type": "Point",
        "coordinates": [
          13.562884,
          52.55462604
        ]
      },
      "properties": {
        "name": "Brunnen",
        "info": "Brunnentyp: Zierbrunnen",
        "category": "Straßenbrunnen",
        "source": "Öffentlicher Datensatz Berlins"
      }
    },
    {
      "type": "Feature",
      "geometry": {
        "type": "Point",
        "coordinates": [
          13.55523753,
          52.54642764
        ]
      },
      "properties": {
        "name": "Brunnen",
        "info": "Brunnentyp: Zierbrunnen",
        "category": "Straßenbrunnen",
        "source": "Öffentlicher Datensatz Berlins"
      }
    },
    {
      "type": "Feature",
      "geometry": {
        "type": "Point",
        "coordinates": [
          13.4068543,
          52.51961078
        ]
      },
      "properties": {
        "name": "Brunnen",
        "info": "Brunnentyp: Zierbrunnen",
        "category": "Straßenbrunnen",
        "source": "Öffentlicher Datensatz Berlins"
      }
    },
    {
      "type": "Feature",
      "geometry": {
        "type": "Point",
        "coordinates": [
          13.41479144,
          52.51330003
        ]
      },
      "properties": {
        "name": "Brunnen",
        "info": "Brunnentyp: Zierbrunnen",
        "category": "Straßenbrunnen",
        "source": "Öffentlicher Datensatz Berlins"
      }
    },
    {
      "type": "Feature",
      "geometry": {
        "type": "Point",
        "coordinates": [
          13.41754433,
          52.50475651
        ]
      },
      "properties": {
        "name": "Brunnen",
        "info": "Brunnentyp: Zierbrunnen",
        "category": "Straßenbrunnen",
        "source": "Öffentlicher Datensatz Berlins"
      }
    },
    {
      "type": "Feature",
      "geometry": {
        "type": "Point",
        "coordinates": [
          13.39787593,
          52.51935521
        ]
      },
      "properties": {
        "name": "Brunnen",
        "info": "Brunnentyp: Zierbrunnen",
        "category": "Straßenbrunnen",
        "source": "Öffentlicher Datensatz Berlins"
      }
    },
    {
      "type": "Feature",
      "geometry": {
        "type": "Point",
        "coordinates": [
          13.3996906,
          52.51858803
        ]
      },
      "properties": {
        "name": "Brunnen",
        "info": "Brunnentyp: Zierbrunnen",
        "category": "Straßenbrunnen",
        "source": "Öffentlicher Datensatz Berlins"
      }
    },
    {
      "type": "Feature",
      "geometry": {
        "type": "Point",
        "coordinates": [
          13.35266849,
          52.50500194
        ]
      },
      "properties": {
        "name": "Brunnen",
        "info": "Brunnentyp: Zierbrunnen",
        "category": "Straßenbrunnen",
        "source": "Öffentlicher Datensatz Berlins"
      }
    },
    {
      "type": "Feature",
      "geometry": {
        "type": "Point",
        "coordinates": [
          13.36944134,
          52.5446786
        ]
      },
      "properties": {
        "name": "Brunnen",
        "info": "Brunnentyp: Zierbrunnen",
        "category": "Straßenbrunnen",
        "source": "Öffentlicher Datensatz Berlins"
      }
    },
    {
      "type": "Feature",
      "geometry": {
        "type": "Point",
        "coordinates": [
          13.40823338,
          52.51679019
        ]
      },
      "properties": {
        "name": "Brunnen",
        "info": "Brunnentyp: Zierbrunnen",
        "category": "Straßenbrunnen",
        "source": "Öffentlicher Datensatz Berlins"
      }
    },
    {
      "type": "Feature",
      "geometry": {
        "type": "Point",
        "coordinates": [
          13.40687542,
          52.51668901
        ]
      },
      "properties": {
        "name": "Brunnen",
        "info": "Brunnentyp: Zierbrunnen",
        "category": "Straßenbrunnen",
        "source": "Öffentlicher Datensatz Berlins"
      }
    },
    {
      "type": "Feature",
      "geometry": {
        "type": "Point",
        "coordinates": [
          13.34073794,
          52.50559848
        ]
      },
      "properties": {
        "name": "Brunnen",
        "info": "Brunnentyp: Zierbrunnen",
        "category": "Straßenbrunnen",
        "source": "Öffentlicher Datensatz Berlins"
      }
    },
    {
      "type": "Feature",
      "geometry": {
        "type": "Point",
        "coordinates": [
          13.39514512,
          52.53257221
        ]
      },
      "properties": {
        "name": "Brunnen",
        "info": "Brunnentyp: Zierbrunnen",
        "category": "Straßenbrunnen",
        "source": "Öffentlicher Datensatz Berlins"
      }
    },
    {
      "type": "Feature",
      "geometry": {
        "type": "Point",
        "coordinates": [
          13.4127763,
          52.52203307
        ]
      },
      "properties": {
        "name": "Brunnen",
        "info": "Brunnentyp: Zierbrunnen",
        "category": "Straßenbrunnen",
        "source": "Öffentlicher Datensatz Berlins"
      }
    },
    {
      "type": "Feature",
      "geometry": {
        "type": "Point",
        "coordinates": [
          13.37893663,
          52.5160248
        ]
      },
      "properties": {
        "name": "Brunnen",
        "info": "Brunnentyp: Zierbrunnen",
        "category": "Straßenbrunnen",
        "source": "Öffentlicher Datensatz Berlins"
      }
    },
    {
      "type": "Feature",
      "geometry": {
        "type": "Point",
        "coordinates": [
          13.37156557,
          52.52013597
        ]
      },
      "properties": {
        "name": "Brunnen",
        "info": "Brunnentyp: Zierbrunnen",
        "category": "Straßenbrunnen",
        "source": "Öffentlicher Datensatz Berlins"
      }
    },
    {
      "type": "Feature",
      "geometry": {
        "type": "Point",
        "coordinates": [
          13.33091247,
          52.54974301
        ]
      },
      "properties": {
        "name": "Brunnen",
        "info": "Brunnentyp: Zierbrunnen",
        "category": "Straßenbrunnen",
        "source": "Öffentlicher Datensatz Berlins"
      }
    },
    {
      "type": "Feature",
      "geometry": {
        "type": "Point",
        "coordinates": [
          13.4189541,
          52.51571747
        ]
      },
      "properties": {
        "name": "Brunnen",
        "info": "Brunnentyp: Zierbrunnen",
        "category": "Straßenbrunnen",
        "source": "Öffentlicher Datensatz Berlins"
      }
    },
    {
      "type": "Feature",
      "geometry": {
        "type": "Point",
        "coordinates": [
          13.40102485,
          52.51198698
        ]
      },
      "properties": {
        "name": "Brunnen",
        "info": "Brunnentyp: Zierbrunnen",
        "category": "Straßenbrunnen",
        "source": "Öffentlicher Datensatz Berlins"
      }
    },
    {
      "type": "Feature",
      "geometry": {
        "type": "Point",
        "coordinates": [
          13.39866026,
          52.54109852
        ]
      },
      "properties": {
        "name": "Brunnen",
        "info": "Brunnentyp: Zierbrunnen",
        "category": "Straßenbrunnen",
        "source": "Öffentlicher Datensatz Berlins"
      }
    },
    {
      "type": "Feature",
      "geometry": {
        "type": "Point",
        "coordinates": [
          13.39879559,
          52.54130474
        ]
      },
      "properties": {
        "name": "Brunnen",
        "info": "Brunnentyp: Zierbrunnen",
        "category": "Straßenbrunnen",
        "source": "Öffentlicher Datensatz Berlins"
      }
    },
    {
      "type": "Feature",
      "geometry": {
        "type": "Point",
        "coordinates": [
          13.39813692,
          52.51561088
        ]
      },
      "properties": {
        "name": "Brunnen",
        "info": "Brunnentyp: Zierbrunnen",
        "category": "Straßenbrunnen",
        "source": "Öffentlicher Datensatz Berlins"
      }
    },
    {
      "type": "Feature",
      "geometry": {
        "type": "Point",
        "coordinates": [
          13.39855693,
          52.51672899
        ]
      },
      "properties": {
        "name": "Brunnen",
        "info": "Brunnentyp: Zierbrunnen",
        "category": "Straßenbrunnen",
        "source": "Öffentlicher Datensatz Berlins"
      }
    },
    {
      "type": "Feature",
      "geometry": {
        "type": "Point",
        "coordinates": [
          13.39654448,
          52.51306543
        ]
      },
      "properties": {
        "name": "Brunnen",
        "info": "Brunnentyp: Zierbrunnen",
        "category": "Straßenbrunnen",
        "source": "Öffentlicher Datensatz Berlins"
      }
    },
    {
      "type": "Feature",
      "geometry": {
        "type": "Point",
        "coordinates": [
          13.4081744,
          52.52022859
        ]
      },
      "properties": {
        "name": "Brunnen",
        "info": "Brunnentyp: Zierbrunnen",
        "category": "Straßenbrunnen",
        "source": "Öffentlicher Datensatz Berlins"
      }
    },
    {
      "type": "Feature",
      "geometry": {
        "type": "Point",
        "coordinates": [
          13.35729518,
          52.51359317
        ]
      },
      "properties": {
        "name": "Brunnen",
        "info": "Brunnentyp: Zierbrunnen",
        "category": "Straßenbrunnen",
        "source": "Öffentlicher Datensatz Berlins"
      }
    },
    {
      "type": "Feature",
      "geometry": {
        "type": "Point",
        "coordinates": [
          13.37496819,
          52.51205304
        ]
      },
      "properties": {
        "name": "Brunnen",
        "info": "Brunnentyp: Zierbrunnen",
        "category": "Straßenbrunnen",
        "source": "Öffentlicher Datensatz Berlins"
      }
    },
    {
      "type": "Feature",
      "geometry": {
        "type": "Point",
        "coordinates": [
          13.38548549,
          52.51996862
        ]
      },
      "properties": {
        "name": "Brunnen",
        "info": "Brunnentyp: Zierbrunnen",
        "category": "Straßenbrunnen",
        "source": "Öffentlicher Datensatz Berlins"
      }
    },
    {
      "type": "Feature",
      "geometry": {
        "type": "Point",
        "coordinates": [
          13.39551613,
          52.52395761
        ]
      },
      "properties": {
        "name": "Brunnen",
        "info": "Brunnentyp: Zierbrunnen",
        "category": "Straßenbrunnen",
        "source": "Öffentlicher Datensatz Berlins"
      }
    },
    {
      "type": "Feature",
      "geometry": {
        "type": "Point",
        "coordinates": [
          13.40823673,
          52.52253431
        ]
      },
      "properties": {
        "name": "Brunnen",
        "info": "Brunnentyp: Zierbrunnen",
        "category": "Straßenbrunnen",
        "source": "Öffentlicher Datensatz Berlins"
      }
    },
    {
      "type": "Feature",
      "geometry": {
        "type": "Point",
        "coordinates": [
          13.3311209,
          52.52917502
        ]
      },
      "properties": {
        "name": "Brunnen",
        "info": "Brunnentyp: Zierbrunnen",
        "category": "Straßenbrunnen",
        "source": "Öffentlicher Datensatz Berlins"
      }
    },
    {
      "type": "Feature",
      "geometry": {
        "type": "Point",
        "coordinates": [
          13.36053252,
          52.50362521
        ]
      },
      "properties": {
        "name": "Brunnen",
        "info": "Brunnentyp: Zierbrunnen",
        "category": "Straßenbrunnen",
        "source": "Öffentlicher Datensatz Berlins"
      }
    },
    {
      "type": "Feature",
      "geometry": {
        "type": "Point",
        "coordinates": [
          13.344229,
          52.52576843
        ]
      },
      "properties": {
        "name": "Brunnen",
        "info": "Brunnentyp: Zierbrunnen",
        "category": "Straßenbrunnen",
        "source": "Öffentlicher Datensatz Berlins"
      }
    },
    {
      "type": "Feature",
      "geometry": {
        "type": "Point",
        "coordinates": [
          13.3701456,
          52.54049681
        ]
      },
      "properties": {
        "name": "Brunnen",
        "info": "Brunnentyp: Zierbrunnen",
        "category": "Straßenbrunnen",
        "source": "Öffentlicher Datensatz Berlins"
      }
    },
    {
      "type": "Feature",
      "geometry": {
        "type": "Point",
        "coordinates": [
          13.36682384,
          52.53330576
        ]
      },
      "properties": {
        "name": "Brunnen",
        "info": "Brunnentyp: Zierbrunnen",
        "category": "Straßenbrunnen",
        "source": "Öffentlicher Datensatz Berlins"
      }
    },
    {
      "type": "Feature",
      "geometry": {
        "type": "Point",
        "coordinates": [
          13.40196398,
          52.53727242
        ]
      },
      "properties": {
        "name": "Brunnen",
        "info": "Brunnentyp: Zierbrunnen",
        "category": "Straßenbrunnen",
        "source": "Öffentlicher Datensatz Berlins"
      }
    },
    {
      "type": "Feature",
      "geometry": {
        "type": "Point",
        "coordinates": [
          13.36608748,
          52.55761724
        ]
      },
      "properties": {
        "name": "Brunnen",
        "info": "Brunnentyp: Zierbrunnen",
        "category": "Straßenbrunnen",
        "source": "Öffentlicher Datensatz Berlins"
      }
    },
    {
      "type": "Feature",
      "geometry": {
        "type": "Point",
        "coordinates": [
          13.34233662,
          52.51702993
        ]
      },
      "properties": {
        "name": "Brunnen",
        "info": "Brunnentyp: Zierbrunnen",
        "category": "Straßenbrunnen",
        "source": "Öffentlicher Datensatz Berlins"
      }
    },
    {
      "type": "Feature",
      "geometry": {
        "type": "Point",
        "coordinates": [
          13.37654861,
          52.55027571
        ]
      },
      "properties": {
        "name": "Brunnen",
        "info": "Brunnentyp: Zierbrunnen",
        "category": "Straßenbrunnen",
        "source": "Öffentlicher Datensatz Berlins"
      }
    },
    {
      "type": "Feature",
      "geometry": {
        "type": "Point",
        "coordinates": [
          13.35924848,
          52.51706448
        ]
      },
      "properties": {
        "name": "Brunnen",
        "info": "Brunnentyp: Zierbrunnen",
        "category": "Straßenbrunnen",
        "source": "Öffentlicher Datensatz Berlins"
      }
    },
    {
      "type": "Feature",
      "geometry": {
        "type": "Point",
        "coordinates": [
          13.34794125,
          52.51684474
        ]
      },
      "properties": {
        "name": "Brunnen",
        "info": "Brunnentyp: Zierbrunnen",
        "category": "Straßenbrunnen",
        "source": "Öffentlicher Datensatz Berlins"
      }
    },
    {
      "type": "Feature",
      "geometry": {
        "type": "Point",
        "coordinates": [
          13.38699319,
          52.54729951
        ]
      },
      "properties": {
        "name": "Brunnen",
        "info": "Brunnentyp: Zierbrunnen",
        "category": "Straßenbrunnen",
        "source": "Öffentlicher Datensatz Berlins"
      }
    },
    {
      "type": "Feature",
      "geometry": {
        "type": "Point",
        "coordinates": [
          13.37633672,
          52.52938201
        ]
      },
      "properties": {
        "name": "Brunnen",
        "info": "Brunnentyp: Zierbrunnen",
        "category": "Straßenbrunnen",
        "source": "Öffentlicher Datensatz Berlins"
      }
    },
    {
      "type": "Feature",
      "geometry": {
        "type": "Point",
        "coordinates": [
          13.46364526,
          52.42436427
        ]
      },
      "properties": {
        "name": "Brunnen",
        "info": "Brunnentyp: Zierbrunnen",
        "category": "Straßenbrunnen",
        "source": "Öffentlicher Datensatz Berlins"
      }
    },
    {
      "type": "Feature",
      "geometry": {
        "type": "Point",
        "coordinates": [
          13.41631,
          52.48314004
        ]
      },
      "properties": {
        "name": "Brunnen",
        "info": "Brunnentyp: Zierbrunnen",
        "category": "Straßenbrunnen",
        "source": "Öffentlicher Datensatz Berlins"
      }
    },
    {
      "type": "Feature",
      "geometry": {
        "type": "Point",
        "coordinates": [
          13.43942,
          52.44724004
        ]
      },
      "properties": {
        "name": "Brunnen",
        "info": "Brunnentyp: Zierbrunnen",
        "category": "Straßenbrunnen",
        "source": "Öffentlicher Datensatz Berlins"
      }
    },
    {
      "type": "Feature",
      "geometry": {
        "type": "Point",
        "coordinates": [
          13.43855,
          52.47143004
        ]
      },
      "properties": {
        "name": "Brunnen",
        "info": "Brunnentyp: Zierbrunnen",
        "category": "Straßenbrunnen",
        "source": "Öffentlicher Datensatz Berlins"
      }
    },
    {
      "type": "Feature",
      "geometry": {
        "type": "Point",
        "coordinates": [
          13.47099,
          52.46740004
        ]
      },
      "properties": {
        "name": "Brunnen",
        "info": "Brunnentyp: Zierbrunnen",
        "category": "Straßenbrunnen",
        "source": "Öffentlicher Datensatz Berlins"
      }
    },
    {
      "type": "Feature",
      "geometry": {
        "type": "Point",
        "coordinates": [
          13.43935,
          52.44677004
        ]
      },
      "properties": {
        "name": "Brunnen",
        "info": "Brunnentyp: Zierbrunnen",
        "category": "Straßenbrunnen",
        "source": "Öffentlicher Datensatz Berlins"
      }
    },
    {
      "type": "Feature",
      "geometry": {
        "type": "Point",
        "coordinates": [
          13.43538615,
          52.48115616
        ]
      },
      "properties": {
        "name": "Brunnen",
        "info": "Brunnentyp: Zierbrunnen",
        "category": "Straßenbrunnen",
        "source": "Öffentlicher Datensatz Berlins"
      }
    },
    {
      "type": "Feature",
      "geometry": {
        "type": "Point",
        "coordinates": [
          13.437167,
          52.53302804
        ]
      },
      "properties": {
        "name": "Brunnen",
        "info": "Brunnentyp: Zierbrunnen",
        "category": "Straßenbrunnen",
        "source": "Öffentlicher Datensatz Berlins"
      }
    },
    {
      "type": "Feature",
      "geometry": {
        "type": "Point",
        "coordinates": [
          13.408917,
          52.53183304
        ]
      },
      "properties": {
        "name": "Brunnen",
        "info": "Brunnentyp: Zierbrunnen",
        "category": "Straßenbrunnen",
        "source": "Öffentlicher Datensatz Berlins"
      }
    },
    {
      "type": "Feature",
      "geometry": {
        "type": "Point",
        "coordinates": [
          13.410417,
          52.55169404
        ]
      },
      "properties": {
        "name": "Brunnen",
        "info": "Brunnentyp: Zierbrunnen",
        "category": "Straßenbrunnen",
        "source": "Öffentlicher Datensatz Berlins"
      }
    },
    {
      "type": "Feature",
      "geometry": {
        "type": "Point",
        "coordinates": [
          13.396056,
          52.56936104
        ]
      },
      "properties": {
        "name": "Brunnen",
        "info": "Brunnentyp: Zierbrunnen",
        "category": "Straßenbrunnen",
        "source": "Öffentlicher Datensatz Berlins"
      }
    },
    {
      "type": "Feature",
      "geometry": {
        "type": "Point",
        "coordinates": [
          13.393556,
          52.57005604
        ]
      },
      "properties": {
        "name": "Brunnen",
        "info": "Brunnentyp: Zierbrunnen",
        "category": "Straßenbrunnen",
        "source": "Öffentlicher Datensatz Berlins"
      }
    },
    {
      "type": "Feature",
      "geometry": {
        "type": "Point",
        "coordinates": [
          13.409972,
          52.57063904
        ]
      },
      "properties": {
        "name": "Brunnen",
        "info": "Brunnentyp: Zierbrunnen",
        "category": "Straßenbrunnen",
        "source": "Öffentlicher Datensatz Berlins"
      }
    },
    {
      "type": "Feature",
      "geometry": {
        "type": "Point",
        "coordinates": [
          13.451083,
          52.54775004
        ]
      },
      "properties": {
        "name": "Brunnen",
        "info": "Brunnentyp: Zierbrunnen",
        "category": "Straßenbrunnen",
        "source": "Öffentlicher Datensatz Berlins"
      }
    },
    {
      "type": "Feature",
      "geometry": {
        "type": "Point",
        "coordinates": [
          13.485917,
          52.62127804
        ]
      },
      "properties": {
        "name": "Brunnen",
        "info": "Brunnentyp: Zierbrunnen",
        "category": "Straßenbrunnen",
        "source": "Öffentlicher Datensatz Berlins"
      }
    },
    {
      "type": "Feature",
      "geometry": {
        "type": "Point",
        "coordinates": [
          13.451056,
          52.54772204
        ]
      },
      "properties": {
        "name": "Brunnen",
        "info": "Brunnentyp: Zierbrunnen",
        "category": "Straßenbrunnen",
        "source": "Öffentlicher Datensatz Berlins"
      }
    },
    {
      "type": "Feature",
      "geometry": {
        "type": "Point",
        "coordinates": [
          13.418306,
          52.53394404
        ]
      },
      "properties": {
        "name": "Brunnen",
        "info": "Brunnentyp: Zierbrunnen",
        "category": "Straßenbrunnen",
        "source": "Öffentlicher Datensatz Berlins"
      }
    },
    {
      "type": "Feature",
      "geometry": {
        "type": "Point",
        "coordinates": [
          13.420917,
          52.60686104
        ]
      },
      "properties": {
        "name": "Brunnen",
        "info": "Brunnentyp: Zierbrunnen",
        "category": "Straßenbrunnen",
        "source": "Öffentlicher Datensatz Berlins"
      }
    },
    {
      "type": "Feature",
      "geometry": {
        "type": "Point",
        "coordinates": [
          13.444417,
          52.54247204
        ]
      },
      "properties": {
        "name": "Brunnen",
        "info": "Brunnentyp: Zierbrunnen",
        "category": "Straßenbrunnen",
        "source": "Öffentlicher Datensatz Berlins"
      }
    },
    {
      "type": "Feature",
      "geometry": {
        "type": "Point",
        "coordinates": [
          13.39825,
          52.57083304
        ]
      },
      "properties": {
        "name": "Brunnen",
        "info": "Brunnentyp: Zierbrunnen",
        "category": "Straßenbrunnen",
        "source": "Öffentlicher Datensatz Berlins"
      }
    },
    {
      "type": "Feature",
      "geometry": {
        "type": "Point",
        "coordinates": [
          13.429389,
          52.54777804
        ]
      },
      "properties": {
        "name": "Brunnen",
        "info": "Brunnentyp: Zierbrunnen",
        "category": "Straßenbrunnen",
        "source": "Öffentlicher Datensatz Berlins"
      }
    },
    {
      "type": "Feature",
      "geometry": {
        "type": "Point",
        "coordinates": [
          13.432361,
          52.53927804
        ]
      },
      "properties": {
        "name": "Brunnen",
        "info": "Brunnentyp: Zierbrunnen",
        "category": "Straßenbrunnen",
        "source": "Öffentlicher Datensatz Berlins"
      }
    },
    {
      "type": "Feature",
      "geometry": {
        "type": "Point",
        "coordinates": [
          13.436806,
          52.53883304
        ]
      },
      "properties": {
        "name": "Brunnen",
        "info": "Brunnentyp: Zierbrunnen",
        "category": "Straßenbrunnen",
        "source": "Öffentlicher Datensatz Berlins"
      }
    },
    {
      "type": "Feature",
      "geometry": {
        "type": "Point",
        "coordinates": [
          13.424889,
          52.53938904
        ]
      },
      "properties": {
        "name": "Brunnen",
        "info": "Brunnentyp: Zierbrunnen",
        "category": "Straßenbrunnen",
        "source": "Öffentlicher Datensatz Berlins"
      }
    },
    {
      "type": "Feature",
      "geometry": {
        "type": "Point",
        "coordinates": [
          13.404556,
          52.54619404
        ]
      },
      "properties": {
        "name": "Brunnen",
        "info": "Brunnentyp: Zierbrunnen",
        "category": "Straßenbrunnen",
        "source": "Öffentlicher Datensatz Berlins"
      }
    },
    {
      "type": "Feature",
      "geometry": {
        "type": "Point",
        "coordinates": [
          13.415333,
          52.53186104
        ]
      },
      "properties": {
        "name": "Brunnen",
        "info": "Brunnentyp: Zierbrunnen",
        "category": "Straßenbrunnen",
        "source": "Öffentlicher Datensatz Berlins"
      }
    },
    {
      "type": "Feature",
      "geometry": {
        "type": "Point",
        "coordinates": [
          13.420194,
          52.54275004
        ]
      },
      "properties": {
        "name": "Brunnen",
        "info": "Brunnentyp: Zierbrunnen",
        "category": "Straßenbrunnen",
        "source": "Öffentlicher Datensatz Berlins"
      }
    },
    {
      "type": "Feature",
      "geometry": {
        "type": "Point",
        "coordinates": [
          13.28253949,
          52.58969727
        ]
      },
      "properties": {
        "name": "Brunnen",
        "info": "Brunnentyp: Zierbrunnen",
        "category": "Straßenbrunnen",
        "source": "Öffentlicher Datensatz Berlins"
      }
    },
    {
      "type": "Feature",
      "geometry": {
        "type": "Point",
        "coordinates": [
          13.29082451,
          52.63367475
        ]
      },
      "properties": {
        "name": "Brunnen",
        "info": "Brunnentyp: Zierbrunnen",
        "category": "Straßenbrunnen",
        "source": "Öffentlicher Datensatz Berlins"
      }
    },
    {
      "type": "Feature",
      "geometry": {
        "type": "Point",
        "coordinates": [
          13.37058381,
          52.56366556
        ]
      },
      "properties": {
        "name": "Brunnen",
        "info": "Brunnentyp: Zierbrunnen",
        "category": "Straßenbrunnen",
        "source": "Öffentlicher Datensatz Berlins"
      }
    },
    {
      "type": "Feature",
      "geometry": {
        "type": "Point",
        "coordinates": [
          13.28044347,
          52.62645089
        ]
      },
      "properties": {
        "name": "Brunnen",
        "info": "Brunnentyp: Zierbrunnen",
        "category": "Straßenbrunnen",
        "source": "Öffentlicher Datensatz Berlins"
      }
    },
    {
      "type": "Feature",
      "geometry": {
        "type": "Point",
        "coordinates": [
          13.29066698,
          52.63360612
        ]
      },
      "properties": {
        "name": "Brunnen",
        "info": "Brunnentyp: Zierbrunnen",
        "category": "Straßenbrunnen",
        "source": "Öffentlicher Datensatz Berlins"
      }
    },
    {
      "type": "Feature",
      "geometry": {
        "type": "Point",
        "coordinates": [
          13.28515406,
          52.63039291
        ]
      },
      "properties": {
        "name": "Brunnen",
        "info": "Brunnentyp: Zierbrunnen",
        "category": "Straßenbrunnen",
        "source": "Öffentlicher Datensatz Berlins"
      }
    },
    {
      "type": "Feature",
      "geometry": {
        "type": "Point",
        "coordinates": [
          13.36512643,
          52.56329148
        ]
      },
      "properties": {
        "name": "Brunnen",
        "info": "Brunnentyp: Zierbrunnen",
        "category": "Straßenbrunnen",
        "source": "Öffentlicher Datensatz Berlins"
      }
    },
    {
      "type": "Feature",
      "geometry": {
        "type": "Point",
        "coordinates": [
          13.28417208,
          52.58971487
        ]
      },
      "properties": {
        "name": "Brunnen",
        "info": "Brunnentyp: Zierbrunnen",
        "category": "Straßenbrunnen",
        "source": "Öffentlicher Datensatz Berlins"
      }
    },
    {
      "type": "Feature",
      "geometry": {
        "type": "Point",
        "coordinates": [
          13.32799428,
          52.5637812
        ]
      },
      "properties": {
        "name": "Brunnen",
        "info": "Brunnentyp: Zierbrunnen",
        "category": "Straßenbrunnen",
        "source": "Öffentlicher Datensatz Berlins"
      }
    },
    {
      "type": "Feature",
      "geometry": {
        "type": "Point",
        "coordinates": [
          13.28875455,
          52.63277275
        ]
      },
      "properties": {
        "name": "Brunnen",
        "info": "Brunnentyp: Zierbrunnen",
        "category": "Straßenbrunnen",
        "source": "Öffentlicher Datensatz Berlins"
      }
    },
    {
      "type": "Feature",
      "geometry": {
        "type": "Point",
        "coordinates": [
          13.28816878,
          52.63251616
        ]
      },
      "properties": {
        "name": "Brunnen",
        "info": "Brunnentyp: Zierbrunnen",
        "category": "Straßenbrunnen",
        "source": "Öffentlicher Datensatz Berlins"
      }
    },
    {
      "type": "Feature",
      "geometry": {
        "type": "Point",
        "coordinates": [
          13.35291837,
          52.59779509
        ]
      },
      "properties": {
        "name": "Brunnen",
        "info": "Brunnentyp: Zierbrunnen",
        "category": "Straßenbrunnen",
        "source": "Öffentlicher Datensatz Berlins"
      }
    },
    {
      "type": "Feature",
      "geometry": {
        "type": "Point",
        "coordinates": [
          13.30889069,
          52.59819812
        ]
      },
      "properties": {
        "name": "Brunnen",
        "info": "Brunnentyp: Zierbrunnen",
        "category": "Straßenbrunnen",
        "source": "Öffentlicher Datensatz Berlins"
      }
    },
    {
      "type": "Feature",
      "geometry": {
        "type": "Point",
        "coordinates": [
          13.19956341,
          52.53637949
        ]
      },
      "properties": {
        "name": "Brunnen",
        "info": "Brunnentyp: Zierbrunnen",
        "category": "Straßenbrunnen",
        "source": "Öffentlicher Datensatz Berlins"
      }
    },
    {
      "type": "Feature",
      "geometry": {
        "type": "Point",
        "coordinates": [
          13.20616082,
          52.53868257
        ]
      },
      "properties": {
        "name": "Brunnen",
        "info": "Brunnentyp: Zierbrunnen",
        "category": "Straßenbrunnen",
        "source": "Öffentlicher Datensatz Berlins"
      }
    },
    {
      "type": "Feature",
      "geometry": {
        "type": "Point",
        "coordinates": [
          13.21469947,
          52.56371038
        ]
      },
      "properties": {
        "name": "Brunnen",
        "info": "Brunnentyp: Zierbrunnen",
        "category": "Straßenbrunnen",
        "source": "Öffentlicher Datensatz Berlins"
      }
    },
    {
      "type": "Feature",
      "geometry": {
        "type": "Point",
        "coordinates": [
          13.26991276,
          52.53798817
        ]
      },
      "properties": {
        "name": "Brunnen",
        "info": "Brunnentyp: Zierbrunnen",
        "category": "Straßenbrunnen",
        "source": "Öffentlicher Datensatz Berlins"
      }
    },
    {
      "type": "Feature",
      "geometry": {
        "type": "Point",
        "coordinates": [
          13.3456128,
          52.44024349
        ]
      },
      "properties": {
        "name": "Brunnen",
        "info": "Brunnentyp: Zierbrunnen",
        "category": "Straßenbrunnen",
        "source": "Öffentlicher Datensatz Berlins"
      }
    },
    {
      "type": "Feature",
      "geometry": {
        "type": "Point",
        "coordinates": [
          13.23300229,
          52.43777745
        ]
      },
      "properties": {
        "name": "Brunnen",
        "info": "Brunnentyp: Zierbrunnen",
        "category": "Straßenbrunnen",
        "source": "Öffentlicher Datensatz Berlins"
      }
    },
    {
      "type": "Feature",
      "geometry": {
        "type": "Point",
        "coordinates": [
          13.25295181,
          52.43981319
        ]
      },
      "properties": {
        "name": "Brunnen",
        "info": "Brunnentyp: Zierbrunnen",
        "category": "Straßenbrunnen",
        "source": "Öffentlicher Datensatz Berlins"
      }
    },
    {
      "type": "Feature",
      "geometry": {
        "type": "Point",
        "coordinates": [
          13.25711588,
          52.43345273
        ]
      },
      "properties": {
        "name": "Brunnen",
        "info": "Brunnentyp: Zierbrunnen",
        "category": "Straßenbrunnen",
        "source": "Öffentlicher Datensatz Berlins"
      }
    },
    {
      "type": "Feature",
      "geometry": {
        "type": "Point",
        "coordinates": [
          13.335592,
          52.44852354
        ]
      },
      "properties": {
        "name": "Brunnen",
        "info": "Brunnentyp: Zierbrunnen",
        "category": "Straßenbrunnen",
        "source": "Öffentlicher Datensatz Berlins"
      }
    },
    {
      "type": "Feature",
      "geometry": {
        "type": "Point",
        "coordinates": [
          13.3423766,
          52.44919809
        ]
      },
      "properties": {
        "name": "Brunnen",
        "info": "Brunnentyp: Zierbrunnen",
        "category": "Straßenbrunnen",
        "source": "Öffentlicher Datensatz Berlins"
      }
    },
    {
      "type": "Feature",
      "geometry": {
        "type": "Point",
        "coordinates": [
          13.32153165,
          52.45699859
        ]
      },
      "properties": {
        "name": "Brunnen",
        "info": "Brunnentyp: Zierbrunnen",
        "category": "Straßenbrunnen",
        "source": "Öffentlicher Datensatz Berlins"
      }
    },
    {
      "type": "Feature",
      "geometry": {
        "type": "Point",
        "coordinates": [
          13.34328154,
          52.43862671
        ]
      },
      "properties": {
        "name": "Brunnen",
        "info": "Brunnentyp: Zierbrunnen",
        "category": "Straßenbrunnen",
        "source": "Öffentlicher Datensatz Berlins"
      }
    },
    {
      "type": "Feature",
      "geometry": {
        "type": "Point",
        "coordinates": [
          13.31204386,
          52.44277509
        ]
      },
      "properties": {
        "name": "Brunnen",
        "info": "Brunnentyp: Zierbrunnen",
        "category": "Straßenbrunnen",
        "source": "Öffentlicher Datensatz Berlins"
      }
    },
    {
      "type": "Feature",
      "geometry": {
        "type": "Point",
        "coordinates": [
          13.32433442,
          52.46136426
        ]
      },
      "properties": {
        "name": "Brunnen",
        "info": "Brunnentyp: Zierbrunnen",
        "category": "Straßenbrunnen",
        "source": "Öffentlicher Datensatz Berlins"
      }
    },
    {
      "type": "Feature",
      "geometry": {
        "type": "Point",
        "coordinates": [
          13.29405661,
          52.42209573
        ]
      },
      "properties": {
        "name": "Brunnen",
        "info": "Brunnentyp: Zierbrunnen",
        "category": "Straßenbrunnen",
        "source": "Öffentlicher Datensatz Berlins"
      }
    },
    {
      "type": "Feature",
      "geometry": {
        "type": "Point",
        "coordinates": [
          13.29052134,
          52.42062049
        ]
      },
      "properties": {
        "name": "Brunnen",
        "info": "Brunnentyp: Zierbrunnen",
        "category": "Straßenbrunnen",
        "source": "Öffentlicher Datensatz Berlins"
      }
    },
    {
      "type": "Feature",
      "geometry": {
        "type": "Point",
        "coordinates": [
          13.25772599,
          52.4353618
        ]
      },
      "properties": {
        "name": "Brunnen",
        "info": "Brunnentyp: Zierbrunnen",
        "category": "Straßenbrunnen",
        "source": "Öffentlicher Datensatz Berlins"
      }
    },
    {
      "type": "Feature",
      "geometry": {
        "type": "Point",
        "coordinates": [
          13.21971426,
          52.42412382
        ]
      },
      "properties": {
        "name": "Brunnen",
        "info": "Brunnentyp: Zierbrunnen",
        "category": "Straßenbrunnen",
        "source": "Öffentlicher Datensatz Berlins"
      }
    },
    {
      "type": "Feature",
      "geometry": {
        "type": "Point",
        "coordinates": [
          13.592087,
          52.44015504
        ]
      },
      "properties": {
        "name": "Brunnen",
        "info": "Brunnentyp: Zierbrunnen",
        "category": "Straßenbrunnen",
        "source": "Öffentlicher Datensatz Berlins"
      }
    },
    {
      "type": "Feature",
      "geometry": {
        "type": "Point",
        "coordinates": [
          13.553508,
          52.43523704
        ]
      },
      "properties": {
        "name": "Brunnen",
        "info": "Brunnentyp: Zierbrunnen",
        "category": "Straßenbrunnen",
        "source": "Öffentlicher Datensatz Berlins"
      }
    },
    {
      "type": "Feature",
      "geometry": {
        "type": "Point",
        "coordinates": [
          13.469539,
          52.49055704
        ]
      },
      "properties": {
        "name": "Brunnen",
        "info": "Brunnentyp: Zierbrunnen",
        "category": "Straßenbrunnen",
        "source": "Öffentlicher Datensatz Berlins"
      }
    },
    {
      "type": "Feature",
      "geometry": {
        "type": "Point",
        "coordinates": [
          13.676863,
          52.40698304
        ]
      },
      "properties": {
        "name": "Brunnen",
        "info": "Brunnentyp: Zierbrunnen",
        "category": "Straßenbrunnen",
        "source": "Öffentlicher Datensatz Berlins"
      }
    },
    {
      "type": "Feature",
      "geometry": {
        "type": "Point",
        "coordinates": [
          13.485385,
          52.46463404
        ]
      },
      "properties": {
        "name": "Brunnen",
        "info": "Brunnentyp: Zierbrunnen",
        "category": "Straßenbrunnen",
        "source": "Öffentlicher Datensatz Berlins"
      }
    },
    {
      "type": "Feature",
      "geometry": {
        "type": "Point",
        "coordinates": [
          13.547337,
          52.43787004
        ]
      },
      "properties": {
        "name": "Brunnen",
        "info": "Brunnentyp: Zierbrunnen",
        "category": "Straßenbrunnen",
        "source": "Öffentlicher Datensatz Berlins"
      }
    },
    {
      "type": "Feature",
      "geometry": {
        "type": "Point",
        "coordinates": [
          13.525166,
          52.40252104
        ]
      },
      "properties": {
        "name": "Brunnen",
        "info": "Brunnentyp: Zierbrunnen",
        "category": "Straßenbrunnen",
        "source": "Öffentlicher Datensatz Berlins"
      }
    },
    {
      "type": "Feature",
      "geometry": {
        "type": "Point",
        "coordinates": [
          13.62439961,
          52.4511049
        ]
      },
      "properties": {
        "name": "Brunnen",
        "info": "Brunnentyp: Zierbrunnen",
        "category": "Straßenbrunnen",
        "source": "Öffentlicher Datensatz Berlins"
      }
    },
    {
      "type": "Feature",
      "geometry": {
        "type": "Point",
        "coordinates": [
          13.57452,
          52.44407804
        ]
      },
      "properties": {
        "name": "Brunnen",
        "info": "Brunnentyp: Zierbrunnen",
        "category": "Straßenbrunnen",
        "source": "Öffentlicher Datensatz Berlins"
      }
    },
    {
      "type": "Feature",
      "geometry": {
        "type": "Point",
        "coordinates": [
          13.600158,
          52.43977304
        ]
      },
      "properties": {
        "name": "Brunnen",
        "info": "Brunnentyp: Zierbrunnen",
        "category": "Straßenbrunnen",
        "source": "Öffentlicher Datensatz Berlins"
      }
    },
    {
      "type": "Feature",
      "geometry": {
        "type": "Point",
        "coordinates": [
          13.468577,
          52.49142604
        ]
      },
      "properties": {
        "name": "Brunnen",
        "info": "Brunnentyp: Zierbrunnen",
        "category": "Straßenbrunnen",
        "source": "Öffentlicher Datensatz Berlins"
      }
    },
    {
      "type": "Feature",
      "geometry": {
        "type": "Point",
        "coordinates": [
          13.468855,
          52.49057004
        ]
      },
      "properties": {
        "name": "Brunnen",
        "info": "Brunnentyp: Zierbrunnen",
        "category": "Straßenbrunnen",
        "source": "Öffentlicher Datensatz Berlins"
      }
    },
    {
      "type": "Feature",
      "geometry": {
        "type": "Point",
        "coordinates": [
          13.476139,
          52.48826704
        ]
      },
      "properties": {
        "name": "Brunnen",
        "info": "Brunnentyp: Zierbrunnen",
        "category": "Straßenbrunnen",
        "source": "Öffentlicher Datensatz Berlins"
      }
    },
    {
      "type": "Feature",
      "geometry": {
        "type": "Point",
        "coordinates": [
          13.475075,
          52.47942204
        ]
      },
      "properties": {
        "name": "Brunnen",
        "info": "Brunnentyp: Zierbrunnen",
        "category": "Straßenbrunnen",
        "source": "Öffentlicher Datensatz Berlins"
      }
    },
    {
      "type": "Feature",
      "geometry": {
        "type": "Point",
        "coordinates": [
          13.547441,
          52.43795104
        ]
      },
      "properties": {
        "name": "Brunnen",
        "info": "Brunnentyp: Zierbrunnen",
        "category": "Straßenbrunnen",
        "source": "Öffentlicher Datensatz Berlins"
      }
    },
    {
      "type": "Feature",
      "geometry": {
        "type": "Point",
        "coordinates": [
          13.479348,
          52.48394504
        ]
      },
      "properties": {
        "name": "Brunnen",
        "info": "Brunnentyp: Zierbrunnen",
        "category": "Straßenbrunnen",
        "source": "Öffentlicher Datensatz Berlins"
      }
    },
    {
      "type": "Feature",
      "geometry": {
        "type": "Point",
        "coordinates": [
          13.35773845,
          52.49758165
        ]
      },
      "properties": {
        "name": "Brunnen",
        "info": "Brunnentyp: Zierbrunnen",
        "category": "Straßenbrunnen",
        "source": "Öffentlicher Datensatz Berlins"
      }
    },
    {
      "type": "Feature",
      "geometry": {
        "type": "Point",
        "coordinates": [
          13.34324713,
          52.50227909
        ]
      },
      "properties": {
        "name": "Brunnen",
        "info": "Brunnentyp: Zierbrunnen",
        "category": "Straßenbrunnen",
        "source": "Öffentlicher Datensatz Berlins"
      }
    },
    {
      "type": "Feature",
      "geometry": {
        "type": "Point",
        "coordinates": [
          13.34187346,
          52.49574049
        ]
      },
      "properties": {
        "name": "Brunnen",
        "info": "Brunnentyp: Zierbrunnen",
        "category": "Straßenbrunnen",
        "source": "Öffentlicher Datensatz Berlins"
      }
    },
    {
      "type": "Feature",
      "geometry": {
        "type": "Point",
        "coordinates": [
          13.34191738,
          52.47348094
        ]
      },
      "properties": {
        "name": "Brunnen",
        "info": "Brunnentyp: Zierbrunnen",
        "category": "Straßenbrunnen",
        "source": "Öffentlicher Datensatz Berlins"
      }
    },
    {
      "type": "Feature",
      "geometry": {
        "type": "Point",
        "coordinates": [
          13.34183647,
          52.4747436
        ]
      },
      "properties": {
        "name": "Brunnen",
        "info": "Brunnentyp: Zierbrunnen",
        "category": "Straßenbrunnen",
        "source": "Öffentlicher Datensatz Berlins"
      }
    },
    {
      "type": "Feature",
      "geometry": {
        "type": "Point",
        "coordinates": [
          13.34362389,
          52.47910614
        ]
      },
      "properties": {
        "name": "Brunnen",
        "info": "Brunnentyp: Zierbrunnen",
        "category": "Straßenbrunnen",
        "source": "Öffentlicher Datensatz Berlins"
      }
    },
    {
      "type": "Feature",
      "geometry": {
        "type": "Point",
        "coordinates": [
          13.34431295,
          52.47768862
        ]
      },
      "properties": {
        "name": "Brunnen",
        "info": "Brunnentyp: Zierbrunnen",
        "category": "Straßenbrunnen",
        "source": "Öffentlicher Datensatz Berlins"
      }
    },
    {
      "type": "Feature",
      "geometry": {
        "type": "Point",
        "coordinates": [
          13.32031511,
          52.47244468
        ]
      },
      "properties": {
        "name": "Brunnen",
        "info": "Brunnentyp: Zierbrunnen",
        "category": "Straßenbrunnen",
        "source": "Öffentlicher Datensatz Berlins"
      }
    },
    {
      "type": "Feature",
      "geometry": {
        "type": "Point",
        "coordinates": [
          13.35707791,
          52.48652544
        ]
      },
      "properties": {
        "name": "Brunnen",
        "info": "Brunnentyp: Zierbrunnen",
        "category": "Straßenbrunnen",
        "source": "Öffentlicher Datensatz Berlins"
      }
    },
    {
      "type": "Feature",
      "geometry": {
        "type": "Point",
        "coordinates": [
          13.38357493,
          52.46582897
        ]
      },
      "properties": {
        "name": "Brunnen",
        "info": "Brunnentyp: Zierbrunnen",
        "category": "Straßenbrunnen",
        "source": "Öffentlicher Datensatz Berlins"
      }
    },
    {
      "type": "Feature",
      "geometry": {
        "type": "Point",
        "coordinates": [
          13.38619129,
          52.46587083
        ]
      },
      "properties": {
        "name": "Brunnen",
        "info": "Brunnentyp: Zierbrunnen",
        "category": "Straßenbrunnen",
        "source": "Öffentlicher Datensatz Berlins"
      }
    },
    {
      "type": "Feature",
      "geometry": {
        "type": "Point",
        "coordinates": [
          13.34927056,
          52.49213714
        ]
      },
      "properties": {
        "name": "Brunnen",
        "info": "Brunnentyp: Zierbrunnen",
        "category": "Straßenbrunnen",
        "source": "Öffentlicher Datensatz Berlins"
      }
    },
    {
      "type": "Feature",
      "geometry": {
        "type": "Point",
        "coordinates": [
          13.37879357,
          52.47820696
        ]
      },
      "properties": {
        "name": "Brunnen",
        "info": "Brunnentyp: Zierbrunnen",
        "category": "Straßenbrunnen",
        "source": "Öffentlicher Datensatz Berlins"
      }
    },
    {
      "type": "Feature",
      "geometry": {
        "type": "Point",
        "coordinates": [
          13.37882404,
          52.4809687
        ]
      },
      "properties": {
        "name": "Brunnen",
        "info": "Brunnentyp: Zierbrunnen",
        "category": "Straßenbrunnen",
        "source": "Öffentlicher Datensatz Berlins"
      }
    },
    {
      "type": "Feature",
      "geometry": {
        "type": "Point",
        "coordinates": [
          13.37057932,
          52.41114396
        ]
      },
      "properties": {
        "name": "Brunnen",
        "info": "Brunnentyp: Zierbrunnen",
        "category": "Straßenbrunnen",
        "source": "Öffentlicher Datensatz Berlins"
      }
    },
    {
      "type": "Feature",
      "geometry": {
        "type": "Point",
        "coordinates": [
          13.33514966,
          52.47567015
        ]
      },
      "properties": {
        "name": "Brunnen",
        "info": "Brunnentyp: Zierbrunnen",
        "category": "Straßenbrunnen",
        "source": "Öffentlicher Datensatz Berlins"
      }
    },
    {
      "type": "Feature",
      "geometry": {
        "type": "Point",
        "coordinates": [
          13.35942203,
          52.49725038
        ]
      },
      "properties": {
        "name": "Brunnen",
        "info": "Brunnentyp: Zierbrunnen",
        "category": "Straßenbrunnen",
        "source": "Öffentlicher Datensatz Berlins"
      }
    },
    {
      "type": "Feature",
      "geometry": {
        "type": "Point",
        "coordinates": [
          13.36307307,
          52.49554669
        ]
      },
      "properties": {
        "name": "Brunnen",
        "info": "Brunnentyp: Zierbrunnen",
        "category": "Straßenbrunnen",
        "source": "Öffentlicher Datensatz Berlins"
      }
    },
    {
      "type": "Feature",
      "geometry": {
        "type": "Point",
        "coordinates": [
          13.35492557,
          52.49815567
        ]
      },
      "properties": {
        "name": "Brunnen",
        "info": "Brunnentyp: Zierbrunnen",
        "category": "Straßenbrunnen",
        "source": "Öffentlicher Datensatz Berlins"
      }
    },
    {
      "type": "Feature",
      "geometry": {
        "type": "Point",
        "coordinates": [
          13.36072649,
          52.48812029
        ]
      },
      "properties": {
        "name": "Brunnen",
        "info": "Brunnentyp: Zierbrunnen",
        "category": "Straßenbrunnen",
        "source": "Öffentlicher Datensatz Berlins"
      }
    },
    {
      "type": "Feature",
      "geometry": {
        "type": "Point",
        "coordinates": [
          13.3400112,
          52.48904108
        ]
      },
      "properties": {
        "name": "Brunnen",
        "info": "Brunnentyp: Zierbrunnen",
        "category": "Straßenbrunnen",
        "source": "Öffentlicher Datensatz Berlins"
      }
    },
    {
      "type": "Feature",
      "geometry": {
        "type": "Point",
        "coordinates": [
          13.34400508,
          52.48336519
        ]
      },
      "properties": {
        "name": "Brunnen",
        "info": "Brunnentyp: Zierbrunnen",
        "category": "Straßenbrunnen",
        "source": "Öffentlicher Datensatz Berlins"
      }
    },
    {
      "type": "Feature",
      "geometry": {
        "type": "Point",
        "coordinates": [
          13.34271984,
          52.50136446
        ]
      },
      "properties": {
        "name": "Brunnen",
        "info": "Brunnentyp: Zierbrunnen",
        "category": "Straßenbrunnen",
        "source": "Öffentlicher Datensatz Berlins"
      }
    }
  ]
}
